time,pm2_5,nitrogen_dioxide,carbon_monoxide,temperature_2m,relative_humidity_2m,wind_speed_10m,precipitation,surface_pressure,boundary_layer_height
2025-08-01T00:00:00,15.3,18.6,200.0,20.9,72,4.8,0.0,997.2,155.0
2025-08-01T01:00:00,16.1,16.7,193.0,20.6,72,5.6,0.0,996.6,125.0
2025-08-01T02:00:00,18.5,16.6,192.0,20.0,79,4.1,0.0,996.3,85.0
2025-08-01T03:00:00,19.4,18.1,203.0,19.5,83,7.7,0.0,996.6,170.0
2025-08-01T04:00:00,19.6,19.5,219.0,18.7,88,5.5,0.0,996.4,145.0
2025-08-01T05:00:00,18.9,17.9,219.0,18.7,87,5.6,0.0,996.5,220.0
2025-08-01T06:00:00,14.1,22.3,225.0,19.4,81,7.0,0.0,997.1,350.0
2025-08-01T07:00:00,10.9,23.1,220.0,20.6,73,8.4,0.0,997.3,560.0
2025-08-01T08:00:00,12.7,17.5,208.0,21.3,69,8.1,0.0,997.5,615.0
2025-08-01T09:00:00,12.9,10.9,196.0,22.1,67,8.0,0.0,997.3,700.0
2025-08-01T10:00:00,12.3,7.9,192.0,23.1,64,5.9,0.0,997.0,715.0
2025-08-01T11:00:00,10.6,6.3,192.0,24.2,61,3.1,0.0,996.5,825.0
2025-08-01T12:00:00,10.4,5.4,188.0,24.9,58,4.8,0.0,995.8,895.0
2025-08-01T13:00:00,10.9,4.9,185.0,25.0,63,3.2,0.0,995.0,755.0
2025-08-01T14:00:00,9.6,5.1,184.0,25.5,61,4.9,0.1,994.5,810.0
2025-08-01T15:00:00,10.9,6.8,184.0,25.4,60,5.6,0.0,994.2,660.0
2025-08-01T16:00:00,11.4,9.0,189.0,24.9,63,4.9,0.0,993.7,395.0
2025-08-01T17:00:00,10.0,13.0,198.0,24.4,65,0.9,0.0,993.5,445.0
2025-08-01T18:00:00,12.1,16.8,214.0,23.6,69,3.6,0.7,993.6,100.0
2025-08-01T19:00:00,12.7,23.0,221.0,22.7,81,1.7,0.0,993.6,25.0
2025-08-01T20:00:00,12.9,27.8,228.0,21.5,80,0.8,1.1,994.0,15.0
2025-08-01T21:00:00,13.0,22.5,221.0,18.9,92,3.4,7.5,995.1,85.0
2025-08-01T22:00:00,12.0,17.4,212.0,19.0,87,14.8,0.3,994.9,290.0
2025-08-01T23:00:00,9.8,14.8,208.0,18.3,86,6.2,0.0,994.4,180.0
2025-08-02T00:00:00,8.1,12.3,202.0,18.2,90,3.7,0.1,994.3,160.0
2025-08-02T01:00:00,8.4,9.3,201.0,18.3,94,7.7,3.8,993.9,255.0
2025-08-02T02:00:00,6.2,6.8,188.0,18.4,94,9.2,0.7,993.2,465.0
2025-08-02T03:00:00,7.4,4.8,186.0,18.0,94,4.0,0.1,993.1,365.0
2025-08-02T04:00:00,6.3,6.1,183.0,17.8,95,9.6,1.8,992.6,305.0
2025-08-02T05:00:00,5.4,6.9,182.0,17.6,95,6.2,0.1,992.7,275.0
2025-08-02T06:00:00,6.0,10.0,191.0,17.8,95,6.7,0.3,992.8,305.0
2025-08-02T07:00:00,6.2,11.5,191.0,18.4,91,8.1,0.3,992.8,415.0
2025-08-02T08:00:00,5.4,11.3,191.0,18.3,89,8.4,1.9,992.7,375.0
2025-08-02T09:00:00,4.2,10.0,186.0,18.9,85,11.5,0.8,993.0,390.0
2025-08-02T10:00:00,3.8,7.6,182.0,19.9,81,6.6,0.4,992.8,470.0
2025-08-02T11:00:00,3.4,6.1,181.0,21.9,71,4.9,0.2,992.4,615.0
2025-08-02T12:00:00,3.8,3.9,179.0,22.7,68,3.7,0.1,992.4,785.0
2025-08-02T13:00:00,3.4,2.9,179.0,22.8,70,7.0,0.0,992.3,730.0
2025-08-02T14:00:00,3.5,3.1,182.0,23.5,66,4.4,0.0,992.1,655.0
2025-08-02T15:00:00,3.9,3.4,185.0,23.5,66,0.3,0.0,992.3,685.0
2025-08-02T16:00:00,4.4,5.3,185.0,23.9,64,2.0,0.0,992.2,785.0
2025-08-02T17:00:00,5.0,8.4,189.0,23.8,64,2.8,0.0,992.3,875.0
2025-08-02T18:00:00,4.9,10.1,182.0,22.7,74,3.4,0.0,992.5,215.0
2025-08-02T19:00:00,5.5,14.4,193.0,21.1,83,2.7,0.0,993.1,60.0
2025-08-02T20:00:00,7.9,18.0,211.0,20.3,86,4.0,0.0,993.8,80.0
2025-08-02T21:00:00,10.0,22.1,225.0,19.6,88,4.1,0.0,994.0,90.0
2025-08-02T22:00:00,12.3,26.7,233.0,19.0,89,2.3,0.0,994.2,55.0
2025-08-02T23:00:00,14.5,28.2,241.0,18.6,90,2.7,0.0,994.5,60.0
2025-08-03T00:00:00,16.8,28.8,235.0,18.3,90,1.5,0.0,994.8,35.0
2025-08-03T01:00:00,20.8,25.6,212.0,16.9,93,7.2,0.0,995.6,210.0
2025-08-03T02:00:00,23.3,25.2,214.0,16.8,91,3.2,0.0,995.6,205.0
2025-08-03T03:00:00,24.8,24.3,216.0,16.5,90,7.7,0.0,995.3,150.0
2025-08-03T04:00:00,14.2,19.1,207.0,16.1,91,3.9,0.0,995.4,110.0
2025-08-03T05:00:00,10.4,11.0,192.0,16.0,94,8.1,0.0,996.2,135.0
2025-08-03T06:00:00,9.0,9.9,186.0,17.0,93,6.5,0.0,996.6,150.0
2025-08-03T07:00:00,7.1,8.2,187.0,18.6,85,4.9,0.0,997.0,245.0
2025-08-03T08:00:00,6.3,6.9,183.0,20.5,71,5.1,0.0,997.2,335.0
2025-08-03T09:00:00,7.0,6.1,179.0,22.1,64,1.9,0.0,997.4,470.0
2025-08-03T10:00:00,6.3,5.1,181.0,23.3,62,3.4,0.0,997.7,655.0
2025-08-03T11:00:00,6.3,4.0,181.0,23.9,63,6.6,0.0,997.9,825.0
2025-08-03T12:00:00,5.0,3.1,179.0,24.5,60,8.4,0.0,997.9,1075.0
2025-08-03T13:00:00,4.8,2.2,175.0,24.9,52,5.9,0.0,997.8,740.0
2025-08-03T14:00:00,4.3,2.4,168.0,25.4,48,5.3,0.0,997.6,850.0
2025-08-03T15:00:00,3.8,3.3,170.0,25.6,47,5.9,0.0,997.6,870.0
2025-08-03T16:00:00,4.5,5.0,174.0,25.5,47,6.4,0.0,997.7,835.0
2025-08-03T17:00:00,4.7,7.5,177.0,24.9,51,5.4,0.0,998.2,400.0
2025-08-03T18:00:00,5.0,10.9,183.0,23.5,62,4.8,0.0,998.6,180.0
2025-08-03T19:00:00,5.1,12.5,185.0,21.9,69,6.5,0.0,999.2,165.0
2025-08-03T20:00:00,5.1,15.5,187.0,21.0,73,6.1,0.0,1000.0,145.0
2025-08-03T21:00:00,4.8,15.1,191.0,20.2,77,5.5,0.0,1000.4,90.0
2025-08-03T22:00:00,5.2,15.6,196.0,19.6,79,5.6,0.0,1000.6,80.0
2025-08-03T23:00:00,7.3,15.4,205.0,19.2,82,4.7,0.0,1001.2,70.0
2025-08-04T00:00:00,9.7,14.7,204.0,18.7,85,3.9,0.0,1001.3,55.0
2025-08-04T01:00:00,10.9,14.3,200.0,19.0,85,3.2,0.0,1000.6,35.0
2025-08-04T02:00:00,12.0,14.5,202.0,18.6,87,3.5,0.0,1000.7,45.0
2025-08-04T03:00:00,13.5,13.6,205.0,18.6,85,4.9,0.0,1000.8,50.0
2025-08-04T04:00:00,15.3,14.3,208.0,18.2,84,6.2,0.0,1001.6,55.0
2025-08-04T05:00:00,12.8,22.5,216.0,18.3,82,7.3,0.0,1001.9,80.0
2025-08-04T06:00:00,14.6,27.1,245.0,19.4,80,6.3,0.0,1002.0,110.0
2025-08-04T07:00:00,15.0,31.8,252.0,20.4,78,3.3,0.0,1002.0,140.0
2025-08-04T08:00:00,14.4,26.0,236.0,22.1,72,3.1,0.0,1002.6,230.0
2025-08-04T09:00:00,13.7,23.3,226.0,23.5,65,3.3,0.0,1002.6,400.0
2025-08-04T10:00:00,13.2,19.9,212.0,25.0,57,3.0,0.0,1002.4,715.0
2025-08-04T11:00:00,11.0,10.3,190.0,25.9,50,2.7,0.0,1002.2,1080.0
2025-08-04T12:00:00,10.8,6.4,188.0,26.4,48,2.4,0.0,1001.7,1210.0
2025-08-04T13:00:00,9.7,6.1,185.0,27.8,47,3.1,0.0,1001.0,1375.0
2025-08-04T14:00:00,9.0,6.3,188.0,28.4,45,2.9,0.0,1000.3,1395.0
2025-08-04T15:00:00,8.5,7.9,195.0,28.5,45,3.1,0.0,1000.1,1355.0
2025-08-04T16:00:00,9.3,11.9,203.0,28.1,46,3.1,0.0,999.8,1125.0
2025-08-04T17:00:00,8.5,16.8,210.0,27.3,51,4.1,0.0,1000.1,245.0
2025-08-04T18:00:00,9.9,23.9,219.0,26.1,65,1.6,0.0,1000.2,20.0
2025-08-04T19:00:00,11.3,27.1,223.0,24.0,74,3.5,0.0,1000.7,70.0
2025-08-04T20:00:00,12.5,27.8,226.0,23.0,74,5.3,0.0,1001.1,115.0
2025-08-04T21:00:00,13.6,23.1,225.0,21.7,79,5.0,0.0,1001.4,110.0
2025-08-04T22:00:00,13.9,18.9,219.0,21.0,81,4.7,0.0,1001.8,75.0
2025-08-04T23:00:00,13.7,19.1,220.0,20.6,82,4.7,0.0,1001.8,75.0
2025-08-05T00:00:00,10.4,18.1,203.0,20.4,82,5.2,0.0,1001.6,80.0
2025-08-05T01:00:00,11.8,17.8,202.0,20.5,86,5.0,0.0,1001.4,50.0
2025-08-05T02:00:00,14.6,13.1,205.0,20.4,84,5.9,0.0,1001.4,75.0
2025-08-05T03:00:00,18.2,13.6,211.0,19.8,85,6.4,0.0,1001.4,100.0
2025-08-05T04:00:00,17.4,15.0,208.0,19.2,85,7.0,0.0,1001.7,150.0
2025-08-05T05:00:00,16.6,18.4,208.0,19.1,85,7.3,0.0,1002.0,155.0
2025-08-05T06:00:00,13.3,21.5,209.0,20.3,82,6.6,0.0,1002.3,215.0
2025-08-05T07:00:00,13.2,17.1,207.0,21.7,76,7.7,0.0,1002.6,330.0
2025-08-05T08:00:00,12.7,11.3,200.0,23.1,68,8.5,0.0,1002.7,430.0
2025-08-05T09:00:00,11.7,7.6,191.0,24.4,63,7.9,0.0,1002.6,525.0
2025-08-05T10:00:00,10.6,4.9,185.0,25.6,59,7.6,0.0,1002.4,685.0
2025-08-05T11:00:00,11.5,4.0,178.0,26.6,55,7.7,0.0,1001.9,870.0
2025-08-05T12:00:00,11.1,3.7,172.0,27.2,52,7.4,0.0,1001.3,935.0
2025-08-05T13:00:00,9.3,3.8,171.0,28.2,49,4.9,0.0,1000.8,930.0
2025-08-05T14:00:00,8.9,4.3,172.0,28.4,48,6.0,0.0,1000.1,750.0
2025-08-05T15:00:00,9.0,5.5,176.0,28.7,47,4.6,0.0,999.7,680.0
2025-08-05T16:00:00,9.0,8.7,180.0,28.8,47,4.2,0.0,999.3,590.0
2025-08-05T17:00:00,8.9,10.7,184.0,28.4,52,4.4,0.0,999.2,305.0
2025-08-05T18:00:00,10.0,17.5,192.0,27.0,63,5.8,0.0,999.3,185.0
2025-08-05T19:00:00,10.5,24.3,201.0,25.1,70,5.2,0.0,999.5,115.0
2025-08-05T20:00:00,11.8,21.5,204.0,24.0,72,5.1,0.0,999.9,95.0
2025-08-05T21:00:00,12.3,23.3,209.0,23.2,74,5.4,0.0,1000.0,85.0
2025-08-05T22:00:00,13.5,21.3,209.0,22.8,74,6.1,0.0,1000.4,90.0
2025-08-05T23:00:00,12.6,19.5,205.0,22.5,76,6.7,0.0,1000.8,105.0
2025-08-06T00:00:00,13.0,15.7,201.0,22.1,79,7.4,0.0,1000.8,130.0
2025-08-06T01:00:00,14.1,13.8,196.0,22.1,78,6.7,0.0,1000.3,115.0
2025-08-06T02:00:00,15.7,13.5,197.0,21.6,79,7.5,0.0,1000.1,140.0
2025-08-06T03:00:00,17.1,13.6,196.0,21.1,81,6.3,0.0,1000.0,125.0
2025-08-06T04:00:00,16.3,13.7,195.0,20.6,84,5.1,0.0,1000.4,95.0
2025-08-06T05:00:00,18.9,19.1,204.0,20.9,84,6.0,0.0,1001.0,95.0
2025-08-06T06:00:00,20.0,25.6,223.0,22.1,80,6.0,0.0,1001.5,170.0
2025-08-06T07:00:00,15.4,20.7,202.0,23.5,72,5.2,0.0,1001.8,290.0
2025-08-06T08:00:00,11.4,20.2,206.0,24.9,60,5.6,0.0,1002.4,410.0
2025-08-06T09:00:00,10.6,14.8,186.0,25.9,54,7.7,0.0,1002.6,560.0
2025-08-06T10:00:00,10.1,9.3,175.0,27.2,49,9.2,0.0,1002.9,885.0
2025-08-06T11:00:00,8.9,6.8,168.0,28.0,47,10.5,0.0,1002.7,1200.0
2025-08-06T12:00:00,9.6,5.6,167.0,28.7,48,11.2,0.0,1002.1,1335.0
2025-08-06T13:00:00,8.7,5.2,168.0,28.2,51,10.1,0.0,1002.4,1290.0
2025-08-06T14:00:00,8.5,5.8,174.0,28.6,53,10.6,0.0,1001.8,1420.0
2025-08-06T15:00:00,9.2,7.1,183.0,27.7,53,12.2,0.1,1001.9,1010.0
2025-08-06T16:00:00,8.5,9.9,191.0,27.1,56,12.1,0.0,1001.6,1025.0
2025-08-06T17:00:00,8.3,11.9,190.0,26.5,60,11.1,0.0,1001.9,1145.0
2025-08-06T18:00:00,7.6,15.9,195.0,22.1,81,8.5,1.0,1001.9,300.0
2025-08-06T19:00:00,7.1,15.3,196.0,22.0,82,12.5,0.6,1002.6,410.0
2025-08-06T20:00:00,6.8,11.7,188.0,21.7,84,3.3,0.1,1003.4,365.0
2025-08-06T21:00:00,6.0,10.6,186.0,21.3,87,6.0,0.3,1003.3,255.0
2025-08-06T22:00:00,5.8,11.4,190.0,20.9,89,5.0,0.1,1003.6,235.0
2025-08-06T23:00:00,6.4,11.2,191.0,20.8,89,4.4,0.0,1003.8,175.0
2025-08-07T00:00:00,6.9,10.2,180.0,20.4,89,5.5,0.0,1003.5,150.0
2025-08-07T01:00:00,7.0,9.8,172.0,20.5,87,12.5,0.6,1002.3,355.0
2025-08-07T02:00:00,7.5,8.2,171.0,20.3,83,11.4,0.1,1002.9,320.0
2025-08-07T03:00:00,8.0,8.5,172.0,20.2,82,9.7,0.1,1002.7,245.0
2025-08-07T04:00:00,8.4,9.8,177.0,19.7,83,7.9,0.1,1002.9,200.0
2025-08-07T05:00:00,9.4,17.2,192.0,20.0,82,7.4,0.0,1003.1,165.0
2025-08-07T06:00:00,11.6,25.4,207.0,21.3,79,5.7,0.0,1003.5,290.0
2025-08-07T07:00:00,9.9,23.5,192.0,22.8,72,5.2,0.0,1003.7,530.0
2025-08-07T08:00:00,7.4,16.9,179.0,24.1,66,4.9,0.0,1003.8,810.0
2025-08-07T09:00:00,6.6,9.7,171.0,25.1,60,5.1,0.0,1003.8,990.0
2025-08-07T10:00:00,7.4,6.1,167.0,26.2,56,5.6,0.0,1003.6,1165.0
2025-08-07T11:00:00,8.3,4.5,166.0,27.1,51,4.8,0.0,1003.6,1260.0
2025-08-07T12:00:00,8.6,3.9,162.0,27.7,50,4.6,0.0,1003.0,1405.0
2025-08-07T13:00:00,8.8,3.7,159.0,28.3,48,7.5,0.0,1002.6,955.0
2025-08-07T14:00:00,8.8,4.4,160.0,28.9,46,5.8,0.0,1002.1,680.0
2025-08-07T15:00:00,9.4,5.8,164.0,29.6,44,6.7,0.0,1001.6,580.0
2025-08-07T16:00:00,9.2,7.9,168.0,29.6,44,7.6,0.0,1001.2,515.0
2025-08-07T17:00:00,9.6,11.8,179.0,29.2,46,5.6,0.0,1001.2,405.0
2025-08-07T18:00:00,10.5,14.6,187.0,28.2,53,2.9,0.0,1001.3,320.0
2025-08-07T19:00:00,10.6,21.1,200.0,26.5,66,2.2,0.0,1001.5,85.0
2025-08-07T20:00:00,12.0,28.0,208.0,25.5,69,2.9,0.0,1002.0,65.0
2025-08-07T21:00:00,13.9,30.1,217.0,24.8,72,3.2,0.0,1002.3,55.0
2025-08-07T22:00:00,15.1,31.1,223.0,24.2,74,3.2,0.0,1002.5,45.0
2025-08-07T23:00:00,17.6,29.3,228.0,23.7,75,4.3,0.0,1002.7,60.0
2025-08-08T00:00:00,19.4,26.8,223.0,23.1,77,4.3,0.0,1002.8,60.0
2025-08-08T01:00:00,20.0,22.8,219.0,22.4,82,3.1,0.0,1002.6,60.0
2025-08-08T02:00:00,21.5,19.0,218.0,21.9,83,3.2,0.0,1002.5,60.0
2025-08-08T03:00:00,18.7,17.4,210.0,21.3,86,2.6,0.0,1002.4,35.0
2025-08-08T04:00:00,17.6,17.7,206.0,21.0,87,3.0,0.0,1002.6,45.0
2025-08-08T05:00:00,21.4,23.1,215.0,21.3,84,3.1,0.0,1002.9,60.0
2025-08-08T06:00:00,25.5,33.0,253.0,22.5,77,2.7,0.0,1003.2,135.0
2025-08-08T07:00:00,22.3,27.1,244.0,24.2,69,2.9,0.0,1003.6,205.0
2025-08-08T08:00:00,18.1,20.9,228.0,26.3,60,2.3,0.0,1003.8,370.0
2025-08-08T09:00:00,16.0,14.7,207.0,28.1,52,2.6,0.0,1003.9,655.0
2025-08-08T10:00:00,16.0,9.3,189.0,29.5,47,3.1,0.0,1003.6,1020.0
2025-08-08T11:00:00,16.8,5.6,186.0,30.7,43,3.4,0.0,1003.1,1195.0
2025-08-08T12:00:00,15.6,4.5,182.0,31.7,41,3.5,0.0,1002.8,1255.0
2025-08-08T13:00:00,15.1,4.4,181.0,32.1,42,3.4,0.0,1002.5,1335.0
2025-08-08T14:00:00,14.4,4.8,181.0,32.6,40,3.5,0.0,1001.9,1380.0
2025-08-08T15:00:00,13.7,6.2,182.0,32.9,39,3.9,0.0,1001.4,1365.0
2025-08-08T16:00:00,13.3,8.5,190.0,32.8,39,3.7,0.0,1001.1,1310.0
2025-08-08T17:00:00,12.6,11.7,198.0,32.3,40,3.4,0.0,1001.1,1225.0
2025-08-08T18:00:00,12.6,14.6,202.0,31.4,43,3.3,0.0,1001.2,285.0
2025-08-08T19:00:00,14.0,23.7,208.0,29.7,60,1.3,0.0,1001.5,60.0
2025-08-08T20:00:00,15.1,34.1,219.0,29.1,60,0.8,0.0,1002.1,70.0
2025-08-08T21:00:00,16.8,31.2,235.0,28.2,60,1.9,0.0,1002.4,80.0
2025-08-08T22:00:00,18.4,27.8,235.0,27.1,66,3.1,0.0,1002.6,90.0
2025-08-08T23:00:00,18.8,25.4,238.0,26.2,72,2.7,0.0,1002.7,70.0
2025-08-09T00:00:00,22.4,21.8,235.0,25.7,72,3.5,0.0,1002.4,65.0
2025-08-09T01:00:00,23.7,20.0,237.0,25.1,73,3.4,0.0,1002.3,60.0
2025-08-09T02:00:00,21.1,16.6,228.0,24.6,74,3.3,0.0,1002.2,45.0
2025-08-09T03:00:00,21.5,15.9,223.0,24.3,73,3.8,0.0,1002.0,45.0
2025-08-09T04:00:00,18.2,14.6,221.0,23.6,76,3.3,0.0,1002.1,50.0
2025-08-09T05:00:00,17.9,13.5,226.0,23.7,75,2.6,0.0,1002.4,30.0
2025-08-09T06:00:00,20.6,14.0,232.0,25.2,67,1.5,0.0,1002.8,95.0
2025-08-09T07:00:00,18.3,13.4,235.0,27.2,59,0.9,0.0,1003.2,195.0
2025-08-09T08:00:00,18.7,12.7,226.0,29.2,51,1.6,0.0,1003.4,420.0
2025-08-09T09:00:00,16.8,9.1,218.0,31.0,46,2.4,0.0,1003.4,900.0
2025-08-09T10:00:00,18.8,6.0,204.0,32.4,42,4.5,0.0,1003.2,1245.0
2025-08-09T11:00:00,17.7,3.8,196.0,33.4,39,6.3,0.0,1002.9,1365.0
2025-08-09T12:00:00,17.1,3.1,190.0,34.3,36,7.6,0.0,1002.4,1385.0
2025-08-09T13:00:00,15.8,2.9,186.0,33.8,39,7.4,0.0,1002.3,1250.0
2025-08-09T14:00:00,14.4,3.4,186.0,34.2,36,7.0,0.0,1001.9,1070.0
2025-08-09T15:00:00,13.6,4.2,188.0,34.4,32,8.0,0.0,1001.4,735.0
2025-08-09T16:00:00,12.9,5.2,185.0,34.2,30,8.1,0.0,1001.2,525.0
2025-08-09T17:00:00,12.9,7.1,197.0,33.5,31,7.0,0.0,1001.1,330.0
2025-08-09T18:00:00,14.2,11.8,213.0,32.5,36,4.0,0.0,1001.2,180.0
2025-08-09T19:00:00,15.3,22.0,218.0,31.1,54,2.2,0.0,1001.7,45.0
2025-08-09T20:00:00,16.3,28.9,220.0,30.3,52,3.4,0.0,1002.3,90.0
2025-08-09T21:00:00,15.6,26.2,224.0,29.4,56,4.0,0.0,1002.6,75.0
2025-08-09T22:00:00,16.3,25.2,234.0,28.3,64,3.6,0.0,1002.8,60.0
2025-08-09T23:00:00,16.9,29.0,233.0,27.5,69,2.9,0.0,1002.7,40.0
2025-08-10T00:00:00,17.1,27.4,236.0,27.1,68,3.2,0.0,1002.8,40.0
2025-08-10T01:00:00,18.3,23.2,239.0,26.3,73,3.9,0.0,1002.5,45.0
2025-08-10T02:00:00,18.8,19.7,230.0,25.6,79,2.2,0.0,1002.2,20.0
2025-08-10T03:00:00,16.0,15.8,222.0,25.1,81,1.3,0.0,1002.0,15.0
2025-08-10T04:00:00,16.5,13.9,218.0,24.4,85,1.9,0.0,1002.0,20.0
2025-08-10T05:00:00,17.8,13.2,224.0,24.6,84,2.0,0.0,1002.3,25.0
2025-08-10T06:00:00,19.6,12.9,234.0,26.1,75,1.2,0.0,1002.4,75.0
2025-08-10T07:00:00,19.0,9.9,239.0,28.2,65,0.7,0.0,1002.7,185.0
2025-08-10T08:00:00,19.3,9.2,238.0,30.2,55,0.4,0.0,1002.7,355.0
2025-08-10T09:00:00,20.5,7.1,235.0,32.1,48,2.2,0.0,1002.9,670.0
2025-08-10T10:00:00,19.6,5.0,219.0,33.5,43,3.8,0.0,1002.8,995.0
2025-08-10T11:00:00,19.2,4.1,213.0,34.6,40,5.0,0.0,1002.3,1085.0
2025-08-10T12:00:00,18.3,3.5,208.0,35.7,37,5.8,0.0,1001.9,1155.0
2025-08-10T13:00:00,17.1,3.4,207.0,35.6,38,6.9,0.0,1001.3,1150.0
2025-08-10T14:00:00,15.8,3.5,200.0,35.9,37,7.2,0.0,1000.7,1065.0
2025-08-10T15:00:00,14.7,3.9,188.0,35.8,35,8.3,0.0,1000.2,690.0
2025-08-10T16:00:00,13.3,5.1,185.0,35.3,36,9.4,0.0,999.8,530.0
2025-08-10T17:00:00,13.8,7.0,190.0,34.2,42,7.7,0.0,999.8,435.0
2025-08-10T18:00:00,14.5,9.8,211.0,33.0,50,3.8,0.0,999.6,245.0
2025-08-10T19:00:00,15.7,15.4,222.0,31.3,59,3.4,0.0,1000.0,65.0
2025-08-10T20:00:00,16.2,20.2,227.0,30.3,62,4.1,0.0,1000.5,55.0
2025-08-10T21:00:00,16.6,20.1,227.0,29.3,65,4.9,0.0,1000.9,60.0
2025-08-10T22:00:00,16.7,19.1,224.0,28.5,66,4.7,0.0,1001.0,50.0
2025-08-10T23:00:00,16.9,16.5,224.0,28.3,63,5.2,0.0,1001.2,60.0
2025-08-11T00:00:00,17.2,12.5,225.0,28.0,62,6.1,0.0,1001.1,80.0
2025-08-11T01:00:00,17.9,10.8,226.0,26.4,74,4.0,0.0,1000.8,55.0
2025-08-11T02:00:00,18.2,9.3,221.0,26.0,76,3.5,0.0,1000.8,45.0
2025-08-11T03:00:00,17.1,8.7,213.0,25.7,77,4.0,0.0,1000.9,60.0
2025-08-11T04:00:00,16.7,9.4,211.0,25.2,78,4.1,0.0,1001.0,55.0
2025-08-11T05:00:00,16.7,14.1,208.0,25.3,76,3.9,0.0,1001.3,45.0
2025-08-11T06:00:00,17.6,22.0,236.0,26.9,68,5.0,0.0,1001.5,65.0
2025-08-11T07:00:00,14.6,19.5,223.0,29.1,58,4.8,0.0,1002.0,755.0
2025-08-11T08:00:00,13.4,10.0,194.0,30.1,48,10.2,0.0,1002.3,845.0
2025-08-11T09:00:00,13.7,5.7,183.0,31.5,43,11.7,0.0,1002.6,965.0
2025-08-11T10:00:00,14.3,3.8,182.0,32.6,42,11.8,0.0,1002.3,1045.0
2025-08-11T11:00:00,14.6,3.2,183.0,33.6,39,10.8,0.0,1001.9,1235.0
2025-08-11T12:00:00,14.3,3.2,184.0,34.4,36,10.3,0.0,1001.4,1325.0
2025-08-11T13:00:00,14.5,3.3,183.0,34.5,36,10.0,0.0,1000.9,1300.0
2025-08-11T14:00:00,14.3,3.7,182.0,34.6,36,10.1,0.0,1000.3,1210.0
2025-08-11T15:00:00,14.1,4.5,182.0,34.5,36,10.1,0.0,999.8,1190.0
2025-08-11T16:00:00,14.1,6.1,184.0,34.0,38,9.0,0.0,999.4,1120.0
2025-08-11T17:00:00,13.6,8.8,184.0,33.3,40,8.4,0.0,999.3,1055.0
2025-08-11T18:00:00,13.4,11.0,189.0,32.0,47,5.4,0.0,999.1,325.0
2025-08-11T19:00:00,13.6,12.0,192.0,30.1,56,5.2,0.0,999.3,135.0
2025-08-11T20:00:00,14.1,15.8,195.0,29.1,59,6.3,0.0,999.8,110.0
2025-08-11T21:00:00,14.7,18.9,202.0,28.3,62,6.7,0.0,1000.0,120.0
2025-08-11T22:00:00,14.8,17.4,198.0,27.7,64,6.5,0.0,1000.3,135.0
2025-08-11T23:00:00,14.8,12.8,191.0,27.0,65,7.1,0.0,1000.5,160.0
2025-08-12T00:00:00,14.4,10.1,185.0,26.4,65,6.6,0.0,1000.5,145.0
2025-08-12T01:00:00,14.7,10.1,184.0,26.1,67,6.4,0.0,1000.1,145.0
2025-08-12T02:00:00,14.9,10.1,184.0,25.6,69,6.2,0.0,1000.2,140.0
2025-08-12T03:00:00,15.5,9.7,186.0,25.1,69,7.0,0.0,1000.0,140.0
2025-08-12T04:00:00,16.4,11.0,190.0,24.7,70,6.6,0.0,1000.1,130.0
2025-08-12T05:00:00,14.5,18.5,202.0,24.7,70,6.7,0.0,1000.3,145.0
2025-08-12T06:00:00,15.8,27.2,235.0,25.9,66,5.9,0.0,1000.5,215.0
2025-08-12T07:00:00,15.1,23.0,215.0,27.3,59,5.3,0.0,1000.8,310.0
2025-08-12T08:00:00,13.0,13.7,195.0,28.8,53,4.9,0.0,1001.0,435.0
2025-08-12T09:00:00,12.7,8.1,185.0,30.3,48,5.1,0.0,1001.1,595.0
2025-08-12T10:00:00,13.0,5.1,183.0,31.6,44,5.6,0.0,1000.8,940.0
2025-08-12T11:00:00,12.9,3.7,181.0,32.7,41,6.5,0.0,1000.2,1135.0
2025-08-12T12:00:00,12.8,3.4,178.0,33.5,39,7.8,0.0,999.8,1180.0
2025-08-12T13:00:00,12.9,3.5,177.0,33.7,43,6.8,0.0,999.2,1170.0
2025-08-12T14:00:00,13.0,3.8,178.0,34.0,43,9.0,0.0,998.7,1285.0
2025-08-12T15:00:00,13.1,5.1,178.0,33.7,44,10.0,0.0,998.5,1080.0
2025-08-12T16:00:00,12.6,6.6,181.0,33.2,45,9.8,0.0,998.5,895.0
2025-08-12T17:00:00,12.1,10.4,185.0,32.8,46,6.6,0.0,998.4,795.0
2025-08-12T18:00:00,14.0,13.6,187.0,31.8,57,2.6,0.0,998.5,280.0
2025-08-12T19:00:00,13.9,21.8,198.0,30.7,56,5.2,0.0,998.8,175.0
2025-08-12T20:00:00,14.5,24.7,204.0,29.7,60,4.8,0.0,999.2,115.0
2025-08-12T21:00:00,15.5,21.2,208.0,29.0,62,5.2,0.0,999.5,140.0
2025-08-12T22:00:00,15.5,20.3,211.0,28.2,65,4.9,0.0,999.5,115.0
2025-08-12T23:00:00,15.0,18.9,206.0,27.5,67,4.7,0.0,999.7,100.0
2025-08-13T00:00:00,15.1,15.5,205.0,27.0,67,6.1,0.0,999.7,125.0
2025-08-13T01:00:00,15.4,15.0,200.0,26.1,71,5.4,0.0,999.5,165.0
2025-08-13T02:00:00,17.4,13.1,203.0,25.6,72,5.0,0.0,999.4,135.0
2025-08-13T03:00:00,19.6,12.2,207.0,25.0,74,4.2,0.0,999.5,95.0
2025-08-13T04:00:00,20.3,13.9,218.0,24.8,74,3.8,0.0,999.5,75.0
2025-08-13T05:00:00,20.3,19.2,223.0,25.0,73,4.0,0.0,999.8,75.0
2025-08-13T06:00:00,23.0,28.3,252.0,26.4,68,3.7,0.0,999.8,125.0
2025-08-13T07:00:00,18.7,29.2,243.0,28.2,61,0.4,0.0,1000.1,285.0
2025-08-13T08:00:00,17.3,22.3,229.0,29.7,55,1.9,0.0,1000.1,490.0
2025-08-13T09:00:00,16.9,14.3,211.0,31.1,49,3.7,0.0,1000.2,755.0
2025-08-13T10:00:00,16.6,8.5,203.0,32.2,44,5.1,0.0,1000.0,910.0
2025-08-13T11:00:00,17.1,5.2,200.0,33.1,41,5.5,0.0,999.6,985.0
2025-08-13T12:00:00,16.6,4.3,194.0,34.1,37,5.8,0.0,999.1,1050.0
2025-08-13T13:00:00,15.5,4.7,187.0,34.1,41,6.5,0.0,998.6,1015.0
2025-08-13T14:00:00,14.8,5.0,183.0,34.2,40,8.4,0.0,998.1,950.0
2025-08-13T15:00:00,14.1,6.2,180.0,34.3,36,9.1,0.0,998.1,690.0
2025-08-13T16:00:00,13.2,7.6,184.0,33.8,37,5.8,0.0,998.2,530.0
2025-08-13T17:00:00,13.7,13.2,186.0,33.2,40,5.8,0.0,998.4,370.0
2025-08-13T18:00:00,13.7,14.0,194.0,31.3,61,2.7,0.0,998.3,90.0
2025-08-13T19:00:00,14.3,17.2,205.0,30.6,52,4.8,0.0,998.4,75.0
2025-08-13T20:00:00,16.2,20.5,218.0,30.2,58,3.7,0.0,998.8,105.0
2025-08-13T21:00:00,18.3,22.6,224.0,29.2,63,3.1,0.0,998.9,50.0
2025-08-13T22:00:00,19.7,22.0,223.0,28.8,66,0.7,0.0,999.0,20.0
2025-08-13T23:00:00,19.2,20.1,217.0,28.0,69,1.1,0.0,998.9,20.0
2025-08-14T00:00:00,17.3,18.3,206.0,27.5,72,1.0,0.0,998.7,25.0
2025-08-14T01:00:00,18.3,17.3,204.0,26.7,74,2.9,0.1,998.6,40.0
2025-08-14T02:00:00,19.7,16.5,206.0,25.5,73,4.3,1.1,998.8,45.0
2025-08-14T03:00:00,21.3,17.3,215.0,26.0,73,3.2,0.0,998.6,45.0
2025-08-14T04:00:00,20.5,19.1,219.0,25.8,73,1.7,0.0,998.8,35.0
2025-08-14T05:00:00,21.7,23.0,235.0,25.9,76,1.3,0.0,999.1,25.0
2025-08-14T06:00:00,25.1,30.6,264.0,26.5,75,5.2,0.0,998.9,110.0
2025-08-14T07:00:00,23.3,33.4,278.0,27.5,71,3.5,0.0,999.0,225.0
2025-08-14T08:00:00,23.2,32.2,275.0,29.2,63,2.8,0.0,999.2,375.0
2025-08-14T09:00:00,22.5,26.9,256.0,30.7,58,3.7,0.0,999.4,520.0
2025-08-14T10:00:00,20.7,13.6,233.0,32.0,53,6.2,0.0,999.5,780.0
2025-08-14T11:00:00,20.2,7.4,212.0,32.6,49,5.1,0.0,999.5,830.0
2025-08-14T12:00:00,18.9,5.7,203.0,33.3,46,3.6,0.0,999.1,1230.0
2025-08-14T13:00:00,16.6,5.9,200.0,31.8,49,7.4,0.0,998.7,510.0
2025-08-14T14:00:00,15.6,7.2,201.0,33.3,45,3.7,0.0,998.7,880.0
2025-08-14T15:00:00,12.5,11.3,210.0,31.3,53,9.2,1.8,999.5,510.0
2025-08-14T16:00:00,14.4,19.1,218.0,30.9,57,5.8,0.0,999.3,550.0
2025-08-14T17:00:00,13.5,23.4,216.0,29.5,63,7.1,0.0,999.9,495.0
2025-08-14T18:00:00,15.5,23.0,219.0,29.0,68,3.2,0.0,1000.0,310.0
2025-08-14T19:00:00,14.8,19.6,222.0,28.0,73,5.8,0.0,1000.3,100.0
2025-08-14T20:00:00,15.1,18.6,216.0,27.5,77,3.4,0.0,1000.9,215.0
2025-08-14T21:00:00,15.1,16.4,219.0,27.1,81,0.4,0.0,1000.7,10.0
2025-08-14T22:00:00,14.9,15.7,228.0,26.0,85,0.5,0.0,1000.9,15.0
2025-08-14T23:00:00,14.5,13.0,233.0,25.1,89,2.9,0.0,1000.8,35.0
2025-08-15T00:00:00,13.8,11.7,225.0,24.4,91,3.2,0.0,1000.6,40.0
2025-08-15T01:00:00,13.6,11.2,225.0,25.9,66,5.4,0.0,999.9,65.0
2025-08-15T02:00:00,13.5,10.7,217.0,25.4,69,0.9,0.0,999.8,15.0
2025-08-15T03:00:00,13.8,11.1,212.0,24.5,73,1.2,0.0,999.9,15.0
2025-08-15T04:00:00,14.6,14.1,213.0,23.9,76,1.3,0.0,1000.5,15.0
2025-08-15T05:00:00,17.5,22.8,214.0,23.8,76,1.6,0.0,1000.7,15.0
2025-08-15T06:00:00,17.5,30.9,222.0,25.4,69,2.2,0.0,1000.9,50.0
2025-08-15T07:00:00,17.8,26.2,240.0,27.8,58,0.0,0.0,1001.4,180.0
2025-08-15T08:00:00,14.7,23.1,232.0,29.7,54,2.3,0.0,1001.3,320.0
2025-08-15T09:00:00,15.3,21.3,229.0,31.3,49,4.5,0.0,1001.6,555.0
2025-08-15T10:00:00,15.3,15.7,223.0,32.8,42,5.7,0.0,1001.6,850.0
2025-08-15T11:00:00,15.6,7.3,210.0,34.0,36,6.9,0.0,1001.2,1250.0
2025-08-15T12:00:00,15.6,4.4,195.0,34.6,33,6.4,0.0,1000.8,1525.0
2025-08-15T13:00:00,15.7,4.8,188.0,34.5,29,9.3,0.0,1000.2,1610.0
2025-08-15T14:00:00,15.6,6.2,184.0,34.8,29,9.4,0.0,999.6,1510.0
2025-08-15T15:00:00,15.1,7.2,185.0,34.5,29,7.7,0.0,999.5,1430.0
2025-08-15T16:00:00,14.8,9.7,197.0,34.2,30,6.2,0.0,999.2,1205.0
2025-08-15T17:00:00,14.7,11.8,201.0,33.7,31,5.2,0.0,999.2,830.0
2025-08-15T18:00:00,14.7,14.8,207.0,32.7,35,4.0,0.0,999.2,110.0
2025-08-15T19:00:00,15.1,21.2,219.0,31.2,42,3.7,0.0,999.6,110.0
2025-08-15T20:00:00,17.3,23.2,221.0,30.2,52,1.2,0.0,999.9,20.0
2025-08-15T21:00:00,18.7,24.8,222.0,29.6,51,2.2,0.0,1000.0,20.0
2025-08-15T22:00:00,18.5,24.2,212.0,29.1,53,3.1,0.0,999.9,25.0
2025-08-15T23:00:00,18.4,24.8,213.0,28.8,55,1.8,0.0,999.9,15.0
2025-08-16T00:00:00,18.1,22.0,211.0,28.3,51,3.1,0.0,999.7,30.0
2025-08-16T01:00:00,14.7,19.8,213.0,23.8,72,7.2,0.0,999.9,70.0
2025-08-16T02:00:00,13.2,16.4,210.0,24.0,69,4.5,0.0,999.5,50.0
2025-08-16T03:00:00,13.0,13.4,195.0,24.1,66,6.1,0.0,999.2,75.0
2025-08-16T04:00:00,13.7,14.4,190.0,24.0,65,7.2,0.0,999.2,60.0
2025-08-16T05:00:00,16.1,15.6,203.0,23.8,65,8.0,0.0,999.0,60.0
2025-08-16T06:00:00,18.3,18.2,206.0,25.1,62,7.2,0.0,998.9,85.0
2025-08-16T07:00:00,16.4,15.0,205.0,27.2,57,3.8,0.0,999.1,120.0
2025-08-16T08:00:00,15.4,12.8,206.0,29.3,52,4.7,0.0,999.2,220.0
2025-08-16T09:00:00,14.4,10.0,202.0,31.2,48,6.9,0.0,999.2,475.0
2025-08-16T10:00:00,15.1,7.1,179.0,32.7,43,7.0,0.0,998.8,695.0
2025-08-16T11:00:00,13.8,3.6,178.0,34.1,37,6.5,0.0,998.3,1505.0
2025-08-16T12:00:00,13.3,2.9,171.0,34.8,30,7.1,0.0,997.8,1990.0
2025-08-16T13:00:00,12.6,2.8,166.0,33.7,37,10.2,0.0,997.5,1130.0
2025-08-16T14:00:00,11.6,3.4,163.0,33.8,34,6.6,0.0,996.9,1510.0
2025-08-16T15:00:00,10.5,5.5,169.0,32.9,36,10.4,0.0,996.1,795.0
2025-08-16T16:00:00,9.4,5.7,176.0,32.3,38,7.8,0.0,995.8,645.0
2025-08-16T17:00:00,9.6,7.3,174.0,32.0,35,6.9,0.0,995.8,435.0
2025-08-16T18:00:00,12.3,11.6,179.0,30.9,39,6.3,0.0,995.8,195.0
2025-08-16T19:00:00,11.1,18.1,186.0,29.9,43,4.8,0.0,996.0,80.0
2025-08-16T20:00:00,10.8,24.2,190.0,29.3,47,4.0,0.0,996.1,55.0
2025-08-16T21:00:00,13.2,21.6,194.0,28.6,50,3.9,0.0,996.1,40.0
2025-08-16T22:00:00,13.8,23.8,197.0,28.0,51,5.1,0.0,996.1,50.0
2025-08-16T23:00:00,11.3,25.2,196.0,27.0,55,3.8,0.0,996.0,35.0
2025-08-17T00:00:00,16.9,26.1,204.0,26.5,56,4.1,0.0,995.9,45.0
2025-08-17T01:00:00,15.4,22.9,208.0,25.6,62,2.8,0.0,995.4,30.0
2025-08-17T02:00:00,16.0,19.7,205.0,24.4,73,3.6,0.0,995.3,35.0
2025-08-17T03:00:00,12.2,16.7,199.0,23.5,71,8.9,0.0,995.9,260.0
2025-08-17T04:00:00,11.9,12.5,187.0,22.8,75,1.1,0.0,995.4,35.0
2025-08-17T05:00:00,11.1,11.2,178.0,22.6,73,6.5,0.0,995.6,120.0
2025-08-17T06:00:00,12.4,11.0,183.0,23.7,68,6.3,0.0,995.8,125.0
2025-08-17T07:00:00,11.0,9.1,191.0,25.8,58,4.0,0.0,995.8,150.0
2025-08-17T08:00:00,11.5,8.2,185.0,28.0,51,2.2,0.0,995.9,285.0
2025-08-17T09:00:00,10.0,7.5,182.0,29.9,42,0.7,0.0,995.8,680.0
2025-08-17T10:00:00,10.0,4.2,179.0,31.2,36,2.7,0.0,995.6,1255.0
2025-08-17T11:00:00,10.1,2.8,171.0,32.0,34,5.4,0.0,995.2,1380.0
2025-08-17T12:00:00,10.3,2.1,166.0,32.5,32,6.9,0.0,994.6,1470.0
2025-08-17T13:00:00,10.0,2.0,164.0,32.5,34,7.6,0.0,994.2,1505.0
2025-08-17T14:00:00,10.1,2.3,166.0,32.7,31,8.1,0.0,993.7,1505.0
2025-08-17T15:00:00,10.1,3.4,171.0,32.5,31,7.7,0.0,993.3,1330.0
2025-08-17T16:00:00,10.1,4.9,171.0,32.0,31,9.0,0.0,993.0,890.0
2025-08-17T17:00:00,10.8,6.0,170.0,31.2,33,6.6,0.0,993.4,550.0
2025-08-17T18:00:00,11.7,11.0,185.0,30.1,38,6.4,0.0,994.0,350.0
2025-08-17T19:00:00,9.9,14.6,179.0,29.0,43,7.2,0.0,994.5,240.0
2025-08-17T20:00:00,10.8,17.9,182.0,28.0,46,7.3,0.0,995.0,160.0
2025-08-17T21:00:00,11.7,15.2,178.0,27.1,48,6.4,0.0,995.3,130.0
2025-08-17T22:00:00,12.8,14.0,178.0,26.3,50,7.2,0.0,995.8,195.0
2025-08-17T23:00:00,10.7,8.6,185.0,25.4,54,8.2,0.0,995.9,175.0
2025-08-18T00:00:00,11.7,10.9,182.0,24.9,56,8.8,0.0,996.0,175.0
2025-08-18T01:00:00,11.3,7.4,182.0,24.6,64,8.1,0.0,996.2,295.0
2025-08-18T02:00:00,10.3,7.7,180.0,23.8,68,7.5,0.0,996.6,280.0
2025-08-18T03:00:00,10.7,7.1,181.0,23.5,70,7.2,0.0,996.6,280.0
2025-08-18T04:00:00,11.2,7.5,182.0,23.2,72,7.8,0.0,996.9,355.0
2025-08-18T05:00:00,12.3,12.9,186.0,22.8,74,9.0,0.0,997.2,360.0
2025-08-18T06:00:00,13.0,20.1,202.0,23.3,68,8.7,0.0,997.5,380.0
2025-08-18T07:00:00,10.7,15.3,199.0,24.5,61,8.4,0.0,997.8,460.0
2025-08-18T08:00:00,8.3,8.6,190.0,26.0,56,9.2,0.0,998.3,630.0
2025-08-18T09:00:00,8.5,4.9,184.0,27.4,53,8.8,0.0,998.5,855.0
2025-08-18T10:00:00,7.1,3.5,181.0,28.5,49,7.8,0.0,998.5,1080.0
2025-08-18T11:00:00,7.2,3.1,176.0,29.4,46,7.1,0.0,998.2,1180.0
2025-08-18T12:00:00,7.5,3.0,175.0,30.3,43,6.9,0.0,997.6,1290.0
2025-08-18T13:00:00,7.8,3.1,173.0,30.7,44,6.6,0.0,997.3,1390.0
2025-08-18T14:00:00,8.0,3.7,174.0,31.1,43,6.7,0.0,996.7,1715.0
2025-08-18T15:00:00,8.2,4.6,174.0,31.0,44,6.9,0.0,996.4,1800.0
2025-08-18T16:00:00,8.5,6.8,174.0,30.5,44,6.3,0.0,996.3,1395.0
2025-08-18T17:00:00,7.5,8.2,174.0,30.0,45,4.8,0.0,996.3,1365.0
2025-08-18T18:00:00,9.4,11.2,178.0,29.2,49,5.6,0.0,996.3,425.0
2025-08-18T19:00:00,9.4,15.4,183.0,28.0,55,7.4,0.0,996.7,275.0
2025-08-18T20:00:00,9.3,17.4,187.0,27.1,59,7.4,0.0,997.2,215.0
2025-08-18T21:00:00,9.4,16.1,186.0,26.3,61,7.8,0.0,997.2,210.0
2025-08-18T22:00:00,9.1,12.2,179.0,25.8,62,7.9,0.0,997.5,275.0
2025-08-18T23:00:00,9.0,8.2,170.0,25.3,62,9.8,0.0,997.6,350.0
2025-08-19T00:00:00,9.7,7.6,174.0,24.8,60,10.9,0.0,997.8,365.0
2025-08-19T01:00:00,8.1,7.0,162.0,23.4,76,11.0,0.2,997.8,195.0
2025-08-19T02:00:00,8.1,6.7,159.0,23.9,65,10.6,0.0,997.5,430.0
2025-08-19T03:00:00,7.6,5.9,158.0,23.5,61,9.9,0.0,997.5,425.0
2025-08-19T04:00:00,7.7,5.6,158.0,22.9,64,8.0,0.0,997.6,330.0
2025-08-19T05:00:00,8.4,11.1,167.0,22.4,69,3.8,0.0,997.8,245.0
2025-08-19T06:00:00,9.1,19.4,174.0,22.8,68,3.3,0.3,997.9,235.0
2025-08-19T07:00:00,8.3,14.4,175.0,23.7,65,2.9,0.0,998.2,405.0
2025-08-19T08:00:00,8.4,10.2,170.0,24.9,62,4.0,0.0,998.1,575.0
2025-08-19T09:00:00,8.9,6.8,167.0,26.2,58,4.1,0.0,997.9,760.0
2025-08-19T10:00:00,8.2,4.5,167.0,27.2,53,5.1,0.0,997.5,980.0
2025-08-19T11:00:00,9.0,3.5,166.0,28.2,49,5.2,0.0,996.8,985.0
2025-08-19T12:00:00,9.3,3.1,165.0,29.1,47,5.8,0.0,996.1,1080.0
2025-08-19T13:00:00,9.5,3.2,166.0,29.9,50,6.2,0.0,995.5,1200.0
2025-08-19T14:00:00,9.2,4.0,166.0,29.3,53,7.6,0.0,995.1,1060.0
2025-08-19T15:00:00,8.7,5.6,168.0,28.5,58,6.8,0.5,994.7,800.0
2025-08-19T16:00:00,8.6,7.7,172.0,27.2,65,3.6,2.0,994.4,405.0
2025-08-19T17:00:00,9.1,10.8,178.0,26.9,65,4.4,0.0,994.4,475.0
2025-08-19T18:00:00,9.5,10.9,189.0,26.4,67,5.2,0.0,994.1,365.0
2025-08-19T19:00:00,9.5,13.2,194.0,25.7,68,5.2,0.0,994.1,280.0
2025-08-19T20:00:00,9.1,15.7,191.0,22.6,87,13.8,6.5,995.2,310.0
2025-08-19T21:00:00,8.5,19.1,193.0,22.3,88,4.3,2.3,994.6,235.0
2025-08-19T22:00:00,7.9,17.6,190.0,22.0,92,2.9,1.7,994.6,205.0
2025-08-19T23:00:00,7.7,13.5,185.0,22.0,92,2.8,2.4,994.3,275.0
2025-08-20T00:00:00,5.0,9.5,184.0,21.4,93,3.8,2.8,994.1,80.0
2025-08-20T01:00:00,5.3,8.8,182.0,20.6,97,6.7,2.9,994.0,265.0
2025-08-20T02:00:00,5.3,8.5,181.0,20.4,97,4.9,1.3,993.5,260.0
2025-08-20T03:00:00,5.1,7.5,179.0,20.1,96,6.5,0.1,993.5,275.0
2025-08-20T04:00:00,5.0,8.5,180.0,20.1,95,5.1,0.0,993.2,235.0
2025-08-20T05:00:00,4.9,13.7,186.0,20.0,95,3.1,0.0,993.2,115.0
2025-08-20T06:00:00,4.9,24.5,201.0,20.3,94,4.1,0.0,993.2,180.0
2025-08-20T07:00:00,6.4,28.6,205.0,21.1,88,1.8,0.1,993.3,200.0
2025-08-20T08:00:00,6.9,20.4,199.0,21.4,87,5.5,0.1,993.4,360.0
2025-08-20T09:00:00,6.8,15.6,197.0,21.2,89,6.4,0.2,993.4,345.0
2025-08-20T10:00:00,6.1,15.4,191.0,21.8,86,5.5,0.1,993.2,320.0
2025-08-20T11:00:00,6.1,12.7,187.0,22.7,80,7.8,0.0,992.5,585.0
2025-08-20T12:00:00,6.0,11.2,186.0,23.8,74,5.6,0.0,991.7,740.0
2025-08-20T13:00:00,5.3,11.5,186.0,24.1,77,1.3,0.2,991.9,580.0
2025-08-20T14:00:00,5.3,12.1,195.0,24.7,75,3.7,1.0,991.3,700.0
2025-08-20T15:00:00,7.2,14.0,194.0,21.5,85,8.8,8.3,991.3,225.0
2025-08-20T16:00:00,7.6,20.9,203.0,21.4,86,1.9,0.2,991.1,200.0
2025-08-20T17:00:00,7.3,29.4,217.0,21.2,93,6.2,1.3,990.8,275.0
2025-08-20T18:00:00,7.5,34.4,227.0,20.6,92,8.8,2.7,990.2,380.0
2025-08-20T19:00:00,7.6,31.1,236.0,20.4,93,2.4,0.3,990.6,180.0
2025-08-20T20:00:00,5.7,21.2,205.0,19.8,96,7.1,3.7,990.4,225.0
2025-08-20T21:00:00,3.6,13.7,201.0,19.3,95,11.4,14.5,990.3,270.0
2025-08-20T22:00:00,3.8,14.4,205.0,19.4,93,5.9,0.3,990.1,255.0
2025-08-20T23:00:00,7.5,12.4,209.0,19.4,94,6.0,0.3,989.5,295.0
2025-08-21T00:00:00,6.1,9.2,190.0,18.9,93,1.5,2.1,989.3,200.0
2025-08-21T01:00:00,4.5,7.5,187.0,18.9,94,6.9,0.0,989.9,160.0
2025-08-21T02:00:00,4.5,8.4,181.0,19.1,93,6.1,0.1,989.4,180.0
2025-08-21T03:00:00,7.0,7.7,173.0,19.3,93,4.0,0.0,988.7,165.0
2025-08-21T04:00:00,6.8,7.7,170.0,19.1,90,3.1,0.4,988.5,170.0
2025-08-21T05:00:00,6.3,14.4,183.0,18.8,93,4.4,0.3,988.5,170.0
2025-08-21T06:00:00,7.3,27.2,192.0,19.2,91,2.6,0.1,988.8,180.0
2025-08-21T07:00:00,9.0,27.6,203.0,19.8,89,4.5,0.1,988.5,220.0
2025-08-21T08:00:00,8.2,23.3,194.0,20.7,84,4.4,0.0,988.6,400.0
2025-08-21T09:00:00,7.5,15.5,189.0,21.8,76,3.4,0.1,988.9,565.0
2025-08-21T10:00:00,7.2,14.1,190.0,22.5,72,2.1,0.1,988.8,610.0
2025-08-21T11:00:00,6.0,10.5,180.0,22.5,72,6.2,0.2,988.6,455.0
2025-08-21T12:00:00,5.9,9.2,186.0,23.0,72,1.1,0.2,988.5,540.0
2025-08-21T13:00:00,6.1,7.7,185.0,19.7,87,7.2,0.3,989.1,360.0
2025-08-21T14:00:00,4.8,7.5,183.0,21.3,79,8.8,0.9,988.7,410.0
2025-08-21T15:00:00,5.2,9.6,189.0,21.4,79,6.8,0.2,988.9,585.0
2025-08-21T16:00:00,6.0,16.1,196.0,21.4,79,4.9,0.0,989.0,565.0
2025-08-21T17:00:00,6.8,20.1,208.0,21.1,80,2.3,0.0,988.9,450.0
2025-08-21T18:00:00,7.1,29.3,206.0,20.5,85,3.6,0.0,989.2,255.0
2025-08-21T19:00:00,7.7,26.9,207.0,19.7,90,1.5,0.0,989.3,35.0
2025-08-21T20:00:00,8.6,27.8,206.0,19.5,92,3.7,0.0,989.7,55.0
2025-08-21T21:00:00,9.3,23.9,209.0,19.0,95,7.6,0.0,989.8,120.0
2025-08-21T22:00:00,9.5,21.8,211.0,18.4,96,7.4,0.0,989.7,130.0
2025-08-21T23:00:00,9.7,19.9,206.0,18.0,95,8.5,0.0,990.1,155.0
2025-08-22T00:00:00,9.5,14.2,199.0,17.7,95,9.4,0.0,990.1,170.0
2025-08-22T01:00:00,9.9,12.5,200.0,18.8,88,10.8,0.0,989.6,155.0
2025-08-22T02:00:00,10.3,11.5,193.0,18.5,91,10.9,0.0,990.1,175.0
2025-08-22T03:00:00,10.8,11.3,192.0,18.2,92,9.3,0.0,990.5,160.0
2025-08-22T04:00:00,11.3,11.2,199.0,17.9,93,8.6,0.0,990.5,125.0
2025-08-22T05:00:00,12.1,17.2,198.0,17.7,92,7.2,0.0,990.6,110.0
2025-08-22T06:00:00,14.6,26.5,240.0,18.5,90,4.6,0.0,991.1,105.0
2025-08-22T07:00:00,15.2,20.7,231.0,20.0,86,1.4,0.0,991.5,135.0
2025-08-22T08:00:00,14.7,19.6,227.0,21.7,80,0.0,0.0,992.2,205.0
2025-08-22T09:00:00,13.5,19.1,225.0,23.3,76,2.4,0.0,993.1,315.0
2025-08-22T10:00:00,12.5,18.8,231.0,24.7,72,4.3,0.0,993.7,440.0
2025-08-22T11:00:00,11.7,12.2,224.0,25.8,67,4.9,0.0,993.6,615.0
2025-08-22T12:00:00,9.5,5.9,209.0,26.6,62,6.1,0.0,993.7,715.0
2025-08-22T13:00:00,8.8,4.6,199.0,26.7,63,7.3,0.0,993.8,710.0
2025-08-22T14:00:00,8.6,5.1,195.0,26.7,58,8.4,0.0,993.8,880.0
2025-08-22T15:00:00,8.8,6.1,193.0,26.6,58,7.3,0.0,993.7,675.0
2025-08-22T16:00:00,8.3,9.7,195.0,25.9,63,7.8,0.0,993.7,510.0
2025-08-22T17:00:00,9.3,15.4,207.0,25.2,70,7.1,0.0,993.9,565.0
2025-08-22T18:00:00,7.8,17.9,214.0,24.0,78,5.8,0.0,994.1,325.0
2025-08-22T19:00:00,9.3,19.9,214.0,23.0,82,7.2,0.0,994.7,220.0
2025-08-22T20:00:00,12.0,22.4,216.0,22.2,84,8.8,0.0,995.0,280.0
2025-08-22T21:00:00,15.1,21.0,221.0,20.7,85,14.3,3.5,996.1,235.0
2025-08-22T22:00:00,17.6,21.2,221.0,19.4,89,9.6,4.3,995.9,145.0
2025-08-22T23:00:00,19.3,20.3,227.0,19.3,92,7.4,0.7,996.0,80.0
2025-08-23T00:00:00,18.0,19.1,230.0,18.9,92,9.3,0.0,995.9,135.0
2025-08-23T01:00:00,18.8,16.9,220.0,19.1,88,10.3,0.3,995.4,225.0
2025-08-23T02:00:00,14.2,8.1,214.0,18.9,90,8.0,0.0,995.5,175.0
2025-08-23T03:00:00,11.1,6.7,199.0,18.6,88,9.0,0.0,995.6,185.0
2025-08-23T04:00:00,10.0,6.1,197.0,18.4,85,5.1,0.0,995.6,130.0
2025-08-23T05:00:00,8.2,7.9,206.0,17.5,91,5.4,1.6,995.7,65.0
2025-08-23T06:00:00,10.0,10.4,219.0,17.7,95,9.0,1.3,996.6,145.0
2025-08-23T07:00:00,9.0,9.8,219.0,19.0,86,5.3,0.7,996.8,205.0
2025-08-23T08:00:00,6.8,8.6,213.0,20.2,79,4.9,0.0,997.0,395.0
2025-08-23T09:00:00,5.5,6.7,200.0,21.0,76,5.0,0.1,997.1,610.0
2025-08-23T10:00:00,5.7,6.4,195.0,22.0,75,4.9,0.0,996.8,735.0
2025-08-23T11:00:00,5.5,5.2,190.0,22.9,74,3.4,0.0,996.2,820.0
2025-08-23T12:00:00,6.5,4.1,190.0,24.2,71,2.4,0.0,995.8,920.0
2025-08-23T13:00:00,7.2,3.0,187.0,25.1,67,7.0,0.1,995.2,775.0
2025-08-23T14:00:00,6.7,3.0,189.0,25.8,65,6.0,0.0,994.5,850.0
2025-08-23T15:00:00,6.4,3.5,186.0,25.8,66,4.8,0.0,994.2,930.0
2025-08-23T16:00:00,6.0,6.3,189.0,25.4,66,5.4,0.0,994.2,840.0
2025-08-23T17:00:00,5.8,9.3,183.0,24.8,69,5.9,0.3,993.9,610.0
2025-08-23T18:00:00,6.8,12.4,188.0,23.4,76,7.7,0.0,994.4,230.0
2025-08-23T19:00:00,7.7,19.9,217.0,22.5,80,8.2,0.0,995.1,210.0
2025-08-23T20:00:00,8.4,22.3,216.0,21.8,84,8.0,0.0,995.6,255.0
2025-08-23T21:00:00,8.6,19.4,214.0,21.0,88,6.3,0.0,996.1,230.0
2025-08-23T22:00:00,9.2,26.6,207.0,19.8,91,4.0,0.6,996.5,225.0
2025-08-23T23:00:00,11.4,22.7,210.0,18.6,93,8.4,5.2,997.2,235.0
2025-08-24T00:00:00,12.9,14.4,193.0,18.4,94,7.7,1.7,997.3,185.0
2025-08-24T01:00:00,13.8,10.8,189.0,19.9,89,10.4,0.0,996.9,285.0
2025-08-24T02:00:00,12.1,7.0,180.0,19.0,91,12.7,0.0,997.2,430.0
2025-08-24T03:00:00,9.9,4.7,173.0,18.3,91,11.2,3.6,998.0,550.0
2025-08-24T04:00:00,8.4,4.4,170.0,17.6,96,10.8,8.7,998.3,495.0
2025-08-24T05:00:00,8.5,5.4,168.0,18.0,93,13.4,0.4,998.4,530.0
2025-08-24T06:00:00,7.8,6.2,168.0,18.5,88,12.1,0.0,999.1,600.0
2025-08-24T07:00:00,7.6,6.2,169.0,19.2,84,10.7,0.0,999.4,690.0
2025-08-24T08:00:00,7.2,5.4,165.0,20.0,77,10.8,0.0,999.9,850.0
2025-08-24T09:00:00,5.8,3.9,163.0,20.5,74,11.4,0.0,1000.2,880.0
2025-08-24T10:00:00,7.1,3.2,161.0,21.2,73,10.6,0.2,1000.4,960.0
2025-08-24T11:00:00,7.1,2.6,160.0,22.1,69,12.2,0.8,1000.1,850.0
2025-08-24T12:00:00,7.0,2.3,159.0,22.7,68,10.4,0.0,999.8,975.0
2025-08-24T13:00:00,7.6,2.1,159.0,23.2,62,13.7,0.1,999.9,990.0
2025-08-24T14:00:00,7.4,2.4,160.0,22.4,68,12.9,0.2,999.7,770.0
2025-08-24T15:00:00,7.2,3.4,163.0,22.4,69,11.6,0.2,999.3,840.0
2025-08-24T16:00:00,7.4,4.9,166.0,22.5,68,11.1,0.2,999.1,800.0
2025-08-24T17:00:00,7.7,7.7,167.0,21.6,74,8.9,0.1,999.5,690.0
2025-08-24T18:00:00,7.8,10.8,174.0,20.9,78,7.2,0.0,999.5,560.0
2025-08-24T19:00:00,8.6,14.1,178.0,20.5,80,7.3,0.0,1000.2,440.0
2025-08-24T20:00:00,9.9,16.5,180.0,20.2,81,7.1,0.0,1000.5,330.0
2025-08-24T21:00:00,11.8,16.7,181.0,19.6,84,5.7,0.0,1000.6,170.0
2025-08-24T22:00:00,13.2,16.8,183.0,19.2,86,5.3,0.0,1000.8,140.0
2025-08-24T23:00:00,13.7,15.3,183.0,18.8,85,5.6,0.0,1001.0,125.0
2025-08-25T00:00:00,13.0,12.3,178.0,18.6,84,6.0,0.0,1001.0,140.0
2025-08-25T01:00:00,12.3,11.9,180.0,18.1,90,3.6,0.0,1000.8,65.0
2025-08-25T02:00:00,13.0,10.8,179.0,17.9,90,5.3,0.0,1000.7,75.0
2025-08-25T03:00:00,12.8,10.7,176.0,17.3,91,3.9,0.0,1000.8,55.0
2025-08-25T04:00:00,13.0,11.6,177.0,17.2,91,4.0,0.0,1000.8,50.0
2025-08-25T05:00:00,15.0,19.3,200.0,17.2,91,3.2,0.0,1001.1,40.0
2025-08-25T06:00:00,18.0,32.7,224.0,18.3,88,2.8,0.0,1001.3,50.0
2025-08-25T07:00:00,19.0,28.6,230.0,19.9,81,2.7,0.0,1001.4,215.0
2025-08-25T08:00:00,15.1,22.7,198.0,21.2,78,3.8,0.0,1001.7,465.0
2025-08-25T09:00:00,11.1,13.3,179.0,22.1,73,5.0,0.2,1001.8,685.0
2025-08-25T10:00:00,10.4,10.9,169.0,22.8,67,4.4,0.1,1002.1,920.0
2025-08-25T11:00:00,10.2,7.9,166.0,23.8,63,3.9,0.0,1001.6,1125.0
2025-08-25T12:00:00,10.0,6.4,164.0,24.2,61,3.1,0.0,1001.2,1200.0
2025-08-25T13:00:00,10.3,5.4,165.0,25.1,60,3.6,0.0,1000.5,1140.0
2025-08-25T14:00:00,10.7,5.2,163.0,25.2,59,2.8,0.0,999.7,1150.0
2025-08-25T15:00:00,11.2,6.0,165.0,25.6,57,2.9,0.0,999.2,1160.0
2025-08-25T16:00:00,11.0,9.2,176.0,25.3,58,3.1,0.0,998.8,880.0
2025-08-25T17:00:00,11.1,13.9,179.0,24.9,63,2.5,0.0,998.7,680.0
2025-08-25T18:00:00,11.4,23.4,196.0,23.2,76,2.8,0.0,998.4,95.0
2025-08-25T19:00:00,12.1,31.6,211.0,22.2,82,2.5,0.0,998.8,55.0
2025-08-25T20:00:00,14.7,34.3,216.0,21.5,86,2.4,0.0,998.9,40.0
2025-08-25T21:00:00,17.7,35.0,238.0,21.1,88,2.6,0.0,998.9,45.0
2025-08-25T22:00:00,22.4,34.7,244.0,20.6,90,2.8,0.0,998.9,40.0
2025-08-25T23:00:00,24.3,30.3,232.0,20.1,90,2.9,0.0,998.9,40.0
2025-08-26T00:00:00,22.7,25.3,229.0,19.6,92,3.1,0.0,998.6,40.0
2025-08-26T01:00:00,17.5,23.8,219.0,19.0,92,4.0,0.0,998.2,50.0
2025-08-26T02:00:00,18.3,21.1,214.0,18.7,91,3.6,0.0,998.1,45.0
2025-08-26T03:00:00,18.3,18.6,206.0,18.6,90,3.9,0.0,997.9,45.0
2025-08-26T04:00:00,17.9,17.5,204.0,18.0,91,2.6,0.0,997.8,30.0
2025-08-26T05:00:00,23.4,25.3,205.0,17.9,91,2.2,0.0,998.4,30.0
2025-08-26T06:00:00,36.5,40.6,276.0,19.0,89,3.7,0.0,998.6,75.0
2025-08-26T07:00:00,36.0,30.7,252.0,20.4,85,3.0,0.0,998.8,145.0
2025-08-26T08:00:00,31.2,26.5,241.0,22.0,79,3.5,0.0,999.0,260.0
2025-08-26T09:00:00,24.3,22.2,225.0,23.5,72,3.0,0.0,999.0,450.0
2025-08-26T10:00:00,20.9,13.9,206.0,24.7,67,2.0,0.0,998.8,885.0
2025-08-26T11:00:00,20.2,8.2,188.0,25.6,62,2.1,0.0,998.7,1110.0
2025-08-26T12:00:00,13.9,6.6,183.0,26.4,57,3.1,0.0,998.1,1285.0
2025-08-26T13:00:00,15.0,5.0,174.0,27.1,56,3.6,0.0,997.8,1305.0
2025-08-26T14:00:00,15.2,5.3,169.0,27.1,55,3.6,0.0,997.3,1020.0
2025-08-26T15:00:00,14.2,6.5,171.0,27.1,54,4.1,0.0,996.9,860.0
2025-08-26T16:00:00,12.6,11.0,175.0,26.8,55,3.4,0.0,996.7,770.0
2025-08-26T17:00:00,12.1,13.9,184.0,26.3,59,3.1,0.0,997.0,115.0
2025-08-26T18:00:00,11.8,20.9,198.0,24.8,70,1.5,0.0,997.0,35.0
2025-08-26T19:00:00,12.6,33.7,218.0,23.8,75,2.7,0.0,997.6,35.0
2025-08-26T20:00:00,13.4,40.1,240.0,23.0,81,4.2,0.0,997.9,40.0
2025-08-26T21:00:00,18.6,30.2,226.0,22.3,84,4.7,0.0,997.8,70.0
2025-08-26T22:00:00,24.0,26.2,222.0,21.4,89,3.2,0.0,998.1,65.0
2025-08-26T23:00:00,27.2,26.2,220.0,21.1,89,3.3,0.0,998.0,65.0
2025-08-27T00:00:00,28.6,23.0,223.0,21.0,89,2.8,0.0,998.1,60.0
2025-08-27T01:00:00,27.1,22.6,226.0,21.6,85,2.8,0.0,997.7,65.0
2025-08-27T02:00:00,28.1,20.6,213.0,21.2,88,2.3,0.0,997.7,65.0
2025-08-27T03:00:00,28.0,19.3,204.0,20.8,88,5.1,0.0,997.6,100.0
2025-08-27T04:00:00,27.7,14.7,201.0,20.5,90,4.8,0.0,997.6,155.0
2025-08-27T05:00:00,29.4,22.2,206.0,20.2,93,4.5,0.0,997.8,120.0
2025-08-27T06:00:00,29.5,30.4,230.0,20.8,92,4.5,0.0,998.0,185.0
2025-08-27T07:00:00,26.5,27.7,210.0,21.8,88,7.2,0.0,998.3,350.0
2025-08-27T08:00:00,23.6,17.3,196.0,22.9,83,5.1,0.0,998.2,505.0
2025-08-27T09:00:00,17.0,11.7,188.0,24.0,79,3.5,0.1,998.6,660.0
2025-08-27T10:00:00,15.7,9.4,186.0,24.8,74,3.6,0.1,998.4,830.0
2025-08-27T11:00:00,16.2,8.8,188.0,25.3,71,4.0,0.1,997.8,890.0
2025-08-27T12:00:00,16.5,8.5,189.0,25.9,68,1.9,0.1,997.0,965.0
2025-08-27T13:00:00,15.6,8.4,191.0,24.8,74,6.9,0.1,997.6,635.0
2025-08-27T14:00:00,13.4,10.5,196.0,23.6,80,8.0,0.4,996.8,345.0
2025-08-27T15:00:00,12.2,13.6,205.0,23.5,81,3.7,0.3,996.8,320.0
2025-08-27T16:00:00,9.3,17.6,206.0,23.3,81,7.0,0.0,996.5,335.0
2025-08-27T17:00:00,10.7,25.0,204.0,22.5,84,9.3,0.0,996.4,225.0
2025-08-27T18:00:00,8.3,32.0,219.0,21.8,87,9.1,0.0,996.0,180.0
2025-08-27T19:00:00,9.6,33.5,217.0,21.3,88,8.0,0.2,996.6,165.0
2025-08-27T20:00:00,11.7,32.7,236.0,21.1,90,6.0,0.1,996.6,130.0
2025-08-27T21:00:00,17.4,26.3,229.0,21.1,90,6.4,0.4,996.2,150.0
2025-08-27T22:00:00,20.4,23.6,225.0,20.6,92,10.7,0.0,996.1,255.0
2025-08-27T23:00:00,18.2,15.4,215.0,20.2,89,7.8,0.7,995.6,235.0
2025-08-28T00:00:00,14.0,10.3,193.0,19.4,95,8.7,7.0,995.6,165.0
2025-08-28T01:00:00,8.2,6.8,178.0,20.5,96,9.7,0.7,994.2,355.0
2025-08-28T02:00:00,6.5,5.9,166.0,19.8,94,10.6,0.9,994.0,325.0
2025-08-28T03:00:00,7.9,5.5,165.0,20.0,93,9.2,0.0,993.4,295.0
2025-08-28T04:00:00,10.0,6.6,163.0,20.0,93,9.7,0.0,993.0,370.0
2025-08-28T05:00:00,12.2,10.9,168.0,20.3,95,10.7,0.0,992.9,470.0
2025-08-28T06:00:00,11.2,15.1,171.0,20.6,93,14.6,0.2,992.3,505.0
2025-08-28T07:00:00,9.1,12.5,169.0,21.0,93,18.9,0.2,991.7,525.0
2025-08-28T08:00:00,6.6,9.4,165.0,21.0,91,19.1,0.4,991.6,585.0
2025-08-28T09:00:00,6.0,8.6,161.0,21.6,90,18.9,0.1,991.6,685.0
2025-08-28T10:00:00,6.3,7.6,159.0,22.5,85,20.2,0.2,991.4,750.0
2025-08-28T11:00:00,7.1,7.3,156.0,23.3,81,21.5,0.2,990.7,740.0
2025-08-28T12:00:00,7.0,6.6,154.0,23.2,84,17.0,2.2,990.1,730.0
2025-08-28T13:00:00,7.8,6.7,154.0,24.6,77,7.6,1.0,990.8,790.0
2025-08-28T14:00:00,8.2,7.3,153.0,21.7,92,7.3,3.2,990.6,125.0
2025-08-28T15:00:00,8.3,10.0,159.0,21.6,91,8.5,4.1,990.2,285.0
2025-08-28T16:00:00,6.3,12.2,166.0,21.2,91,8.5,2.0,989.5,350.0
2025-08-28T17:00:00,7.2,13.5,170.0,20.4,95,4.1,5.8,989.6,290.0
2025-08-28T18:00:00,7.5,14.2,171.0,19.9,97,3.6,7.1,988.5,180.0
2025-08-28T19:00:00,6.8,20.0,176.0,19.3,97,7.1,6.2,989.1,200.0
2025-08-28T20:00:00,7.2,19.3,185.0,19.4,96,6.8,2.3,988.9,290.0
2025-08-28T21:00:00,5.6,16.2,181.0,19.5,96,2.2,5.1,988.5,145.0
2025-08-28T22:00:00,7.9,15.8,166.0,19.4,95,3.1,9.9,989.2,80.0
2025-08-28T23:00:00,7.4,13.2,164.0,19.2,96,7.1,0.4,988.2,270.0
2025-08-29T00:00:00,8.5,9.2,168.0,18.7,98,3.0,0.0,988.7,210.0
2025-08-29T01:00:00,9.9,9.9,162.0,19.2,95,9.2,0.2,988.0,220.0
2025-08-29T02:00:00,6.2,10.3,163.0,19.0,95,8.8,0.0,988.4,260.0
2025-08-29T03:00:00,6.3,10.3,162.0,18.6,96,6.6,0.1,988.6,200.0
2025-08-29T04:00:00,6.5,11.9,161.0,18.5,98,7.1,0.0,988.8,200.0
2025-08-29T05:00:00,6.0,16.6,165.0,18.4,97,7.3,0.0,988.7,200.0
2025-08-29T06:00:00,6.7,22.7,185.0,18.5,97,6.0,0.0,989.0,190.0
2025-08-29T07:00:00,8.8,22.0,177.0,18.9,95,6.3,0.0,989.1,180.0
2025-08-29T08:00:00,6.3,16.6,170.0,19.5,92,5.8,0.2,989.2,285.0
2025-08-29T09:00:00,7.6,15.4,167.0,20.3,88,6.2,0.2,989.1,350.0
2025-08-29T10:00:00,6.3,12.6,156.0,19.8,89,7.0,0.2,989.3,345.0
2025-08-29T11:00:00,7.3,8.5,150.0,20.3,83,9.2,0.2,989.3,450.0
2025-08-29T12:00:00,7.6,8.0,151.0,19.7,87,6.1,1.2,989.0,325.0
2025-08-29T13:00:00,6.5,6.9,153.0,21.9,72,8.8,2.3,988.0,600.0
2025-08-29T14:00:00,6.4,7.4,152.0,20.0,81,8.0,3.0,988.0,465.0
2025-08-29T15:00:00,6.7,9.2,157.0,19.8,82,10.6,0.0,987.9,460.0
2025-08-29T16:00:00,5.5,13.6,166.0,19.5,81,11.6,0.1,987.8,450.0
2025-08-29T17:00:00,5.3,16.4,170.0,19.3,79,9.5,0.0,987.6,345.0
2025-08-29T18:00:00,5.1,22.0,187.0,18.0,83,5.6,3.5,987.5,140.0
2025-08-29T19:00:00,6.6,24.8,191.0,16.9,92,9.4,5.5,988.6,210.0
2025-08-29T20:00:00,4.1,22.6,194.0,16.8,92,13.5,0.6,988.3,355.0
2025-08-29T21:00:00,4.9,17.8,188.0,16.6,92,4.1,0.5,988.1,280.0
2025-08-29T22:00:00,4.1,15.9,178.0,16.5,93,7.3,7.3,988.9,165.0
2025-08-29T23:00:00,3.3,12.4,164.0,16.8,94,3.0,0.8,988.7,155.0
2025-08-30T00:00:00,3.4,8.2,164.0,16.6,94,7.7,0.8,988.2,305.0
2025-08-30T01:00:00,4.2,6.7,162.0,16.5,92,12.3,4.0,988.1,245.0
2025-08-30T02:00:00,3.3,5.4,154.0,16.3,93,11.2,2.7,988.5,305.0
2025-08-30T03:00:00,3.2,4.5,149.0,16.4,93,9.5,0.1,988.8,315.0
2025-08-30T04:00:00,3.5,4.8,147.0,16.4,92,10.4,0.5,989.2,420.0
2025-08-30T05:00:00,4.1,6.8,152.0,16.4,92,5.5,0.1,989.3,230.0
2025-08-30T06:00:00,4.8,9.8,165.0,16.6,93,5.5,0.9,989.6,270.0
2025-08-30T07:00:00,4.9,8.8,162.0,17.0,91,5.4,0.3,990.0,250.0
2025-08-30T08:00:00,4.8,8.5,159.0,18.2,84,5.4,0.1,990.9,360.0
2025-08-30T09:00:00,3.4,7.4,157.0,19.5,73,5.0,0.1,991.4,540.0
2025-08-30T10:00:00,3.8,6.3,156.0,21.0,65,3.2,0.0,991.8,720.0
2025-08-30T11:00:00,3.5,5.0,150.0,21.8,59,3.0,0.0,991.8,705.0
2025-08-30T12:00:00,3.8,3.9,148.0,23.1,54,2.7,0.0,991.6,810.0
2025-08-30T13:00:00,3.5,2.5,147.0,24.0,52,5.4,0.0,991.7,985.0
2025-08-30T14:00:00,3.2,2.6,145.0,24.4,54,6.2,0.0,991.3,950.0
2025-08-30T15:00:00,3.0,3.2,146.0,24.3,56,5.6,0.0,991.5,870.0
2025-08-30T16:00:00,3.6,5.2,149.0,23.9,57,5.4,0.0,991.9,775.0
2025-08-30T17:00:00,4.5,7.8,160.0,23.1,66,4.0,0.0,992.0,290.0
2025-08-30T18:00:00,5.0,14.7,174.0,21.2,76,4.2,0.0,992.3,100.0
2025-08-30T19:00:00,6.4,21.5,185.0,20.2,79,3.6,0.0,993.0,45.0
2025-08-30T20:00:00,7.2,23.7,182.0,19.4,81,4.1,0.0,993.6,45.0
2025-08-30T21:00:00,6.5,23.2,190.0,18.9,81,4.7,0.0,994.0,50.0
2025-08-30T22:00:00,5.6,23.6,187.0,18.4,83,4.3,0.0,994.1,40.0
2025-08-30T23:00:00,6.8,27.8,184.0,17.6,87,3.6,0.0,994.3,35.0
2025-08-31T00:00:00,10.1,32.4,196.0,17.0,91,3.3,0.0,994.2,30.0
2025-08-31T01:00:00,12.8,28.2,200.0,17.3,87,0.9,0.0,994.1,15.0
2025-08-31T02:00:00,14.8,25.3,196.0,16.8,89,2.5,0.0,994.3,35.0
2025-08-31T03:00:00,16.8,25.9,192.0,16.7,87,2.1,0.0,994.5,40.0
2025-08-31T04:00:00,17.9,23.5,194.0,16.4,88,1.1,0.0,995.0,35.0
2025-08-31T05:00:00,18.1,23.7,198.0,15.8,92,1.9,0.0,995.3,30.0
2025-08-31T06:00:00,19.3,16.0,206.0,16.8,93,3.9,0.0,995.7,35.0
2025-08-31T07:00:00,17.4,16.1,200.0,18.6,88,2.1,0.0,996.1,90.0
2025-08-31T08:00:00,13.5,12.3,193.0,20.3,81,2.0,0.0,996.5,215.0
2025-08-31T09:00:00,11.8,12.9,179.0,21.7,77,2.8,0.0,996.9,355.0
2025-08-31T10:00:00,10.2,9.1,170.0,23.0,71,2.3,0.0,997.0,490.0
2025-08-31T11:00:00,9.6,6.1,164.0,24.1,65,2.0,0.0,996.7,635.0
2025-08-31T12:00:00,7.1,3.7,152.0,25.0,59,3.3,0.0,996.4,830.0
2025-08-31T13:00:00,6.8,2.6,148.0,25.5,57,4.6,0.0,996.0,915.0
2025-08-31T14:00:00,6.5,2.7,144.0,25.6,54,3.3,0.0,995.6,875.0
2025-08-31T15:00:00,6.3,3.3,146.0,25.8,51,2.2,0.0,995.6,800.0
2025-08-31T16:00:00,6.3,6.7,154.0,25.5,53,3.4,0.0,995.3,745.0
2025-08-31T17:00:00,6.6,9.0,162.0,24.3,70,1.5,0.0,995.0,50.0
2025-08-31T18:00:00,7.8,18.7,179.0,22.7,75,2.9,0.0,994.8,35.0
2025-08-31T19:00:00,8.9,23.2,189.0,22.2,70,8.2,0.0,995.7,200.0
2025-08-31T20:00:00,9.4,23.7,175.0,21.2,72,7.2,0.0,996.1,280.0
2025-08-31T21:00:00,9.9,15.0,164.0,20.0,77,5.6,0.0,996.0,180.0
2025-08-31T22:00:00,8.7,12.6,148.0,19.3,80,4.7,0.0,995.9,90.0
2025-08-31T23:00:00,7.8,12.5,147.0,18.9,82,5.1,0.0,996.0,70.0
2025-09-01T00:00:00,8.0,12.4,144.0,18.6,85,5.3,0.0,995.7,60.0
2025-09-01T01:00:00,8.4,12.5,142.0,19.8,81,4.7,0.0,995.4,105.0
2025-09-01T02:00:00,9.1,13.1,142.0,19.2,85,4.7,0.0,994.8,65.0
2025-09-01T03:00:00,10.5,13.8,144.0,18.9,87,4.7,0.0,995.0,65.0
2025-09-01T04:00:00,14.3,15.1,149.0,18.7,86,4.0,0.0,994.5,60.0
2025-09-01T05:00:00,16.7,23.0,176.0,18.3,88,2.9,0.0,994.7,45.0
2025-09-01T06:00:00,16.6,39.5,230.0,19.4,83,2.1,0.0,994.9,35.0
2025-09-01T07:00:00,13.8,37.2,207.0,20.7,82,2.7,0.0,995.1,105.0
2025-09-01T08:00:00,11.8,28.9,204.0,22.1,71,3.1,0.0,995.5,295.0
2025-09-01T09:00:00,13.5,23.4,185.0,23.1,66,3.1,0.0,995.6,595.0
2025-09-01T10:00:00,11.9,15.5,170.0,23.6,64,2.7,0.0,995.4,845.0
2025-09-01T11:00:00,13.2,13.1,166.0,23.8,62,1.6,0.0,995.1,990.0
2025-09-01T12:00:00,13.0,12.8,161.0,24.5,60,0.7,0.0,994.6,1005.0
2025-09-01T13:00:00,10.8,10.9,159.0,22.5,70,6.5,0.1,995.7,455.0
2025-09-01T14:00:00,8.7,10.7,161.0,21.2,80,9.6,2.6,995.3,395.0
2025-09-01T15:00:00,10.0,14.3,174.0,20.0,82,8.9,0.4,994.7,195.0
2025-09-01T16:00:00,10.4,17.8,187.0,19.6,87,6.6,0.1,994.5,175.0
2025-09-01T17:00:00,10.9,25.7,190.0,19.8,87,7.4,0.4,993.8,200.0
2025-09-01T18:00:00,13.8,32.3,197.0,19.3,88,7.5,0.2,993.3,230.0
2025-09-01T19:00:00,15.5,32.2,203.0,18.4,94,9.6,2.9,994.2,230.0
2025-09-01T20:00:00,14.0,35.5,196.0,18.2,92,7.2,2.1,994.4,175.0
2025-09-01T21:00:00,12.9,31.4,209.0,18.1,92,5.4,3.9,994.2,90.0
2025-09-01T22:00:00,9.3,26.6,207.0,17.9,94,6.4,3.5,993.4,130.0
2025-09-01T23:00:00,7.4,19.8,180.0,17.5,97,10.5,5.3,993.0,160.0
2025-09-02T00:00:00,6.3,11.0,162.0,17.2,97,7.5,1.9,992.9,105.0
2025-09-02T01:00:00,3.8,9.2,161.0,17.6,95,4.5,0.1,992.9,110.0
2025-09-02T02:00:00,4.0,7.1,151.0,17.3,97,8.2,0.1,993.0,155.0
2025-09-02T03:00:00,4.0,5.5,144.0,17.1,94,6.9,0.1,993.0,165.0
2025-09-02T04:00:00,3.6,6.8,144.0,16.8,95,4.8,0.0,992.9,120.0
2025-09-02T05:00:00,4.9,10.5,153.0,16.7,94,4.7,0.0,992.9,100.0
2025-09-02T06:00:00,5.3,26.6,176.0,17.4,92,4.8,0.0,992.9,160.0
2025-09-02T07:00:00,5.0,30.0,182.0,18.4,86,2.5,0.1,993.0,195.0
2025-09-02T08:00:00,5.6,22.9,177.0,18.9,84,0.2,0.0,993.2,315.0
2025-09-02T09:00:00,6.1,18.8,171.0,19.9,78,1.5,0.0,993.5,605.0
2025-09-02T10:00:00,5.2,13.5,164.0,21.0,73,2.0,0.1,993.3,635.0
2025-09-02T11:00:00,5.2,8.8,158.0,21.8,71,3.5,0.1,993.2,790.0
2025-09-02T12:00:00,4.7,7.4,155.0,22.6,71,3.4,0.0,992.6,920.0
2025-09-02T13:00:00,4.7,6.6,156.0,23.4,66,3.6,0.1,993.1,1235.0
2025-09-02T14:00:00,5.6,7.3,159.0,23.5,65,2.8,0.0,992.9,1225.0
2025-09-02T15:00:00,6.2,9.8,163.0,22.9,66,5.1,0.0,993.0,885.0
2025-09-02T16:00:00,7.7,13.6,174.0,22.3,69,5.6,0.0,993.1,465.0
2025-09-02T17:00:00,10.0,21.8,201.0,21.7,76,4.8,0.0,993.6,325.0
2025-09-02T18:00:00,10.5,29.8,212.0,20.4,85,2.0,0.0,994.3,105.0
2025-09-02T19:00:00,12.5,39.4,229.0,20.0,86,3.1,0.0,994.7,115.0
2025-09-02T20:00:00,16.3,40.5,224.0,19.4,87,2.0,0.0,995.6,90.0
2025-09-02T21:00:00,20.1,38.3,224.0,18.8,88,2.0,0.0,995.7,50.0
2025-09-02T22:00:00,24.6,35.9,230.0,18.5,88,0.8,0.0,995.9,35.0
2025-09-02T23:00:00,24.8,37.2,241.0,18.1,89,1.1,0.0,996.1,40.0
2025-09-03T00:00:00,23.4,28.3,228.0,17.7,90,1.0,0.0,995.9,35.0
2025-09-03T01:00:00,25.4,24.8,226.0,17.4,91,2.7,0.0,996.0,30.0
2025-09-03T02:00:00,26.3,22.6,223.0,16.9,92,3.3,0.0,996.0,30.0
2025-09-03T03:00:00,27.2,21.7,225.0,16.7,92,2.3,0.0,996.2,25.0
2025-09-03T04:00:00,27.6,26.9,232.0,16.4,92,0.7,0.0,996.3,15.0
2025-09-03T05:00:00,29.7,35.2,246.0,16.2,93,3.6,0.0,996.6,40.0
2025-09-03T06:00:00,34.8,39.0,283.0,16.7,92,5.1,0.0,997.1,55.0
2025-09-03T07:00:00,33.5,37.7,284.0,18.4,89,3.5,0.0,997.5,90.0
2025-09-03T08:00:00,29.1,29.6,281.0,20.5,82,2.7,0.0,998.1,225.0
2025-09-03T09:00:00,24.9,23.5,251.0,22.1,76,2.4,0.0,998.9,460.0
2025-09-03T10:00:00,22.2,18.5,219.0,23.2,69,2.5,0.0,999.2,705.0
2025-09-03T11:00:00,17.8,12.3,193.0,24.1,63,3.6,0.1,999.1,830.0
2025-09-03T12:00:00,15.5,7.4,175.0,24.7,62,2.2,0.0,998.5,885.0
2025-09-03T13:00:00,13.7,7.0,170.0,24.9,61,2.2,0.0,998.3,965.0
2025-09-03T14:00:00,12.4,6.9,166.0,25.2,60,2.6,0.0,997.9,1015.0
2025-09-03T15:00:00,11.8,8.1,167.0,25.2,60,1.1,0.0,997.7,960.0
2025-09-03T16:00:00,11.8,12.3,173.0,25.0,60,2.3,0.0,997.6,855.0
2025-09-03T17:00:00,13.6,22.7,194.0,24.1,69,3.0,0.0,997.9,160.0
2025-09-03T18:00:00,14.1,34.5,208.0,22.8,73,1.0,0.0,997.8,20.0
2025-09-03T19:00:00,14.9,37.1,213.0,22.5,73,0.3,0.0,998.5,10.0
2025-09-03T20:00:00,18.5,33.4,214.0,21.4,78,2.0,0.0,998.7,25.0
2025-09-03T21:00:00,21.3,36.8,228.0,20.5,82,2.6,0.0,998.9,30.0
2025-09-03T22:00:00,24.7,35.3,231.0,19.7,86,4.2,0.0,998.9,45.0
2025-09-03T23:00:00,27.4,33.5,225.0,19.3,85,5.8,0.0,999.0,70.0
2025-09-04T00:00:00,26.6,30.9,212.0,18.7,88,5.2,0.0,998.8,60.0
2025-09-04T01:00:00,28.6,27.6,202.0,18.3,92,6.0,0.0,998.6,40.0
2025-09-04T02:00:00,28.5,24.0,198.0,18.1,91,5.5,0.0,998.4,50.0
2025-09-04T03:00:00,29.8,22.8,198.0,17.5,93,2.8,0.0,998.2,45.0
2025-09-04T04:00:00,29.5,21.6,202.0,17.2,94,1.8,0.0,998.4,30.0
2025-09-04T05:00:00,28.1,29.9,220.0,16.8,95,1.5,0.0,998.5,15.0
2025-09-04T06:00:00,38.6,41.3,269.0,18.0,94,2.7,0.0,998.9,30.0
2025-09-04T07:00:00,33.5,36.3,270.0,19.5,89,1.2,0.0,999.1,110.0
2025-09-04T08:00:00,29.7,28.8,248.0,21.2,83,0.6,0.0,999.6,200.0
2025-09-04T09:00:00,19.1,25.7,209.0,23.0,75,1.1,0.0,999.7,335.0
2025-09-04T10:00:00,16.5,16.1,189.0,24.4,65,2.1,0.0,999.7,580.0
2025-09-04T11:00:00,12.7,10.6,175.0,25.3,62,1.9,0.0,999.0,890.0
2025-09-04T12:00:00,11.8,6.5,163.0,25.9,59,1.7,0.0,998.4,985.0
2025-09-04T13:00:00,11.7,6.5,160.0,26.5,55,0.8,0.0,998.0,1115.0
2025-09-04T14:00:00,11.4,6.2,159.0,26.8,52,2.7,0.0,997.1,965.0
2025-09-04T15:00:00,10.8,9.6,157.0,26.8,50,2.3,0.0,996.9,725.0
2025-09-04T16:00:00,9.4,12.8,165.0,26.6,52,3.5,0.0,997.0,890.0
2025-09-04T17:00:00,11.4,19.4,184.0,24.6,67,7.3,0.0,997.2,215.0
2025-09-04T18:00:00,10.2,32.2,187.0,22.6,81,3.6,0.0,997.4,130.0
2025-09-04T19:00:00,12.7,35.7,201.0,22.3,82,3.6,0.0,997.7,120.0
2025-09-04T20:00:00,16.3,37.6,216.0,21.3,82,4.9,1.6,997.9,70.0
2025-09-04T21:00:00,17.7,37.9,235.0,19.8,87,2.7,3.5,998.0,45.0
2025-09-04T22:00:00,13.6,30.2,230.0,19.5,92,6.7,0.0,997.8,55.0
2025-09-04T23:00:00,11.2,17.8,206.0,18.9,93,8.1,0.4,998.2,105.0
2025-09-05T00:00:00,8.3,10.2,179.0,18.6,93,6.6,1.0,997.9,80.0
2025-09-05T01:00:00,7.5,7.0,168.0,18.8,92,0.4,0.1,997.9,55.0
2025-09-05T02:00:00,6.6,6.6,162.0,18.4,92,2.4,0.1,997.7,65.0
2025-09-05T03:00:00,6.3,5.6,152.0,17.9,94,3.1,0.0,997.5,40.0
2025-09-05T04:00:00,5.9,8.4,149.0,17.8,95,4.5,0.0,997.6,40.0
2025-09-05T05:00:00,6.4,13.5,165.0,17.1,97,3.3,0.0,997.9,35.0
2025-09-05T06:00:00,8.1,35.4,191.0,17.9,96,3.0,0.0,998.4,40.0
2025-09-05T07:00:00,9.8,34.4,198.0,19.5,92,1.2,0.0,998.5,85.0
2025-09-05T08:00:00,8.8,26.9,189.0,20.5,83,7.0,0.1,999.4,285.0
2025-09-05T09:00:00,8.3,20.5,174.0,21.6,82,2.4,0.0,999.4,435.0
2025-09-05T10:00:00,7.3,10.5,160.0,22.3,80,1.9,0.1,999.8,670.0
2025-09-05T11:00:00,6.1,7.7,151.0,23.3,75,1.8,0.1,999.6,815.0
2025-09-05T12:00:00,5.8,5.7,147.0,24.3,70,2.5,0.0,999.2,985.0
2025-09-05T13:00:00,5.2,6.0,148.0,24.7,68,3.5,0.0,999.2,800.0
2025-09-05T14:00:00,4.3,4.9,148.0,25.4,60,4.5,0.0,999.2,1210.0
2025-09-05T15:00:00,3.2,7.1,145.0,25.3,50,7.8,0.0,999.1,820.0
2025-09-05T16:00:00,3.6,9.7,146.0,24.8,52,6.0,0.0,999.0,440.0
2025-09-05T17:00:00,4.3,15.8,163.0,23.5,60,5.3,0.0,999.3,300.0
2025-09-05T18:00:00,5.0,22.2,182.0,21.8,58,6.7,0.0,999.6,180.0
2025-09-05T19:00:00,5.2,28.8,175.0,20.4,59,8.0,0.0,1000.5,125.0
2025-09-05T20:00:00,6.4,28.0,177.0,19.3,59,10.0,0.0,1000.9,125.0
2025-09-05T21:00:00,7.1,25.2,184.0,18.3,61,10.3,0.0,1001.4,115.0
2025-09-05T22:00:00,6.1,20.2,173.0,17.8,71,8.5,0.0,1001.8,80.0
2025-09-05T23:00:00,5.9,20.3,176.0,17.5,77,7.5,0.0,1002.1,60.0
2025-09-06T00:00:00,8.4,18.4,173.0,17.0,78,7.6,0.0,1002.3,55.0
2025-09-06T01:00:00,9.8,15.3,166.0,16.5,71,7.0,0.0,1001.9,55.0
2025-09-06T02:00:00,10.3,11.9,161.0,15.9,77,4.4,0.0,1002.1,40.0
2025-09-06T03:00:00,9.5,10.3,160.0,15.3,80,2.9,0.0,1002.4,35.0
2025-09-06T04:00:00,8.3,11.1,159.0,15.0,82,3.3,0.0,1002.4,35.0
2025-09-06T05:00:00,8.7,13.2,158.0,15.0,83,4.8,0.0,1002.9,45.0
2025-09-06T06:00:00,12.3,17.1,165.0,16.0,82,5.9,0.0,1003.2,55.0
2025-09-06T07:00:00,16.5,14.1,178.0,18.0,81,3.5,0.0,1003.6,105.0
2025-09-06T08:00:00,15.5,13.0,186.0,19.7,76,2.8,0.0,1003.9,200.0
2025-09-06T09:00:00,17.7,14.3,195.0,21.3,69,2.7,0.0,1004.3,305.0
2025-09-06T10:00:00,15.3,11.8,180.0,22.6,63,2.9,0.0,1004.5,440.0
2025-09-06T11:00:00,13.2,8.6,174.0,23.6,58,2.7,0.0,1004.2,570.0
2025-09-06T12:00:00,9.6,5.9,172.0,24.5,54,2.5,0.0,1004.0,690.0
2025-09-06T13:00:00,8.7,4.5,163.0,25.2,54,1.6,0.0,1003.6,890.0
2025-09-06T14:00:00,7.5,4.5,160.0,25.4,51,1.5,0.0,1003.0,830.0
2025-09-06T15:00:00,6.4,5.5,160.0,25.5,49,1.7,0.0,1002.6,845.0
2025-09-06T16:00:00,6.6,9.2,165.0,25.4,50,1.3,0.0,1002.5,850.0
2025-09-06T17:00:00,8.4,17.1,179.0,24.6,58,2.6,0.0,1002.7,30.0
2025-09-06T18:00:00,9.3,33.3,216.0,22.5,67,0.9,0.0,1002.7,15.0
2025-09-06T19:00:00,11.5,45.7,230.0,21.5,71,0.9,0.0,1003.1,15.0
2025-09-06T20:00:00,16.0,48.8,241.0,20.8,73,0.8,0.0,1003.4,15.0
2025-09-06T21:00:00,18.9,41.2,250.0,19.9,78,2.2,0.0,1003.6,25.0
2025-09-06T22:00:00,18.9,36.7,222.0,19.4,81,4.1,0.0,1003.8,35.0
2025-09-06T23:00:00,16.4,37.9,215.0,19.0,84,4.4,0.0,1004.0,40.0
2025-09-07T00:00:00,15.4,30.6,212.0,18.5,86,4.3,0.0,1004.0,45.0
2025-09-07T01:00:00,16.3,25.4,210.0,17.4,91,3.3,0.0,1003.8,35.0
2025-09-07T02:00:00,16.1,22.6,207.0,17.1,91,3.1,0.0,1003.6,25.0
2025-09-07T03:00:00,14.9,18.6,203.0,16.7,92,3.4,0.0,1003.2,20.0
2025-09-07T04:00:00,14.5,16.0,187.0,16.2,93,4.2,0.0,1002.8,30.0
2025-09-07T05:00:00,15.5,15.3,192.0,15.5,93,3.1,0.0,1002.8,20.0
2025-09-07T06:00:00,21.1,16.4,193.0,16.7,91,1.3,0.0,1003.0,10.0
2025-09-07T07:00:00,20.3,12.1,195.0,18.8,85,2.2,0.0,1003.4,95.0
2025-09-07T08:00:00,17.8,10.6,197.0,20.6,79,1.5,0.0,1003.4,170.0
2025-09-07T09:00:00,15.1,11.9,192.0,22.4,70,1.7,0.0,1003.2,335.0
2025-09-07T10:00:00,10.4,9.5,182.0,23.6,64,1.3,0.0,1003.0,565.0
2025-09-07T11:00:00,10.0,6.7,175.0,24.5,59,1.2,0.0,1002.4,800.0
2025-09-07T12:00:00,11.2,4.4,167.0,25.1,55,0.9,0.0,1001.6,950.0
2025-09-07T13:00:00,11.2,3.4,157.0,25.5,52,2.9,0.0,1001.1,985.0
2025-09-07T14:00:00,10.9,3.8,160.0,25.6,51,2.7,0.0,1000.6,915.0
2025-09-07T15:00:00,10.6,5.2,166.0,25.5,52,1.9,0.0,1000.1,765.0
2025-09-07T16:00:00,10.4,10.0,176.0,25.1,54,2.1,0.0,999.7,285.0
2025-09-07T17:00:00,11.6,16.0,182.0,24.2,65,2.3,0.0,999.8,65.0
2025-09-07T18:00:00,11.4,26.5,203.0,22.6,67,2.0,0.0,999.8,35.0
2025-09-07T19:00:00,12.8,40.3,210.0,22.1,66,1.5,0.0,1000.5,25.0
2025-09-07T20:00:00,15.0,44.0,216.0,22.0,64,0.6,0.0,1000.3,25.0
2025-09-07T21:00:00,19.0,41.1,236.0,21.0,68,1.6,0.0,1000.2,35.0
2025-09-07T22:00:00,25.9,34.3,258.0,19.9,78,4.0,0.0,1000.2,40.0
2025-09-07T23:00:00,25.4,32.3,247.0,19.2,83,2.5,0.0,1000.0,30.0
2025-09-08T00:00:00,27.7,29.7,240.0,18.5,86,1.5,0.0,999.8,20.0
2025-09-08T01:00:00,30.2,27.5,243.0,18.4,87,2.7,0.0,999.5,35.0
2025-09-08T02:00:00,31.2,23.7,240.0,18.0,90,4.5,0.0,998.9,40.0
2025-09-08T03:00:00,25.0,16.9,233.0,17.5,91,3.3,0.0,998.6,35.0
2025-09-08T04:00:00,24.9,17.5,229.0,16.9,92,2.5,0.0,998.4,35.0
2025-09-08T05:00:00,28.7,28.3,228.0,16.5,92,2.3,0.0,998.4,40.0
2025-09-08T06:00:00,31.4,38.7,269.0,17.7,89,3.4,0.0,998.4,55.0
2025-09-08T07:00:00,28.9,43.0,287.0,18.8,87,2.9,0.0,998.6,100.0
2025-09-08T08:00:00,30.3,40.7,286.0,20.1,81,2.3,0.0,998.7,170.0
2025-09-08T09:00:00,34.2,34.6,276.0,21.1,76,2.6,0.0,998.7,250.0
2025-09-08T10:00:00,30.4,34.3,244.0,22.3,71,2.5,0.0,998.7,325.0
2025-09-08T11:00:00,30.4,24.4,234.0,22.6,69,3.0,0.0,998.6,360.0
2025-09-08T12:00:00,30.3,23.1,229.0,22.7,68,3.0,0.0,998.3,360.0
2025-09-08T13:00:00,28.7,23.5,227.0,22.4,69,2.1,0.0,998.1,240.0
2025-09-08T14:00:00,28.2,19.6,224.0,22.9,66,1.0,0.0,997.7,260.0
2025-09-08T15:00:00,25.3,25.2,229.0,22.7,66,0.4,0.0,997.4,210.0
2025-09-08T16:00:00,26.5,27.0,236.0,23.0,66,1.0,0.0,997.2,255.0
2025-09-08T17:00:00,31.5,45.3,269.0,22.4,75,0.8,0.0,996.9,20.0
2025-09-08T18:00:00,36.5,54.3,288.0,21.0,79,1.0,0.0,997.0,15.0
2025-09-08T19:00:00,39.5,62.1,315.0,20.6,81,0.4,0.0,997.0,10.0
2025-09-08T20:00:00,46.4,59.8,314.0,19.9,83,0.4,0.0,997.0,10.0
2025-09-08T21:00:00,54.2,57.0,343.0,19.3,86,1.3,0.0,997.0,15.0
2025-09-08T22:00:00,59.7,58.6,344.0,18.8,89,2.2,0.0,996.8,25.0
2025-09-08T23:00:00,64.5,47.2,331.0,18.4,91,1.8,0.0,996.6,25.0
2025-09-09T00:00:00,65.9,42.9,324.0,18.1,92,2.7,0.0,996.6,25.0
2025-09-09T01:00:00,63.6,39.2,312.0,18.9,93,3.1,0.0,996.2,30.0
2025-09-09T02:00:00,62.7,28.0,291.0,18.5,94,2.7,0.0,995.9,35.0
2025-09-09T03:00:00,49.1,25.0,274.0,18.5,93,3.1,0.0,995.6,45.0
2025-09-09T04:00:00,50.2,23.7,257.0,18.3,93,2.6,0.0,995.4,40.0
2025-09-09T05:00:00,46.4,28.5,253.0,18.2,92,4.1,0.0,995.5,35.0
2025-09-09T06:00:00,48.8,43.3,283.0,18.6,90,6.1,0.0,995.6,60.0
2025-09-09T07:00:00,42.6,43.5,328.0,19.8,85,3.7,0.0,995.8,140.0
2025-09-09T08:00:00,39.6,34.8,305.0,20.9,82,3.8,0.0,996.1,280.0
2025-09-09T09:00:00,34.3,27.7,271.0,21.9,80,3.3,0.0,996.2,475.0
2025-09-09T10:00:00,32.5,20.3,239.0,22.6,79,2.5,0.0,996.1,615.0
2025-09-09T11:00:00,31.9,14.4,219.0,23.4,75,3.0,0.1,995.5,860.0
2025-09-09T12:00:00,26.9,11.1,202.0,24.0,70,4.7,0.1,994.9,895.0
2025-09-09T13:00:00,23.3,9.5,190.0,25.2,66,3.0,0.0,995.0,1215.0
2025-09-09T14:00:00,22.9,8.2,187.0,24.7,67,4.8,0.1,994.4,930.0
2025-09-09T15:00:00,22.0,8.2,183.0,23.4,73,7.4,0.1,994.4,360.0
2025-09-09T16:00:00,20.3,14.6,198.0,23.3,75,4.1,0.0,994.5,355.0
2025-09-09T17:00:00,20.6,19.0,211.0,23.0,78,2.5,0.0,994.6,370.0
2025-09-09T18:00:00,21.0,37.7,232.0,22.3,81,2.7,0.0,994.8,230.0
2025-09-09T19:00:00,24.2,45.3,245.0,20.2,89,1.3,0.5,995.2,40.0
2025-09-09T20:00:00,32.3,33.5,226.0,18.7,97,3.2,5.8,995.6,45.0
2025-09-09T21:00:00,26.5,22.8,229.0,18.8,95,5.2,0.1,995.2,110.0
2025-09-09T22:00:00,17.7,16.4,194.0,18.3,96,5.1,2.4,995.1,95.0
2025-09-09T23:00:00,14.9,14.5,203.0,18.1,96,4.0,1.5,994.9,95.0
2025-09-10T00:00:00,9.0,15.2,225.0,18.0,97,4.3,4.2,994.7,135.0
2025-09-10T01:00:00,8.9,13.1,231.0,18.3,99,9.4,5.1,993.9,315.0
2025-09-10T02:00:00,8.5,10.2,218.0,18.1,94,15.5,11.8,993.3,480.0
2025-09-10T03:00:00,7.3,8.4,196.0,18.4,94,8.8,3.7,992.9,370.0
2025-09-10T04:00:00,12.1,9.0,183.0,18.2,96,8.6,0.2,992.1,330.0
2025-09-10T05:00:00,9.8,13.3,164.0,18.0,97,7.1,2.2,992.5,360.0
2025-09-10T06:00:00,9.0,24.7,187.0,17.9,98,6.1,2.6,992.2,415.0
2025-09-10T07:00:00,8.0,27.7,188.0,18.1,99,6.9,2.6,991.9,465.0
2025-09-10T08:00:00,7.5,24.2,191.0,18.3,98,10.4,1.1,991.6,445.0
2025-09-10T09:00:00,6.6,20.7,179.0,19.4,92,8.2,0.5,991.8,440.0
2025-09-10T10:00:00,6.8,15.9,176.0,20.1,88,7.7,0.1,991.4,475.0
2025-09-10T11:00:00,6.5,14.3,176.0,20.9,80,6.9,2.8,990.9,515.0
2025-09-10T12:00:00,6.5,16.1,181.0,21.1,79,4.8,1.7,990.2,385.0
2025-09-10T13:00:00,8.1,17.6,185.0,22.2,76,1.6,0.1,990.1,575.0
2025-09-10T14:00:00,7.6,18.5,183.0,22.6,75,2.5,0.0,989.5,715.0
2025-09-10T15:00:00,5.8,19.4,184.0,22.6,74,4.4,0.0,989.3,670.0
2025-09-10T16:00:00,6.3,25.9,195.0,22.1,77,4.5,0.0,989.5,525.0
2025-09-10T17:00:00,7.9,32.1,210.0,21.6,79,1.8,0.0,989.5,125.0
2025-09-10T18:00:00,9.5,44.2,236.0,19.6,90,1.8,0.0,989.9,50.0
2025-09-10T19:00:00,11.2,39.3,251.0,19.2,90,1.8,0.0,990.3,25.0
2025-09-10T20:00:00,12.0,39.6,263.0,18.7,88,3.2,0.4,990.6,50.0
2025-09-10T21:00:00,13.9,37.3,255.0,17.8,93,3.6,1.9,991.3,105.0
2025-09-10T22:00:00,15.6,40.1,247.0,18.3,92,4.3,0.0,991.2,165.0
2025-09-10T23:00:00,16.3,33.0,243.0,17.8,95,5.4,0.0,991.5,160.0
2025-09-11T00:00:00,12.8,24.1,201.0,16.8,96,2.9,0.0,991.2,70.0
2025-09-11T01:00:00,15.2,19.9,200.0,17.2,97,4.0,0.2,991.8,85.0
2025-09-11T02:00:00,16.0,16.1,200.0,16.4,97,1.5,0.0,991.8,55.0
2025-09-11T03:00:00,15.8,13.6,196.0,16.2,98,4.1,0.0,992.0,65.0
2025-09-11T04:00:00,16.8,15.6,187.0,16.3,99,5.0,0.0,991.9,60.0
2025-09-11T05:00:00,18.8,24.3,197.0,16.1,98,4.9,0.0,992.5,65.0
2025-09-11T06:00:00,20.7,37.5,254.0,16.6,98,4.7,0.0,993.3,90.0
2025-09-11T07:00:00,18.7,31.6,257.0,17.8,94,3.5,0.0,993.9,140.0
2025-09-11T08:00:00,19.9,30.1,279.0,19.1,89,2.6,0.0,994.5,235.0
2025-09-11T09:00:00,16.6,27.9,248.0,20.6,80,2.1,0.0,995.1,470.0
2025-09-11T10:00:00,14.1,24.0,215.0,22.3,69,1.5,0.0,995.4,750.0
2025-09-11T11:00:00,11.5,14.1,196.0,23.4,67,0.9,0.0,995.2,835.0
2025-09-11T12:00:00,9.6,10.1,176.0,24.0,64,2.1,0.1,994.9,845.0
2025-09-11T13:00:00,8.5,6.5,171.0,25.2,67,3.3,0.0,994.9,1120.0
2025-09-11T14:00:00,7.9,7.5,166.0,25.0,65,5.8,0.1,994.7,1035.0
2025-09-11T15:00:00,8.5,10.1,168.0,25.0,63,3.0,0.0,994.6,840.0
2025-09-11T16:00:00,10.2,14.5,173.0,24.7,62,5.6,0.5,994.8,295.0
2025-09-11T17:00:00,12.4,30.7,214.0,23.0,76,3.8,0.5,995.1,115.0
2025-09-11T18:00:00,12.9,46.3,251.0,22.0,84,1.5,0.0,995.6,35.0
2025-09-11T19:00:00,18.4,60.3,291.0,21.4,85,1.3,0.0,996.2,25.0
2025-09-11T20:00:00,24.6,57.8,285.0,20.6,87,4.0,0.1,996.5,55.0
2025-09-11T21:00:00,25.8,46.3,278.0,19.9,89,8.3,0.4,997.1,100.0
2025-09-11T22:00:00,22.3,40.5,275.0,18.9,90,9.7,0.1,997.1,140.0
2025-09-11T23:00:00,24.6,35.7,255.0,18.3,89,9.0,0.0,997.6,170.0
2025-09-12T00:00:00,18.4,26.3,228.0,18.3,86,7.5,0.0,997.8,145.0
2025-09-12T01:00:00,20.2,22.3,200.0,18.0,92,7.6,0.1,997.9,85.0
2025-09-12T02:00:00,21.2,14.4,193.0,17.6,93,5.6,0.0,997.7,65.0
2025-09-12T03:00:00,25.4,13.5,192.0,17.5,93,5.4,0.0,997.7,55.0
2025-09-12T04:00:00,20.3,13.5,192.0,17.2,94,5.3,0.0,997.9,55.0
2025-09-12T05:00:00,17.4,27.3,215.0,16.8,94,3.7,0.0,998.2,50.0
2025-09-12T06:00:00,21.0,40.8,262.0,17.6,91,5.6,0.0,998.8,85.0
2025-09-12T07:00:00,18.8,37.9,250.0,18.8,86,2.1,0.0,999.2,120.0
2025-09-12T08:00:00,18.8,29.7,235.0,20.3,82,1.7,0.0,1000.0,220.0
2025-09-12T09:00:00,17.1,19.0,200.0,21.3,76,5.0,0.0,1000.5,465.0
2025-09-12T10:00:00,15.6,15.0,188.0,22.0,71,3.3,0.1,1000.6,595.0
2025-09-12T11:00:00,14.6,12.7,173.0,23.1,66,1.7,0.1,1000.2,800.0
2025-09-12T12:00:00,10.7,9.4,168.0,23.7,62,1.9,0.1,1000.1,845.0
2025-09-12T13:00:00,9.6,8.0,168.0,24.7,60,4.0,0.1,999.8,875.0
2025-09-12T14:00:00,10.9,9.4,170.0,24.9,60,4.7,0.0,999.6,945.0
2025-09-12T15:00:00,9.9,10.7,168.0,24.9,61,4.6,0.0,999.4,945.0
2025-09-12T16:00:00,9.5,15.4,175.0,24.6,63,4.8,0.0,999.7,915.0
2025-09-12T17:00:00,10.1,30.8,202.0,23.5,73,3.2,0.0,999.8,190.0
2025-09-12T18:00:00,11.7,44.6,231.0,22.3,76,5.0,0.0,999.9,100.0
2025-09-12T19:00:00,15.9,54.8,241.0,21.1,73,2.8,0.9,1000.6,50.0
2025-09-12T20:00:00,18.9,48.6,239.0,18.4,91,2.4,6.5,1001.5,60.0
2025-09-12T21:00:00,21.1,38.2,232.0,18.4,92,11.8,0.0,1001.5,175.0
2025-09-12T22:00:00,15.6,31.6,229.0,17.7,90,12.3,0.5,1002.0,185.0
2025-09-12T23:00:00,12.7,27.8,217.0,17.7,89,8.2,0.3,1002.0,135.0
2025-09-13T00:00:00,12.8,20.6,224.0,17.8,90,8.7,0.2,1001.8,175.0
2025-09-13T01:00:00,13.4,15.5,193.0,18.1,89,6.6,0.0,1001.0,150.0
2025-09-13T02:00:00,10.8,9.5,182.0,17.8,90,9.8,0.0,1001.3,205.0
2025-09-13T03:00:00,11.1,7.0,175.0,17.9,88,9.5,0.0,1001.4,295.0
2025-09-13T04:00:00,7.7,5.7,162.0,17.6,88,8.5,0.0,1001.5,255.0
2025-09-13T05:00:00,7.3,6.9,169.0,17.2,91,9.1,0.0,1001.6,215.0
2025-09-13T06:00:00,6.2,9.8,173.0,17.5,89,7.2,0.0,1001.8,205.0
2025-09-13T07:00:00,7.3,10.7,172.0,17.9,90,6.9,0.1,1002.1,205.0
2025-09-13T08:00:00,7.4,11.1,166.0,19.1,82,5.0,0.1,1002.2,405.0
2025-09-13T09:00:00,7.7,11.2,167.0,20.0,81,3.5,0.0,1002.2,520.0
2025-09-13T10:00:00,9.8,9.5,162.0,20.4,79,5.4,0.0,1002.2,565.0
2025-09-13T11:00:00,11.0,8.9,159.0,21.4,74,4.0,0.1,1002.0,695.0
2025-09-13T12:00:00,13.2,6.7,157.0,22.2,73,2.0,0.0,1001.5,705.0
2025-09-13T13:00:00,13.8,5.4,159.0,21.8,74,1.0,0.0,1001.9,460.0
2025-09-13T14:00:00,12.9,5.1,154.0,21.9,73,2.3,0.0,1001.6,430.0
2025-09-13T15:00:00,12.6,7.0,166.0,21.7,74,4.3,0.0,1001.2,415.0
2025-09-13T16:00:00,12.0,9.6,166.0,21.6,75,2.6,0.0,1001.0,460.0
2025-09-13T17:00:00,13.6,19.0,184.0,21.2,79,0.5,0.0,1000.5,15.0
2025-09-13T18:00:00,12.4,24.0,191.0,20.5,83,5.0,0.0,1000.5,145.0
2025-09-13T19:00:00,10.3,29.9,199.0,19.0,89,7.7,0.4,1001.0,200.0
2025-09-13T20:00:00,9.7,28.2,208.0,18.1,91,8.1,0.3,1001.0,160.0
2025-09-13T21:00:00,8.2,26.7,203.0,17.3,93,7.6,1.0,1000.8,125.0
2025-09-13T22:00:00,7.4,25.2,194.0,17.0,95,4.3,0.0,1000.6,90.0
2025-09-13T23:00:00,8.6,22.2,189.0,16.7,97,7.7,0.0,1000.7,145.0
2025-09-14T00:00:00,8.2,22.0,181.0,16.7,94,6.3,0.1,1000.2,120.0
2025-09-14T01:00:00,9.6,20.8,181.0,17.1,95,3.2,0.5,999.7,60.0
2025-09-14T02:00:00,9.6,17.5,182.0,16.7,98,1.8,0.0,999.5,35.0
2025-09-14T03:00:00,10.1,13.0,179.0,16.9,98,1.5,0.1,998.8,35.0
2025-09-14T04:00:00,9.7,10.0,177.0,16.6,99,1.6,0.0,998.7,30.0
2025-09-14T05:00:00,10.0,11.3,174.0,16.0,100,2.8,0.0,998.8,35.0
2025-09-14T06:00:00,9.3,13.0,172.0,16.7,97,4.0,0.0,999.0,55.0
2025-09-14T07:00:00,8.7,12.1,174.0,18.1,90,3.1,0.0,999.6,120.0
2025-09-14T08:00:00,7.9,7.3,164.0,19.4,85,3.6,0.0,999.7,275.0
2025-09-14T09:00:00,6.5,7.3,165.0,20.6,80,5.7,0.0,1000.1,555.0
2025-09-14T10:00:00,5.3,4.7,154.0,21.8,70,8.9,0.0,1000.1,870.0
2025-09-14T11:00:00,4.6,3.5,151.0,22.7,64,7.1,0.0,999.8,1035.0
2025-09-14T12:00:00,4.5,2.6,150.0,23.6,61,4.5,0.0,999.4,960.0
2025-09-14T13:00:00,5.0,2.5,147.0,24.6,62,6.6,0.0,999.1,980.0
2025-09-14T14:00:00,5.1,3.2,148.0,24.8,61,5.0,0.0,998.6,865.0
2025-09-14T15:00:00,4.9,4.5,150.0,24.5,61,6.5,0.0,998.4,745.0
2025-09-14T16:00:00,5.1,8.5,159.0,23.9,65,6.3,0.0,998.9,615.0
2025-09-14T17:00:00,6.4,15.1,166.0,22.7,74,4.5,0.0,998.9,175.0
2025-09-14T18:00:00,7.1,21.8,167.0,21.6,77,6.8,0.0,999.2,105.0
2025-09-14T19:00:00,9.1,34.7,177.0,20.6,79,5.4,0.0,999.9,65.0
2025-09-14T20:00:00,10.1,39.5,194.0,20.2,79,7.4,0.0,1000.5,80.0
2025-09-14T21:00:00,10.7,38.1,212.0,19.9,79,7.4,0.0,1000.8,120.0
2025-09-14T22:00:00,9.9,29.0,196.0,19.4,82,6.7,0.0,1001.2,115.0
2025-09-14T23:00:00,9.5,19.4,180.0,18.9,85,6.1,0.0,1001.5,105.0
2025-09-15T00:00:00,9.5,18.3,185.0,18.6,87,6.7,0.0,1001.6,105.0
2025-09-15T01:00:00,10.9,17.4,151.0,18.3,90,6.3,0.0,1002.0,95.0
2025-09-15T02:00:00,12.9,15.9,148.0,17.9,92,4.7,0.0,1001.8,75.0
2025-09-15T03:00:00,15.8,17.4,163.0,17.3,94,3.4,0.0,1001.9,55.0
2025-09-15T04:00:00,16.3,18.7,168.0,16.9,94,3.1,0.0,1001.7,40.0
2025-09-15T05:00:00,18.6,27.3,211.0,16.6,95,2.0,0.0,1001.6,20.0
2025-09-15T06:00:00,20.1,37.5,239.0,17.4,95,1.9,0.0,1002.4,15.0
2025-09-15T07:00:00,18.5,33.6,251.0,19.0,91,1.3,0.0,1002.9,95.0
2025-09-15T08:00:00,17.3,26.7,236.0,20.6,84,0.9,0.0,1003.4,260.0
2025-09-15T09:00:00,15.8,24.5,218.0,21.9,80,1.3,0.0,1003.5,415.0
2025-09-15T10:00:00,14.6,23.2,182.0,23.1,75,1.7,0.0,1003.4,725.0
2025-09-15T11:00:00,15.1,16.5,167.0,24.1,67,3.5,0.1,1002.8,875.0
2025-09-15T12:00:00,11.0,11.9,159.0,24.5,65,4.0,0.1,1002.5,915.0
2025-09-15T13:00:00,9.4,7.8,156.0,25.4,60,4.0,0.0,1002.2,1180.0
2025-09-15T14:00:00,9.5,7.9,153.0,25.3,60,3.3,0.0,1001.7,1205.0
2025-09-15T15:00:00,8.9,8.5,152.0,25.5,58,2.0,0.0,1001.2,1020.0
2025-09-15T16:00:00,8.9,12.7,158.0,25.3,59,1.7,0.0,1000.9,975.0
2025-09-15T17:00:00,12.4,27.7,180.0,24.2,73,0.9,0.0,1000.9,20.0
2025-09-15T18:00:00,14.1,49.7,208.0,23.0,75,0.7,0.0,1000.8,15.0
2025-09-15T19:00:00,18.5,53.5,215.0,22.2,80,4.1,0.0,1001.4,50.0
2025-09-15T20:00:00,21.1,52.9,208.0,21.6,82,3.8,0.0,1001.5,135.0
2025-09-15T21:00:00,22.2,47.1,212.0,20.9,84,4.0,0.0,1001.5,70.0
2025-09-15T22:00:00,19.1,29.7,173.0,20.2,87,4.0,0.0,1001.1,45.0
2025-09-15T23:00:00,17.3,20.5,157.0,20.0,86,5.5,0.0,1000.9,70.0
2025-09-16T00:00:00,13.7,17.3,152.0,19.5,88,6.9,0.0,1000.7,90.0
2025-09-16T01:00:00,15.0,18.2,160.0,19.6,88,6.5,0.0,1000.5,105.0
2025-09-16T02:00:00,14.9,18.7,168.0,19.3,89,6.2,0.0,1000.3,95.0
2025-09-16T03:00:00,15.9,17.8,171.0,19.0,90,5.7,0.0,1000.2,90.0
2025-09-16T04:00:00,17.5,18.1,173.0,18.5,90,5.9,0.0,1000.1,90.0
2025-09-16T05:00:00,19.1,33.0,185.0,18.0,90,2.6,0.0,999.7,45.0
2025-09-16T06:00:00,27.4,36.3,209.0,18.6,88,5.7,0.0,1000.2,60.0
2025-09-16T07:00:00,20.7,30.6,196.0,20.0,84,4.0,0.0,1000.2,115.0
2025-09-16T08:00:00,16.5,22.7,170.0,21.5,83,7.1,0.0,1000.2,375.0
2025-09-16T09:00:00,13.6,13.6,146.0,22.9,76,7.6,0.0,1000.5,585.0
2025-09-16T10:00:00,9.5,9.7,140.0,23.9,71,5.6,0.1,1000.1,730.0
2025-09-16T11:00:00,9.2,7.8,138.0,24.7,67,4.7,0.0,999.9,845.0
2025-09-16T12:00:00,8.6,5.9,137.0,25.4,64,4.3,0.0,999.4,880.0
2025-09-16T13:00:00,7.3,5.9,140.0,26.3,65,3.1,0.0,998.7,845.0
2025-09-16T14:00:00,8.0,6.6,142.0,26.4,63,3.1,0.0,998.1,775.0
2025-09-16T15:00:00,8.3,9.6,147.0,26.5,61,3.2,0.0,997.8,685.0
2025-09-16T16:00:00,8.9,13.9,164.0,26.1,63,3.4,0.0,997.4,605.0
2025-09-16T17:00:00,8.5,22.2,182.0,24.3,76,3.6,0.0,997.7,75.0
2025-09-16T18:00:00,8.1,26.9,184.0,23.1,77,4.3,0.0,997.6,60.0
2025-09-16T19:00:00,9.0,28.7,186.0,21.9,82,4.4,0.0,998.2,40.0
2025-09-16T20:00:00,8.8,29.3,182.0,21.3,85,4.1,0.0,998.8,70.0
2025-09-16T21:00:00,8.5,24.4,185.0,21.0,84,6.5,0.0,998.9,80.0
2025-09-16T22:00:00,9.7,24.5,182.0,20.0,89,4.3,0.0,999.1,95.0
2025-09-16T23:00:00,11.0,22.7,180.0,19.5,91,8.9,0.0,999.8,140.0
2025-09-17T00:00:00,12.7,18.0,170.0,18.9,92,13.6,0.0,1000.6,380.0
2025-09-17T01:00:00,15.6,11.7,163.0,18.7,94,3.6,0.0,999.5,40.0
2025-09-17T02:00:00,16.1,6.8,147.0,18.4,96,6.5,0.0,1000.0,85.0
2025-09-17T03:00:00,13.4,3.6,147.0,18.9,92,12.7,0.0,1000.7,490.0
2025-09-17T04:00:00,10.2,5.3,147.0,18.3,89,12.8,0.0,1001.2,505.0
2025-09-17T05:00:00,9.6,11.0,148.0,17.9,90,11.8,0.0,1001.8,500.0
2025-09-17T06:00:00,9.7,22.7,164.0,18.1,88,9.9,0.0,1002.6,510.0
2025-09-17T07:00:00,8.6,23.6,167.0,18.9,81,9.2,0.0,1003.4,610.0
2025-09-17T08:00:00,7.2,16.7,162.0,19.4,74,9.3,0.0,1004.3,640.0
2025-09-17T09:00:00,5.1,10.4,149.0,20.6,65,9.3,0.0,1004.8,760.0
2025-09-17T10:00:00,4.7,7.9,147.0,21.8,60,8.9,0.0,1005.0,920.0
2025-09-17T11:00:00,5.1,6.6,148.0,22.6,56,8.5,0.0,1005.1,950.0
2025-09-17T12:00:00,5.4,5.8,146.0,23.2,54,7.6,0.0,1005.0,985.0
2025-09-17T13:00:00,5.7,5.6,148.0,24.6,53,6.3,0.0,1004.3,1125.0
2025-09-17T14:00:00,5.9,6.0,150.0,24.7,53,6.1,0.0,1003.8,1140.0
2025-09-17T15:00:00,6.5,8.6,151.0,24.6,53,5.2,0.0,1003.7,1180.0
2025-09-17T16:00:00,7.7,14.2,160.0,24.2,57,4.5,0.0,1003.5,1005.0
2025-09-17T17:00:00,10.6,28.4,197.0,22.9,68,3.3,0.0,1003.6,345.0
2025-09-17T18:00:00,12.5,46.7,233.0,21.7,71,2.4,0.0,1004.0,50.0
2025-09-17T19:00:00,15.2,54.5,253.0,20.9,75,2.4,0.0,1004.4,35.0
2025-09-17T20:00:00,18.3,51.2,252.0,20.0,79,3.8,0.0,1005.0,50.0
2025-09-17T21:00:00,21.2,49.5,263.0,19.5,81,4.4,0.0,1005.1,60.0
2025-09-17T22:00:00,22.6,47.4,273.0,19.2,81,5.3,0.0,1005.7,70.0
2025-09-17T23:00:00,23.4,38.9,260.0,18.8,82,6.2,0.0,1006.0,70.0
2025-09-18T00:00:00,22.9,31.3,238.0,18.3,84,6.6,0.0,1006.4,55.0
2025-09-18T01:00:00,22.2,23.8,221.0,18.4,87,5.7,0.0,1006.6,40.0
2025-09-18T02:00:00,20.0,19.8,211.0,18.0,87,5.6,0.0,1006.8,35.0
2025-09-18T03:00:00,18.7,17.2,196.0,17.8,86,5.6,0.0,1007.0,30.0
2025-09-18T04:00:00,16.8,15.4,186.0,17.6,86,5.5,0.0,1007.0,35.0
2025-09-18T05:00:00,17.2,28.0,204.0,17.4,87,4.9,0.0,1007.2,35.0
2025-09-18T06:00:00,21.6,41.3,263.0,17.9,86,4.4,0.0,1007.6,40.0
2025-09-18T07:00:00,19.6,37.9,255.0,19.1,82,2.8,0.0,1008.0,115.0
2025-09-18T08:00:00,16.8,28.8,223.0,20.6,76,3.6,0.0,1008.7,310.0
2025-09-18T09:00:00,17.0,15.7,186.0,21.8,73,4.2,0.0,1008.7,515.0
2025-09-18T10:00:00,11.9,12.0,169.0,23.0,71,4.8,0.0,1008.9,715.0
2025-09-18T11:00:00,8.9,8.7,159.0,24.0,67,4.9,0.0,1008.5,910.0
2025-09-18T12:00:00,9.2,6.0,155.0,24.7,62,4.6,0.0,1008.4,1020.0
2025-09-18T13:00:00,10.0,6.2,155.0,25.4,60,4.0,0.0,1008.0,1025.0
2025-09-18T14:00:00,10.3,6.6,157.0,25.6,59,3.0,0.0,1007.7,990.0
2025-09-18T15:00:00,10.1,8.4,161.0,25.6,60,2.3,0.0,1007.5,935.0
2025-09-18T16:00:00,9.4,15.6,177.0,25.2,61,2.3,0.0,1007.4,860.0
2025-09-18T17:00:00,12.0,32.1,213.0,23.8,76,2.2,0.0,1007.5,70.0
2025-09-18T18:00:00,18.3,51.9,240.0,22.7,76,1.1,0.0,1007.9,35.0
2025-09-18T19:00:00,19.8,64.4,270.0,22.0,78,2.0,0.0,1008.2,35.0
2025-09-18T20:00:00,23.9,59.6,288.0,21.2,82,1.7,0.0,1008.6,35.0
2025-09-18T21:00:00,27.7,51.0,280.0,20.5,85,3.3,0.0,1008.7,30.0
2025-09-18T22:00:00,33.5,52.4,286.0,20.2,86,3.9,0.0,1008.8,35.0
2025-09-18T23:00:00,38.2,45.4,269.0,20.0,87,4.5,0.0,1009.2,20.0
2025-09-19T00:00:00,40.9,35.5,267.0,19.2,89,3.7,0.0,1009.0,15.0
2025-09-19T01:00:00,41.5,31.1,260.0,18.6,91,2.6,0.0,1009.1,25.0
2025-09-19T02:00:00,37.6,23.7,238.0,18.2,92,2.7,0.0,1009.0,35.0
2025-09-19T03:00:00,28.2,18.6,229.0,18.0,93,3.0,0.0,1008.9,40.0
2025-09-19T04:00:00,26.7,19.6,217.0,17.5,94,3.0,0.0,1008.9,45.0
2025-09-19T05:00:00,29.5,32.0,213.0,17.1,94,2.1,0.0,1009.0,45.0
2025-09-19T06:00:00,36.9,47.7,266.0,17.9,93,2.1,0.0,1009.7,65.0
2025-09-19T07:00:00,40.9,42.4,327.0,19.5,89,1.4,0.0,1009.9,90.0
2025-09-19T08:00:00,39.2,33.0,291.0,21.2,81,0.3,0.0,1010.4,170.0
2025-09-19T09:00:00,33.1,29.9,251.0,22.7,74,0.5,0.0,1010.5,340.0
2025-09-19T10:00:00,28.6,24.6,218.0,24.0,69,0.7,0.0,1010.5,480.0
2025-09-19T11:00:00,26.5,16.7,206.0,25.1,63,0.6,0.0,1010.2,610.0
2025-09-19T12:00:00,27.0,11.9,204.0,25.9,60,0.8,0.0,1009.7,710.0
2025-09-19T13:00:00,26.3,8.7,199.0,26.6,59,0.9,0.0,1009.4,750.0
2025-09-19T14:00:00,22.8,9.6,204.0,26.8,59,1.8,0.0,1008.9,735.0
2025-09-19T15:00:00,21.6,12.7,202.0,26.7,59,2.6,0.0,1008.6,700.0
2025-09-19T16:00:00,20.4,23.6,220.0,26.3,61,3.1,0.0,1008.6,450.0
2025-09-19T17:00:00,22.3,35.2,264.0,24.8,73,2.3,0.0,1008.6,30.0
2025-09-19T18:00:00,28.5,52.3,295.0,23.7,73,1.8,0.0,1008.8,20.0
2025-09-19T19:00:00,33.8,61.4,298.0,23.1,74,1.7,0.0,1009.2,30.0
2025-09-19T20:00:00,41.5,59.8,309.0,22.4,78,2.0,0.0,1009.3,30.0
2025-09-19T21:00:00,51.8,56.4,327.0,21.5,83,3.6,0.0,1009.4,30.0
2025-09-19T22:00:00,44.7,53.5,330.0,21.1,84,4.9,0.0,1009.3,30.0
2025-09-19T23:00:00,39.7,35.6,308.0,20.5,87,4.4,0.0,1009.1,15.0
2025-09-20T00:00:00,47.5,31.0,315.0,20.0,89,4.0,0.0,1008.8,15.0
2025-09-20T01:00:00,44.9,21.5,295.0,19.6,91,2.9,0.0,1008.7,15.0
2025-09-20T02:00:00,41.1,15.9,268.0,18.9,94,2.2,0.0,1008.3,15.0
2025-09-20T03:00:00,38.0,13.2,237.0,18.6,95,1.8,0.0,1007.9,20.0
2025-09-20T04:00:00,38.3,13.6,229.0,18.4,95,1.7,0.0,1007.5,25.0
2025-09-20T05:00:00,38.8,18.4,227.0,18.0,95,1.1,0.0,1007.3,35.0
2025-09-20T06:00:00,40.7,21.5,228.0,18.6,95,3.4,0.0,1007.3,40.0
2025-09-20T07:00:00,42.0,16.0,245.0,20.4,89,2.7,0.0,1007.3,60.0
2025-09-20T08:00:00,42.1,15.4,240.0,22.3,81,1.3,0.0,1007.7,175.0
2025-09-20T09:00:00,40.8,15.6,232.0,23.9,73,1.5,0.0,1007.4,400.0
2025-09-20T10:00:00,37.2,13.3,223.0,25.1,68,2.0,0.0,1007.1,520.0
2025-09-20T11:00:00,36.5,11.2,205.0,26.1,65,1.7,0.0,1006.4,645.0
2025-09-20T12:00:00,30.4,6.7,193.0,26.8,61,1.6,0.0,1005.7,740.0
2025-09-20T13:00:00,25.8,6.2,188.0,27.6,59,2.3,0.0,1005.0,805.0
2025-09-20T14:00:00,23.4,5.9,184.0,27.8,58,1.0,0.0,1004.4,855.0
2025-09-20T15:00:00,21.5,7.7,197.0,27.7,59,0.7,0.0,1003.8,765.0
2025-09-20T16:00:00,19.9,13.7,206.0,27.3,61,1.5,0.0,1003.4,475.0
2025-09-20T17:00:00,21.3,24.9,239.0,26.0,73,1.9,0.0,1003.1,75.0
2025-09-20T18:00:00,27.1,32.4,278.0,24.4,75,4.0,0.0,1003.3,45.0
2025-09-20T19:00:00,30.3,40.4,293.0,23.4,74,4.6,0.0,1003.4,45.0
2025-09-20T20:00:00,29.8,47.5,288.0,22.8,75,4.5,0.0,1003.3,50.0
2025-09-20T21:00:00,27.6,46.2,303.0,22.4,76,5.3,0.0,1003.3,60.0
2025-09-20T22:00:00,27.3,39.8,285.0,22.1,80,6.2,0.0,1003.2,75.0
2025-09-20T23:00:00,30.4,33.9,253.0,21.7,83,6.0,0.0,1002.9,120.0
2025-09-21T00:00:00,31.6,26.1,239.0,21.2,86,5.6,0.0,1002.3,145.0
2025-09-21T01:00:00,32.4,21.9,231.0,21.2,84,8.6,0.0,1002.1,155.0
2025-09-21T02:00:00,30.3,18.8,224.0,20.5,86,8.7,0.0,1001.6,135.0
2025-09-21T03:00:00,25.4,14.9,213.0,20.0,87,6.3,0.0,1001.2,100.0
2025-09-21T04:00:00,21.9,13.3,195.0,19.7,88,5.8,0.0,1001.0,110.0
2025-09-21T05:00:00,19.4,10.5,182.0,19.3,88,5.5,0.0,1001.1,125.0
2025-09-21T06:00:00,18.1,12.9,178.0,19.4,88,7.0,0.0,1001.0,150.0
2025-09-21T07:00:00,18.2,11.7,169.0,20.3,84,6.1,0.0,1000.9,285.0
2025-09-21T08:00:00,16.3,9.1,160.0,21.6,79,6.7,0.0,1001.2,430.0
2025-09-21T09:00:00,13.3,6.3,152.0,23.2,74,7.4,0.0,1001.2,560.0
2025-09-21T10:00:00,11.7,4.7,151.0,24.5,68,7.7,0.0,1000.5,670.0
2025-09-21T11:00:00,12.0,4.0,149.0,25.8,63,6.8,0.0,999.9,740.0
2025-09-21T12:00:00,11.0,3.1,145.0,26.7,59,5.6,0.0,999.1,875.0
2025-09-21T13:00:00,10.6,2.8,143.0,27.3,55,9.4,2.9,998.0,975.0
2025-09-21T14:00:00,10.5,3.7,145.0,26.8,59,9.0,0.7,997.4,1100.0
2025-09-21T15:00:00,9.4,5.3,147.0,26.6,57,8.6,0.0,996.7,720.0
2025-09-21T16:00:00,10.2,8.6,155.0,26.1,66,3.6,0.3,996.8,465.0
2025-09-21T17:00:00,10.4,15.8,169.0,24.2,74,7.3,0.0,996.6,225.0
2025-09-21T18:00:00,11.2,22.5,185.0,20.2,84,14.1,0.2,996.7,205.0
2025-09-21T19:00:00,13.1,25.2,191.0,20.0,84,8.3,0.0,996.7,250.0
2025-09-21T20:00:00,11.3,24.8,185.0,19.8,83,11.9,0.0,996.4,295.0
2025-09-21T21:00:00,10.7,18.8,174.0,19.4,85,11.9,0.0,996.6,290.0
2025-09-21T22:00:00,11.4,14.8,168.0,19.9,86,8.0,0.0,996.3,145.0
2025-09-21T23:00:00,11.1,10.3,153.0,20.0,86,9.8,0.0,995.9,155.0
2025-09-22T00:00:00,10.2,6.6,145.0,20.2,87,11.7,0.1,995.5,305.0
2025-09-22T01:00:00,7.9,4.8,146.0,20.8,83,11.9,0.1,994.0,420.0
2025-09-22T02:00:00,8.8,4.4,148.0,19.8,87,12.6,0.4,993.7,395.0
2025-09-22T03:00:00,8.0,4.1,146.0,19.2,95,7.8,2.1,993.7,350.0
2025-09-22T04:00:00,8.2,4.0,139.0,19.2,96,10.1,4.3,993.2,495.0
2025-09-22T05:00:00,7.2,7.1,142.0,18.9,96,13.2,5.3,993.0,495.0
2025-09-22T06:00:00,5.5,12.0,146.0,18.3,95,20.3,6.2,992.3,485.0
2025-09-22T07:00:00,4.7,11.7,149.0,18.4,94,24.2,7.5,991.2,470.0
2025-09-22T08:00:00,5.3,10.9,145.0,18.7,93,24.4,3.0,991.5,485.0
2025-09-22T09:00:00,6.2,9.1,143.0,19.0,94,25.8,6.5,991.1,625.0
2025-09-22T10:00:00,4.3,8.0,141.0,19.0,95,18.6,6.2,992.1,595.0
2025-09-22T11:00:00,5.4,7.2,137.0,19.8,91,21.2,2.7,992.2,590.0
2025-09-22T12:00:00,3.8,7.0,138.0,21.0,87,11.7,0.2,992.5,645.0
2025-09-22T13:00:00,4.0,7.2,139.0,20.3,85,10.4,0.4,994.2,660.0
2025-09-22T14:00:00,5.1,7.9,142.0,21.3,80,10.3,0.2,994.2,630.0
2025-09-22T15:00:00,6.5,9.0,146.0,21.5,82,5.9,0.1,994.2,580.0
2025-09-22T16:00:00,6.1,13.4,147.0,21.0,85,5.2,0.0,994.4,455.0
2025-09-22T17:00:00,6.1,16.9,150.0,20.1,89,8.0,0.0,994.6,355.0
2025-09-22T18:00:00,5.3,18.5,152.0,18.9,88,10.7,0.0,995.5,210.0
2025-09-22T19:00:00,4.5,16.7,145.0,18.4,87,8.5,0.9,996.1,175.0
2025-09-22T20:00:00,4.3,14.2,149.0,18.0,88,11.1,0.1,995.9,155.0
2025-09-22T21:00:00,4.2,12.9,149.0,17.7,89,10.1,0.1,996.5,120.0
2025-09-22T22:00:00,3.9,11.0,146.0,17.1,90,10.1,0.1,996.6,80.0
2025-09-22T23:00:00,3.7,8.9,140.0,17.1,90,8.0,0.5,996.7,90.0
2025-09-23T00:00:00,4.8,8.7,145.0,16.6,92,5.1,0.4,996.9,75.0
2025-09-23T01:00:00,4.6,7.2,141.0,17.1,91,9.1,0.0,996.4,60.0
2025-09-23T02:00:00,5.0,5.9,137.0,16.6,92,9.6,0.0,996.2,70.0
2025-09-23T03:00:00,5.6,5.3,132.0,16.1,93,2.2,0.0,996.4,50.0
2025-09-23T04:00:00,4.6,5.8,131.0,15.9,93,5.8,0.6,996.2,65.0
2025-09-23T05:00:00,5.7,11.2,140.0,16.5,89,2.1,8.3,996.5,60.0
2025-09-23T06:00:00,5.9,21.8,157.0,16.8,82,6.8,15.6,996.1,75.0
2025-09-23T07:00:00,5.6,26.2,167.0,17.1,83,10.7,3.7,996.3,130.0
2025-09-23T08:00:00,6.9,17.8,157.0,17.2,86,10.8,0.0,996.9,455.0
2025-09-23T09:00:00,6.0,15.4,155.0,18.1,82,9.7,0.0,997.0,595.0
2025-09-23T10:00:00,5.4,12.7,150.0,19.5,77,5.3,0.0,997.0,485.0
2025-09-23T11:00:00,5.9,11.4,144.0,20.8,72,6.9,0.0,996.8,660.0
2025-09-23T12:00:00,5.4,7.6,143.0,21.2,71,8.1,0.2,996.1,490.0
2025-09-23T13:00:00,5.3,5.8,140.0,19.8,76,2.7,5.0,996.0,585.0
2025-09-23T14:00:00,6.2,6.8,144.0,19.4,75,6.7,8.1,995.6,465.0
2025-09-23T15:00:00,7.1,11.4,148.0,17.7,81,8.6,12.5,995.6,460.0
2025-09-23T16:00:00,6.0,13.6,164.0,16.9,86,7.1,5.1,995.7,480.0
2025-09-23T17:00:00,4.7,19.9,177.0,16.6,87,10.2,0.0,995.4,450.0
2025-09-23T18:00:00,4.9,25.6,176.0,16.1,87,7.7,0.0,995.9,390.0
2025-09-23T19:00:00,5.0,28.1,171.0,15.8,84,7.7,0.0,996.3,260.0
2025-09-23T20:00:00,5.6,21.7,165.0,15.6,88,11.2,0.0,996.5,195.0
2025-09-23T21:00:00,5.3,14.8,164.0,15.5,91,9.0,0.0,996.4,185.0
2025-09-23T22:00:00,4.4,12.0,162.0,15.3,91,6.7,0.0,996.7,130.0
2025-09-23T23:00:00,5.0,9.0,157.0,14.8,92,1.2,0.0,996.6,145.0
2025-09-24T00:00:00,3.3,6.7,147.0,14.7,93,0.3,0.0,996.5,110.0
2025-09-24T01:00:00,3.5,7.3,148.0,15.1,87,6.3,2.4,996.7,125.0
2025-09-24T02:00:00,3.9,7.9,150.0,14.8,87,6.7,0.1,996.3,130.0
2025-09-24T03:00:00,3.9,8.0,149.0,14.2,90,9.9,0.0,996.4,140.0
2025-09-24T04:00:00,4.8,9.2,154.0,13.7,90,5.5,0.0,995.9,155.0
2025-09-24T05:00:00,5.2,14.3,163.0,13.4,92,7.9,3.9,996.1,75.0
2025-09-24T06:00:00,6.3,25.5,170.0,13.2,91,10.6,4.5,996.4,35.0
2025-09-24T07:00:00,6.0,33.5,181.0,13.9,87,7.6,0.0,996.3,175.0
2025-09-24T08:00:00,5.4,21.5,164.0,14.9,83,4.7,0.0,997.4,335.0
2025-09-24T09:00:00,5.5,18.1,164.0,16.3,77,3.5,0.0,996.8,515.0
2025-09-24T10:00:00,5.4,16.4,162.0,17.2,75,0.7,0.0,997.0,735.0
2025-09-24T11:00:00,5.3,15.0,159.0,18.1,69,1.9,0.0,996.6,985.0
2025-09-24T12:00:00,6.4,14.1,162.0,18.4,69,2.4,0.3,996.2,950.0
2025-09-24T13:00:00,7.3,14.7,166.0,19.0,74,3.1,0.0,995.2,565.0
2025-09-24T14:00:00,6.4,12.9,166.0,18.4,71,7.8,0.7,995.1,795.0
2025-09-24T15:00:00,5.7,16.7,170.0,16.5,74,15.1,0.1,995.6,650.0
2025-09-24T16:00:00,6.4,26.3,184.0,15.4,79,6.0,0.0,995.7,425.0
2025-09-24T17:00:00,6.5,34.0,210.0,14.8,80,5.8,0.1,996.0,65.0
2025-09-24T18:00:00,8.1,41.4,219.0,14.1,87,2.6,0.0,996.5,150.0
2025-09-24T19:00:00,9.6,47.0,221.0,13.8,90,1.0,0.0,996.6,165.0
2025-09-24T20:00:00,10.5,41.7,217.0,13.5,92,6.7,0.0,997.4,115.0
2025-09-24T21:00:00,10.5,38.2,224.0,13.1,94,0.4,0.0,997.8,50.0
2025-09-24T22:00:00,11.9,33.9,223.0,12.8,96,1.3,0.0,997.7,30.0
2025-09-24T23:00:00,16.3,32.4,225.0,12.2,97,1.2,0.0,997.7,55.0
2025-09-25T00:00:00,18.0,26.7,211.0,12.1,97,0.4,0.0,997.9,50.0
2025-09-25T01:00:00,20.8,23.9,199.0,10.9,97,2.8,0.0,997.6,40.0
2025-09-25T02:00:00,22.6,19.8,189.0,10.7,97,3.0,0.0,997.7,25.0
2025-09-25T03:00:00,23.8,19.3,179.0,10.5,95,2.8,0.0,997.4,35.0
2025-09-25T04:00:00,23.3,18.5,185.0,10.9,95,6.1,0.0,997.4,40.0
2025-09-25T05:00:00,24.2,29.7,205.0,9.8,98,1.9,0.0,997.8,30.0
2025-09-25T06:00:00,28.1,39.4,261.0,10.5,99,2.3,0.0,998.1,25.0
2025-09-25T07:00:00,30.1,42.6,264.0,12.0,96,2.1,0.0,998.6,95.0
2025-09-25T08:00:00,27.4,31.4,251.0,13.7,89,1.5,0.0,999.1,290.0
2025-09-25T09:00:00,24.8,28.2,229.0,15.4,78,1.5,0.0,999.2,510.0
2025-09-25T10:00:00,16.5,18.8,192.0,16.9,70,0.0,0.0,999.3,685.0
2025-09-25T11:00:00,12.4,12.2,171.0,17.6,66,1.9,0.0,999.1,795.0
2025-09-25T12:00:00,10.8,9.3,161.0,18.4,61,1.8,0.0,999.0,930.0
2025-09-25T13:00:00,10.0,7.8,162.0,19.0,60,4.6,0.0,998.9,665.0
2025-09-25T14:00:00,9.4,9.0,165.0,18.4,63,5.0,0.1,998.9,565.0
2025-09-25T15:00:00,10.4,12.3,169.0,17.0,70,2.6,1.5,999.2,700.0
2025-09-25T16:00:00,13.2,16.9,189.0,16.7,71,4.6,0.0,999.2,480.0
2025-09-25T17:00:00,17.4,33.6,213.0,15.9,80,2.8,0.0,999.8,295.0
2025-09-25T18:00:00,19.9,36.3,225.0,15.5,78,6.2,0.0,1000.3,115.0
2025-09-25T19:00:00,23.5,42.7,245.0,15.1,79,5.5,0.0,1000.3,85.0
2025-09-25T20:00:00,28.9,45.5,258.0,14.5,82,5.8,0.0,1000.4,75.0
2025-09-25T21:00:00,31.9,41.4,250.0,13.7,85,5.1,0.0,1001.0,75.0
2025-09-25T22:00:00,34.4,33.8,257.0,13.0,89,4.1,0.0,1001.5,125.0
2025-09-25T23:00:00,28.6,27.9,249.0,12.7,89,4.1,0.0,1001.5,100.0
2025-09-26T00:00:00,23.0,19.5,218.0,12.7,89,6.5,0.0,1001.8,70.0
2025-09-26T01:00:00,21.5,13.2,220.0,13.4,87,9.5,0.0,1001.0,70.0
2025-09-26T02:00:00,18.6,9.9,191.0,13.3,83,8.3,0.0,1000.6,85.0
2025-09-26T03:00:00,17.7,9.5,178.0,13.3,85,10.6,0.0,1000.6,110.0
2025-09-26T04:00:00,19.0,13.1,181.0,13.0,84,7.9,0.0,1000.5,125.0
2025-09-26T05:00:00,21.2,23.3,206.0,12.3,92,9.4,3.1,1001.1,110.0
2025-09-26T06:00:00,22.1,42.2,243.0,12.5,91,11.4,1.1,1001.0,145.0
2025-09-26T07:00:00,20.9,39.7,243.0,13.0,89,9.0,1.1,1001.7,325.0
2025-09-26T08:00:00,18.4,29.0,219.0,13.1,92,8.6,0.9,1001.7,480.0
2025-09-26T09:00:00,16.5,21.1,199.0,13.7,89,10.9,0.8,1002.1,575.0
2025-09-26T10:00:00,14.9,14.9,191.0,14.3,90,8.1,0.3,1002.4,960.0
2025-09-26T11:00:00,12.4,13.3,181.0,14.8,87,8.1,0.2,1002.1,710.0
2025-09-26T12:00:00,12.0,12.5,173.0,14.9,79,7.9,1.8,1001.8,495.0
2025-09-26T13:00:00,12.7,11.7,173.0,15.8,83,8.5,0.3,1001.6,450.0
2025-09-26T14:00:00,13.9,13.9,185.0,15.2,83,6.1,1.3,1001.2,470.0
2025-09-26T15:00:00,13.4,17.0,198.0,14.9,81,8.1,0.0,1001.4,460.0
2025-09-26T16:00:00,12.5,21.6,214.0,14.4,83,10.3,0.0,1001.6,325.0
2025-09-26T17:00:00,12.8,36.9,224.0,13.9,89,7.4,0.1,1001.6,195.0
2025-09-26T18:00:00,14.2,41.8,247.0,13.5,93,5.4,0.0,1001.9,90.0
2025-09-26T19:00:00,13.6,44.8,264.0,13.2,95,7.3,0.0,1002.1,110.0
2025-09-26T20:00:00,10.3,37.4,224.0,13.0,95,6.3,0.1,1002.6,125.0
2025-09-26T21:00:00,9.7,24.3,197.0,12.5,95,8.0,0.1,1002.5,145.0
2025-09-26T22:00:00,10.8,18.5,189.0,12.4,95,7.7,0.0,1002.2,155.0
2025-09-26T23:00:00,11.5,15.0,177.0,12.4,92,6.8,0.3,1002.2,165.0
2025-09-27T00:00:00,11.7,12.5,179.0,12.4,95,11.0,0.2,1002.3,180.0
2025-09-27T01:00:00,11.2,9.7,183.0,12.3,97,8.6,8.3,1001.9,155.0
2025-09-27T02:00:00,11.4,7.9,174.0,12.4,96,11.4,4.7,1001.6,195.0
2025-09-27T03:00:00,10.5,7.3,171.0,12.6,93,10.0,2.8,1001.7,280.0
2025-09-27T04:00:00,8.1,7.3,168.0,12.5,91,13.4,2.4,1001.3,320.0
2025-09-27T05:00:00,7.4,7.7,175.0,12.3,89,13.1,1.8,1001.5,345.0
2025-09-27T06:00:00,7.4,9.7,179.0,12.3,90,10.9,1.1,1002.0,355.0
2025-09-27T07:00:00,6.8,12.2,181.0,12.7,90,13.6,0.1,1002.3,380.0
2025-09-27T08:00:00,6.4,12.3,183.0,13.5,86,7.3,0.7,1002.9,420.0
2025-09-27T09:00:00,5.8,10.8,180.0,14.5,82,10.3,0.1,1003.5,440.0
2025-09-27T10:00:00,6.7,8.5,176.0,15.5,78,8.7,0.0,1003.4,535.0
2025-09-27T11:00:00,6.1,7.0,173.0,16.2,75,8.5,0.0,1003.4,650.0
2025-09-27T12:00:00,4.3,5.7,170.0,16.2,76,8.4,0.0,1002.9,650.0
2025-09-27T13:00:00,4.5,5.5,169.0,15.4,80,6.1,0.0,1002.8,465.0
2025-09-27T14:00:00,4.9,5.9,172.0,16.7,74,5.7,0.0,1002.4,620.0
2025-09-27T15:00:00,6.3,7.6,181.0,16.6,72,6.4,0.0,1001.8,630.0
2025-09-27T16:00:00,7.4,12.5,190.0,16.7,73,4.7,0.0,1001.8,545.0
2025-09-27T17:00:00,8.7,22.9,214.0,15.4,82,3.7,0.1,1002.0,30.0
2025-09-27T18:00:00,12.0,38.5,232.0,14.9,83,0.4,0.0,1002.3,25.0
2025-09-27T19:00:00,13.9,44.5,258.0,14.0,86,1.8,0.0,1002.4,30.0
2025-09-27T20:00:00,16.3,50.8,263.0,13.8,88,5.1,0.0,1002.5,40.0
2025-09-27T21:00:00,15.1,48.5,262.0,13.2,89,5.3,0.0,1002.4,35.0
2025-09-27T22:00:00,15.5,45.0,267.0,12.6,91,5.5,0.0,1002.2,55.0
2025-09-27T23:00:00,15.0,43.4,275.0,11.9,93,6.1,0.0,1002.2,65.0
2025-09-28T00:00:00,17.4,39.1,269.0,11.4,93,6.2,0.0,1002.0,70.0
2025-09-28T01:00:00,16.1,31.6,246.0,10.9,100,2.2,0.0,1002.4,80.0
2025-09-28T02:00:00,14.4,25.0,239.0,10.9,100,8.3,0.0,1002.2,85.0
2025-09-28T03:00:00,12.8,21.2,236.0,10.7,100,7.3,0.0,1002.0,85.0
2025-09-28T04:00:00,11.5,20.1,216.0,10.3,99,6.3,0.0,1002.1,100.0
2025-09-28T05:00:00,12.0,23.1,206.0,9.7,98,6.3,0.0,1001.8,110.0
2025-09-28T06:00:00,13.2,15.9,215.0,9.7,98,5.9,0.0,1001.8,105.0
2025-09-28T07:00:00,12.4,12.9,213.0,11.0,94,5.5,0.0,1002.0,125.0
2025-09-28T08:00:00,10.3,10.1,192.0,13.1,87,4.2,0.0,1002.2,180.0
2025-09-28T09:00:00,9.4,9.3,189.0,15.3,79,3.6,0.0,1002.3,295.0
2025-09-28T10:00:00,8.7,9.4,190.0,17.3,70,3.5,0.0,1002.3,405.0
2025-09-28T11:00:00,8.9,8.5,180.0,18.9,63,4.4,0.0,1002.1,530.0
2025-09-28T12:00:00,7.0,5.5,170.0,19.9,57,4.9,0.0,1001.5,675.0
2025-09-28T13:00:00,5.1,3.9,159.0,20.6,53,3.8,0.0,1000.9,855.0
2025-09-28T14:00:00,4.7,3.8,156.0,20.7,52,3.5,0.0,1000.4,860.0
2025-09-28T15:00:00,4.8,5.1,155.0,20.5,52,4.4,0.0,1000.0,725.0
2025-09-28T16:00:00,5.7,11.4,167.0,19.9,62,2.3,0.0,999.8,165.0
2025-09-28T17:00:00,7.6,23.6,186.0,18.2,67,1.5,0.0,999.8,30.0
2025-09-28T18:00:00,9.1,37.4,201.0,16.8,72,3.1,0.0,1000.1,15.0
2025-09-28T19:00:00,10.5,47.2,223.0,15.9,73,2.8,0.0,1000.3,15.0
2025-09-28T20:00:00,11.8,47.9,237.0,15.0,76,2.7,0.0,1000.3,20.0
2025-09-28T21:00:00,13.4,45.9,233.0,14.0,82,3.0,0.0,1000.5,20.0
2025-09-28T22:00:00,15.3,36.7,232.0,13.4,85,3.1,0.0,1000.4,20.0
2025-09-28T23:00:00,15.3,31.1,248.0,13.0,86,3.2,0.0,1000.3,25.0
2025-09-29T00:00:00,16.1,31.7,247.0,12.6,85,2.6,0.0,1000.3,30.0
2025-09-29T01:00:00,16.8,33.7,242.0,12.7,86,3.1,0.0,1000.4,35.0
2025-09-29T02:00:00,16.9,27.4,233.0,12.0,88,3.7,0.0,1000.3,45.0
2025-09-29T03:00:00,18.1,23.8,226.0,11.6,88,1.8,0.0,999.8,50.0
2025-09-29T04:00:00,18.5,24.3,233.0,11.0,90,2.0,0.0,999.7,60.0
2025-09-29T05:00:00,20.3,29.7,281.0,10.7,91,2.7,0.0,999.7,60.0
2025-09-29T06:00:00,23.1,39.0,326.0,11.0,91,5.2,0.0,1000.1,65.0
2025-09-29T07:00:00,24.3,42.8,295.0,12.6,87,3.6,0.0,1000.4,85.0
2025-09-29T08:00:00,21.0,34.3,281.0,15.0,83,1.3,0.0,1000.9,145.0
2025-09-29T09:00:00,20.6,27.5,251.0,17.2,73,1.7,0.0,1001.2,250.0
2025-09-29T10:00:00,17.5,25.6,214.0,18.9,65,2.5,0.0,1001.3,410.0
2025-09-29T11:00:00,13.9,18.3,195.0,20.1,60,2.4,0.0,1001.0,635.0
2025-09-29T12:00:00,11.9,13.1,185.0,21.0,56,1.8,0.0,1000.5,780.0
2025-09-29T13:00:00,11.0,9.5,180.0,21.5,56,1.9,0.0,1000.1,790.0
2025-09-29T14:00:00,11.6,9.5,179.0,21.7,54,0.4,0.0,999.8,745.0
2025-09-29T15:00:00,11.6,12.5,183.0,21.7,54,1.3,0.0,999.6,610.0
2025-09-29T16:00:00,13.9,23.9,200.0,21.0,64,2.7,0.0,999.7,125.0
2025-09-29T17:00:00,18.1,44.0,236.0,18.6,74,4.3,0.0,1000.0,35.0
2025-09-29T18:00:00,20.8,60.4,269.0,17.5,76,2.3,0.0,1000.4,20.0
2025-09-29T19:00:00,23.7,68.9,270.0,16.9,77,1.0,0.0,1000.7,25.0
2025-09-29T20:00:00,26.3,71.4,276.0,16.5,77,1.2,0.0,1000.7,30.0
2025-09-29T21:00:00,29.4,60.0,296.0,15.9,79,3.9,0.0,1001.1,30.0
2025-09-29T22:00:00,31.7,47.9,291.0,15.5,80,5.5,0.0,1001.2,75.0
2025-09-29T23:00:00,33.5,39.0,286.0,14.5,84,4.5,0.0,1001.3,55.0
2025-09-30T00:00:00,30.9,32.0,274.0,13.8,86,4.1,0.0,1001.5,40.0
2025-09-30T01:00:00,31.6,28.9,270.0,13.9,85,1.5,0.0,1001.3,35.0
2025-09-30T02:00:00,28.2,22.9,263.0,13.7,85,2.8,0.0,1000.9,30.0
2025-09-30T03:00:00,24.0,16.4,227.0,13.3,87,4.9,0.0,1000.5,35.0
2025-09-30T04:00:00,23.8,16.2,222.0,12.6,90,3.6,0.0,1000.5,30.0
2025-09-30T05:00:00,28.5,26.4,229.0,11.9,92,3.2,0.0,1000.7,35.0
2025-09-30T06:00:00,32.4,41.9,260.0,12.5,90,3.5,0.0,1001.3,30.0
2025-09-30T07:00:00,30.7,41.3,290.0,13.9,85,5.1,0.0,1001.6,60.0
2025-09-30T08:00:00,27.3,25.2,243.0,15.4,83,5.6,0.0,1002.4,135.0
2025-09-30T09:00:00,23.7,21.3,222.0,16.7,81,5.8,0.0,1002.5,350.0
2025-09-30T10:00:00,23.8,16.6,206.0,18.1,76,4.9,0.0,1002.4,395.0
2025-09-30T11:00:00,22.1,15.3,190.0,19.0,73,4.1,0.0,1002.2,525.0
2025-09-30T12:00:00,21.3,13.2,181.0,19.3,71,3.4,0.0,1001.8,720.0
2025-09-30T13:00:00,19.2,12.2,175.0,19.6,70,3.1,0.0,1001.3,865.0
2025-09-30T14:00:00,17.8,11.8,175.0,20.2,68,3.7,0.0,1000.9,855.0
2025-09-30T15:00:00,17.3,14.4,179.0,20.0,68,4.7,0.0,1000.7,730.0
2025-09-30T16:00:00,17.3,22.6,205.0,19.3,72,5.7,0.0,1000.8,360.0
2025-09-30T17:00:00,22.5,36.3,233.0,17.9,79,6.6,0.0,1000.8,175.0
2025-09-30T18:00:00,21.3,50.0,256.0,17.1,83,7.8,0.0,1001.4,145.0
2025-09-30T19:00:00,22.9,44.2,240.0,16.5,84,9.0,0.0,1002.0,225.0
2025-09-30T20:00:00,21.2,32.7,224.0,15.6,87,10.7,0.1,1002.4,320.0
2025-09-30T21:00:00,16.5,22.8,216.0,15.0,85,10.6,0.1,1002.8,325.0
2025-09-30T22:00:00,17.1,15.4,186.0,14.4,86,9.6,0.9,1003.0,380.0
2025-09-30T23:00:00,15.6,10.9,176.0,13.9,87,9.4,0.1,1002.9,320.0
2025-10-01T00:00:00,11.8,8.4,169.0,14.2,93,11.8,0.0,1002.4,310.0
2025-10-01T01:00:00,11.8,7.4,165.0,14.0,91,7.2,0.6,1002.7,195.0
2025-10-01T02:00:00,11.0,7.1,164.0,13.9,91,8.8,0.1,1002.5,130.0
2025-10-01T03:00:00,10.5,7.8,166.0,13.9,91,9.8,0.1,1002.5,165.0
2025-10-01T04:00:00,10.1,9.4,166.0,13.8,90,8.4,0.0,1002.6,185.0
2025-10-01T05:00:00,10.5,17.3,174.0,13.5,92,7.0,0.0,1003.1,140.0
2025-10-01T06:00:00,11.2,30.0,191.0,13.5,90,5.9,0.0,1003.2,230.0
2025-10-01T07:00:00,11.5,27.2,188.0,14.3,89,5.1,0.0,1003.7,375.0
2025-10-01T08:00:00,9.6,19.8,177.0,15.3,80,6.9,0.0,1004.1,500.0
2025-10-01T09:00:00,9.2,14.0,169.0,16.0,74,8.7,0.0,1004.4,560.0
2025-10-01T10:00:00,9.4,9.2,162.0,16.6,70,9.3,0.0,1004.5,605.0
2025-10-01T11:00:00,9.6,7.5,160.0,17.5,61,9.9,0.0,1004.8,665.0
2025-10-01T12:00:00,10.2,6.3,159.0,18.4,57,7.4,0.0,1004.0,725.0
2025-10-01T13:00:00,9.5,6.0,160.0,18.7,55,7.8,0.0,1003.6,780.0
2025-10-01T14:00:00,8.8,6.6,166.0,18.8,54,7.8,0.0,1003.2,855.0
2025-10-01T15:00:00,8.9,8.8,172.0,18.5,55,8.2,0.0,1003.0,880.0
2025-10-01T16:00:00,12.8,15.8,190.0,17.6,60,8.7,0.0,1003.1,790.0
2025-10-01T17:00:00,13.8,28.5,198.0,15.9,70,6.7,0.0,1003.8,520.0
2025-10-01T18:00:00,14.2,30.6,207.0,15.5,74,10.2,0.0,1004.3,635.0
2025-10-01T19:00:00,16.2,31.4,218.0,14.9,76,10.5,0.0,1005.2,795.0
2025-10-01T20:00:00,18.2,33.8,210.0,14.7,74,10.9,0.0,1005.7,720.0
2025-10-01T21:00:00,15.2,20.0,186.0,14.1,76,9.0,0.0,1006.1,480.0
2025-10-01T22:00:00,13.6,15.3,176.0,13.5,79,7.4,0.0,1006.2,495.0
2025-10-01T23:00:00,13.9,17.1,180.0,13.1,82,6.8,0.0,1006.3,335.0
2025-10-02T00:00:00,19.9,14.9,193.0,12.9,83,7.3,0.0,1006.3,265.0
2025-10-02T01:00:00,19.5,14.0,197.0,12.7,82,6.6,0.0,1006.3,265.0
2025-10-02T02:00:00,18.0,13.3,199.0,12.5,81,6.3,0.0,1005.9,300.0
2025-10-02T03:00:00,17.0,12.3,198.0,12.0,81,6.6,0.0,1005.8,275.0
2025-10-02T04:00:00,16.8,13.6,202.0,11.5,82,6.1,0.0,1005.8,205.0
2025-10-02T05:00:00,21.2,31.0,223.0,11.3,83,4.7,0.0,1005.8,140.0
2025-10-02T06:00:00,29.0,51.0,295.0,11.3,85,4.8,0.0,1005.8,80.0
2025-10-02T07:00:00,25.7,45.2,312.0,12.6,84,4.5,0.0,1006.2,175.0
2025-10-02T08:00:00,19.2,30.1,242.0,15.0,72,3.3,0.0,1006.7,425.0
2025-10-02T09:00:00,13.8,13.8,184.0,16.3,55,4.6,0.0,1007.0,630.0
2025-10-02T10:00:00,9.7,8.5,171.0,17.0,51,4.7,0.0,1006.8,1310.0
2025-10-02T11:00:00,8.8,6.8,164.0,17.5,48,3.6,0.0,1006.5,1565.0
2025-10-02T12:00:00,8.8,7.1,162.0,17.8,46,4.9,0.0,1005.7,1610.0
2025-10-02T13:00:00,8.5,7.7,162.0,18.0,44,5.6,0.0,1005.1,1580.0
2025-10-02T14:00:00,7.7,7.9,166.0,17.8,46,5.7,0.0,1004.6,1305.0
2025-10-02T15:00:00,7.8,10.5,171.0,17.5,47,5.2,0.0,1004.4,1055.0
2025-10-02T16:00:00,10.0,19.1,189.0,16.7,56,3.6,0.0,1004.3,820.0
2025-10-02T17:00:00,10.7,48.3,232.0,14.9,63,1.9,0.0,1004.6,45.0
2025-10-02T18:00:00,13.5,70.3,278.0,14.1,65,1.7,0.0,1004.4,55.0
2025-10-02T19:00:00,17.8,65.8,280.0,13.6,65,1.9,0.0,1004.7,65.0
2025-10-02T20:00:00,20.2,53.0,266.0,13.3,63,2.7,0.0,1004.9,60.0
2025-10-02T21:00:00,22.4,46.0,289.0,13.1,61,3.1,0.0,1005.0,60.0
2025-10-02T22:00:00,23.9,41.7,303.0,12.3,63,1.3,0.0,1005.1,60.0
2025-10-02T23:00:00,25.1,36.9,281.0,11.1,73,4.3,0.0,1005.0,45.0
2025-10-03T00:00:00,26.9,31.6,281.0,10.1,88,4.6,0.0,1005.4,40.0
2025-10-03T01:00:00,31.0,28.3,259.0,10.5,85,5.6,0.0,1005.2,40.0
2025-10-03T02:00:00,31.7,24.2,266.0,10.3,83,4.4,0.0,1004.8,40.0
2025-10-03T03:00:00,30.0,18.0,261.0,10.2,83,4.1,0.0,1004.6,30.0
2025-10-03T04:00:00,30.5,18.2,252.0,10.0,84,4.2,0.0,1004.3,25.0
2025-10-03T05:00:00,30.8,35.7,253.0,9.2,86,2.6,0.0,1004.1,20.0
2025-10-03T06:00:00,31.1,45.6,289.0,9.1,90,0.5,0.0,1004.5,20.0
2025-10-03T07:00:00,29.4,41.6,297.0,10.6,87,2.7,0.0,1005.0,25.0
2025-10-03T08:00:00,23.4,28.4,268.0,12.5,81,0.3,0.0,1005.0,245.0
2025-10-03T09:00:00,21.7,19.1,238.0,14.3,74,1.5,0.0,1004.8,500.0
2025-10-03T10:00:00,17.3,13.5,205.0,15.5,68,1.3,0.0,1004.5,825.0
2025-10-03T11:00:00,15.3,11.4,188.0,16.5,60,2.4,0.0,1004.0,1175.0
2025-10-03T12:00:00,14.0,9.5,181.0,17.1,55,2.4,0.0,1003.2,1165.0
2025-10-03T13:00:00,13.2,9.2,173.0,17.4,53,3.9,0.0,1002.6,1090.0
2025-10-03T14:00:00,13.5,10.2,175.0,17.3,53,5.5,0.0,1002.0,995.0
2025-10-03T15:00:00,13.5,13.3,180.0,16.9,54,5.0,0.0,1001.7,890.0
2025-10-03T16:00:00,19.6,36.2,213.0,16.2,62,5.1,0.0,1001.6,325.0
2025-10-03T17:00:00,22.6,62.1,260.0,14.6,72,3.4,0.0,1001.7,70.0
2025-10-03T18:00:00,22.9,79.3,307.0,14.1,74,3.6,0.0,1001.9,45.0
2025-10-03T19:00:00,24.6,85.0,348.0,13.4,76,4.1,0.0,1002.3,45.0
2025-10-03T20:00:00,26.0,66.8,312.0,13.1,78,4.8,0.0,1002.5,40.0
2025-10-03T21:00:00,29.3,56.0,315.0,12.4,81,4.6,0.0,1002.3,35.0
2025-10-03T22:00:00,36.4,52.0,331.0,11.9,84,4.1,0.0,1001.8,40.0
2025-10-03T23:00:00,38.8,50.0,336.0,11.3,86,3.4,0.0,1001.7,55.0
2025-10-04T00:00:00,36.5,40.4,328.0,11.1,88,2.8,0.0,1001.7,40.0
2025-10-04T01:00:00,34.9,36.8,330.0,10.7,90,2.7,0.0,1001.2,20.0
2025-10-04T02:00:00,36.2,34.5,304.0,10.4,90,2.6,0.0,1000.8,25.0
2025-10-04T03:00:00,37.2,31.1,305.0,10.2,91,1.7,0.0,1000.6,20.0
2025-10-04T04:00:00,37.7,28.5,304.0,10.0,92,1.3,0.0,1000.4,20.0
2025-10-04T05:00:00,38.0,30.7,320.0,10.0,93,3.2,0.0,1000.3,20.0
2025-10-04T06:00:00,36.2,32.3,359.0,10.5,91,3.0,0.0,1000.4,15.0
2025-10-04T07:00:00,35.5,33.8,335.0,11.3,89,0.6,0.0,1000.1,60.0
2025-10-04T08:00:00,34.1,32.5,319.0,13.5,82,0.4,0.0,1000.0,225.0
2025-10-04T09:00:00,32.6,29.8,297.0,15.1,74,1.1,0.0,999.9,390.0
2025-10-04T10:00:00,32.3,26.0,284.0,15.6,71,1.3,0.0,999.3,360.0
2025-10-04T11:00:00,28.5,22.4,238.0,16.1,70,0.7,0.0,998.4,500.0
2025-10-04T12:00:00,24.6,17.4,207.0,15.7,68,2.1,0.0,997.9,620.0
2025-10-04T13:00:00,23.5,14.1,190.0,16.2,67,2.4,0.0,996.8,640.0
2025-10-04T14:00:00,20.8,13.4,182.0,16.3,69,0.7,0.0,996.2,595.0
2025-10-04T15:00:00,17.5,16.7,184.0,16.2,71,1.3,0.0,995.0,460.0
2025-10-04T16:00:00,21.9,27.8,202.0,15.9,75,2.2,0.0,994.3,275.0
2025-10-04T17:00:00,23.0,43.4,229.0,15.4,81,3.6,0.0,993.4,195.0
2025-10-04T18:00:00,24.8,49.8,247.0,15.3,83,3.1,0.0,993.4,160.0
2025-10-04T19:00:00,25.2,53.3,260.0,15.0,86,4.7,0.0,993.6,120.0
2025-10-04T20:00:00,27.1,54.3,287.0,14.7,88,5.0,0.2,993.1,100.0
2025-10-04T21:00:00,28.4,50.9,264.0,14.6,91,1.8,0.2,992.4,80.0
2025-10-04T22:00:00,27.3,45.7,265.0,14.5,91,4.8,0.3,991.9,125.0
2025-10-04T23:00:00,22.0,41.8,246.0,14.3,93,7.9,0.3,991.1,65.0
2025-10-05T00:00:00,19.9,31.1,236.0,13.8,94,12.5,0.0,991.2,65.0
2025-10-05T01:00:00,19.8,19.9,222.0,14.0,92,4.4,0.2,990.5,95.0
2025-10-05T02:00:00,20.2,8.9,192.0,12.9,96,7.6,0.0,990.5,115.0
2025-10-05T03:00:00,8.9,5.2,157.0,12.7,89,14.2,0.0,990.4,265.0
2025-10-05T04:00:00,3.5,3.3,133.0,14.1,51,19.6,0.0,990.8,370.0
2025-10-05T05:00:00,2.1,3.8,136.0,15.1,41,16.4,0.0,991.3,370.0
2025-10-05T06:00:00,2.4,4.7,138.0,14.0,46,14.5,0.0,991.2,310.0
2025-10-05T07:00:00,2.3,4.4,141.0,14.9,42,15.3,0.0,992.4,375.0
2025-10-05T08:00:00,2.1,4.3,139.0,15.9,44,14.5,0.0,993.7,615.0
2025-10-05T09:00:00,2.2,3.3,140.0,17.4,41,13.8,0.0,994.6,780.0
2025-10-05T10:00:00,2.0,2.9,140.0,18.5,38,12.1,0.0,995.6,2080.0
2025-10-05T11:00:00,1.7,3.2,139.0,19.2,38,10.1,0.0,996.2,1170.0
2025-10-05T12:00:00,1.5,2.9,139.0,18.8,52,12.4,0.4,996.5,1055.0
2025-10-05T13:00:00,2.1,3.2,145.0,17.7,62,14.4,0.0,997.0,765.0
2025-10-05T14:00:00,4.6,4.1,157.0,17.2,64,13.8,0.0,997.2,705.0
2025-10-05T15:00:00,5.3,5.8,164.0,15.7,67,13.6,0.0,997.8,620.0
2025-10-05T16:00:00,4.5,9.0,168.0,15.3,72,9.2,0.0,998.2,575.0
2025-10-05T17:00:00,7.2,18.1,191.0,13.9,77,7.2,0.0,998.4,190.0
2025-10-05T18:00:00,8.3,27.7,211.0,13.0,86,5.8,0.0,999.0,75.0
2025-10-05T19:00:00,10.9,29.6,224.0,12.3,89,10.9,0.0,999.6,55.0
2025-10-05T20:00:00,12.1,32.8,236.0,12.0,90,5.2,0.0,1000.1,35.0
2025-10-05T21:00:00,13.9,31.9,219.0,11.3,90,1.4,0.0,1000.4,15.0
2025-10-05T22:00:00,9.7,27.7,198.0,10.7,92,3.5,0.0,1000.9,35.0
2025-10-05T23:00:00,5.2,11.5,166.0,10.2,94,7.7,0.0,1001.1,75.0
2025-10-06T00:00:00,4.8,6.1,144.0,10.6,93,8.5,0.0,1001.2,110.0
2025-10-06T01:00:00,4.2,5.8,143.0,10.0,92,10.9,0.0,1001.0,125.0
2025-10-06T02:00:00,3.3,4.0,142.0,9.9,86,9.9,0.0,1001.0,125.0
2025-10-06T03:00:00,3.2,4.3,139.0,9.6,75,8.0,0.0,1001.1,130.0
2025-10-06T04:00:00,3.3,5.8,142.0,10.1,65,9.1,0.0,1001.2,130.0
2025-10-06T05:00:00,4.1,13.9,151.0,10.2,61,10.0,0.0,1001.3,120.0
2025-10-06T06:00:00,6.3,28.4,171.0,10.9,61,11.0,0.0,1001.7,115.0
2025-10-06T07:00:00,7.1,29.1,188.0,12.4,59,13.0,0.0,1002.3,155.0
2025-10-06T08:00:00,6.8,18.7,178.0,14.9,55,12.0,0.0,1003.1,250.0
2025-10-06T09:00:00,5.7,12.7,160.0,16.9,54,11.8,0.0,1003.4,455.0
2025-10-06T10:00:00,3.9,8.2,154.0,18.1,45,13.5,0.0,1003.5,420.0
2025-10-06T11:00:00,2.9,5.9,147.0,19.0,42,11.1,0.0,1003.3,815.0
2025-10-06T12:00:00,2.8,5.4,144.0,19.9,39,9.2,0.0,1003.0,1370.0
2025-10-06T13:00:00,2.9,5.5,144.0,20.3,37,8.3,0.0,1002.6,1345.0
2025-10-06T14:00:00,3.1,7.1,148.0,20.3,38,8.1,0.0,1002.0,1165.0
2025-10-06T15:00:00,4.1,10.5,154.0,19.6,46,6.5,0.0,1001.8,580.0
2025-10-06T16:00:00,5.4,18.6,168.0,17.9,57,6.7,0.0,1001.9,160.0
2025-10-06T17:00:00,5.6,27.0,188.0,15.5,65,6.2,0.0,1002.1,80.0
2025-10-06T18:00:00,7.2,37.8,198.0,15.7,64,8.5,0.0,1002.3,65.0
2025-10-06T19:00:00,11.3,40.2,207.0,15.1,63,9.4,0.0,1002.5,55.0
2025-10-06T20:00:00,12.4,35.8,207.0,14.0,66,7.4,0.0,1003.1,45.0
2025-10-06T21:00:00,15.0,39.3,219.0,12.8,74,5.2,0.0,1003.5,40.0
2025-10-06T22:00:00,18.2,43.9,238.0,12.5,77,6.9,0.0,1003.6,60.0
2025-10-06T23:00:00,19.5,41.5,247.0,12.3,77,5.7,0.0,1003.5,65.0
2025-10-07T00:00:00,19.7,37.3,245.0,11.8,76,2.9,0.0,1003.5,55.0
2025-10-07T01:00:00,17.0,30.8,239.0,11.0,79,3.0,0.0,1003.2,50.0
2025-10-07T02:00:00,15.5,25.9,228.0,10.7,81,3.2,0.0,1002.7,55.0
2025-10-07T03:00:00,14.8,21.9,209.0,10.5,82,3.0,0.0,1002.6,55.0
2025-10-07T04:00:00,17.0,26.5,210.0,10.0,82,3.1,0.0,1002.7,55.0
2025-10-07T05:00:00,19.4,31.3,242.0,9.6,84,3.5,0.0,1002.9,55.0
2025-10-07T06:00:00,23.9,37.0,303.0,9.6,86,4.1,0.0,1003.5,50.0
2025-10-07T07:00:00,27.1,39.9,355.0,10.8,87,3.1,0.0,1004.1,60.0
2025-10-07T08:00:00,22.1,37.2,307.0,13.4,78,2.0,0.0,1004.6,100.0
2025-10-07T09:00:00,18.3,35.9,285.0,15.7,72,0.6,0.0,1004.9,200.0
2025-10-07T10:00:00,18.9,30.4,248.0,17.5,67,1.2,0.0,1004.8,320.0
2025-10-07T11:00:00,14.7,29.0,233.0,19.0,62,1.8,0.0,1004.7,520.0
2025-10-07T12:00:00,12.8,23.9,206.0,20.0,58,0.8,0.0,1004.2,565.0
2025-10-07T13:00:00,12.7,20.5,206.0,20.6,56,0.5,0.0,1003.6,575.0
2025-10-07T14:00:00,12.6,21.7,209.0,20.7,56,2.1,0.0,1003.0,555.0
2025-10-07T15:00:00,13.8,28.4,222.0,20.5,58,1.8,0.0,1002.5,500.0
2025-10-07T16:00:00,19.5,54.8,261.0,19.5,68,3.1,0.0,1002.5,35.0
2025-10-07T17:00:00,27.4,82.4,312.0,17.3,74,4.6,0.0,1002.4,40.0
2025-10-07T18:00:00,32.8,92.2,346.0,17.4,77,3.3,0.0,1002.4,45.0
2025-10-07T19:00:00,36.7,82.8,312.0,16.5,80,3.4,0.0,1002.9,55.0
2025-10-07T20:00:00,39.4,66.1,314.0,15.5,84,5.2,0.0,1003.4,60.0
2025-10-07T21:00:00,41.4,54.1,326.0,14.8,83,6.0,0.0,1003.8,65.0
2025-10-07T22:00:00,39.8,46.0,307.0,14.4,81,8.0,0.0,1004.1,95.0
2025-10-07T23:00:00,39.5,38.0,312.0,13.8,82,9.3,0.0,1004.4,75.0
2025-10-08T00:00:00,36.2,33.3,293.0,12.9,85,7.4,0.0,1004.8,65.0
2025-10-08T01:00:00,35.3,30.1,281.0,12.6,87,7.4,0.0,1004.7,45.0
2025-10-08T02:00:00,33.9,25.9,275.0,12.4,88,5.9,0.0,1004.3,25.0
2025-10-08T03:00:00,33.2,21.6,269.0,12.3,88,5.9,0.0,1004.0,20.0
2025-10-08T04:00:00,34.7,26.7,263.0,11.6,90,3.9,0.0,1003.8,25.0
2025-10-08T05:00:00,32.3,39.1,291.0,11.5,89,1.2,0.0,1003.7,30.0
2025-10-08T06:00:00,31.2,44.3,348.0,11.5,90,0.9,0.0,1003.6,30.0
2025-10-08T07:00:00,34.3,48.8,322.0,13.0,88,1.6,0.0,1003.9,55.0
2025-10-08T08:00:00,34.0,39.2,314.0,14.8,83,0.5,0.0,1003.9,110.0
2025-10-08T09:00:00,35.3,26.6,273.0,16.3,78,1.1,0.0,1004.2,315.0
2025-10-08T10:00:00,34.8,17.7,234.0,17.6,72,2.3,0.0,1003.8,510.0
2025-10-08T11:00:00,31.4,13.2,209.0,18.6,67,3.4,0.0,1003.5,725.0
2025-10-08T12:00:00,28.0,10.6,195.0,19.3,65,1.6,0.0,1002.8,595.0
2025-10-08T13:00:00,28.1,9.7,187.0,19.8,63,2.3,0.0,1002.1,575.0
2025-10-08T14:00:00,27.8,11.0,185.0,20.0,61,2.7,0.0,1001.6,540.0
2025-10-08T15:00:00,27.3,15.2,189.0,19.8,62,2.0,0.0,1001.3,460.0
2025-10-08T16:00:00,28.9,30.3,234.0,18.9,69,3.3,0.0,1001.3,100.0
2025-10-08T17:00:00,31.5,61.2,298.0,16.9,77,4.1,0.0,1001.3,55.0
2025-10-08T18:00:00,33.9,75.3,325.0,16.4,77,3.4,0.0,1001.7,35.0
2025-10-08T19:00:00,39.4,75.8,325.0,15.9,78,4.1,0.0,1001.8,40.0
2025-10-08T20:00:00,42.3,76.2,323.0,15.5,81,4.0,0.0,1001.8,35.0
2025-10-08T21:00:00,45.1,68.2,321.0,14.7,84,3.9,0.0,1002.2,35.0
2025-10-08T22:00:00,46.0,59.1,345.0,14.5,86,4.8,0.0,1002.3,50.0
2025-10-08T23:00:00,49.0,46.5,364.0,14.4,88,6.5,0.0,1002.1,70.0
2025-10-09T00:00:00,53.9,32.6,329.0,13.6,90,6.3,0.0,1002.5,70.0
2025-10-09T01:00:00,59.0,30.8,307.0,13.4,90,6.5,0.0,1002.4,75.0
2025-10-09T02:00:00,59.8,27.9,307.0,13.0,90,6.3,0.0,1002.1,80.0
2025-10-09T03:00:00,58.7,24.5,304.0,12.6,90,4.5,0.0,1001.9,50.0
2025-10-09T04:00:00,56.1,29.6,299.0,12.2,91,4.0,0.0,1001.9,35.0
2025-10-09T05:00:00,54.9,40.2,294.0,11.9,91,3.6,0.0,1001.7,35.0
2025-10-09T06:00:00,57.5,50.4,333.0,12.0,92,2.6,0.0,1002.2,25.0
2025-10-09T07:00:00,57.6,54.8,343.0,13.8,89,1.8,0.0,1002.7,15.0
2025-10-09T08:00:00,51.8,45.0,372.0,15.7,83,1.1,0.0,1003.1,135.0
2025-10-09T09:00:00,46.0,34.5,316.0,17.0,79,1.8,0.0,1003.3,325.0
2025-10-09T10:00:00,44.7,28.9,270.0,18.1,75,1.3,0.0,1003.5,535.0
2025-10-09T11:00:00,40.0,21.3,249.0,19.1,70,0.0,0.0,1003.3,730.0
2025-10-09T12:00:00,35.5,15.8,224.0,19.9,65,1.1,0.0,1002.6,850.0
2025-10-09T13:00:00,32.6,12.5,219.0,20.5,65,0.9,0.0,1002.3,775.0
2025-10-09T14:00:00,28.5,12.8,209.0,20.6,65,2.2,0.0,1002.0,690.0
2025-10-09T15:00:00,27.2,15.6,200.0,20.4,65,2.4,0.0,1002.1,615.0
2025-10-09T16:00:00,28.1,23.4,212.0,19.7,72,2.8,0.0,1002.6,110.0
2025-10-09T17:00:00,28.7,58.0,264.0,17.9,78,3.8,0.0,1003.0,65.0
2025-10-09T18:00:00,31.2,61.8,272.0,17.5,79,4.1,0.0,1003.7,50.0
2025-10-09T19:00:00,36.5,56.0,284.0,16.6,83,4.1,0.0,1004.4,45.0
2025-10-09T20:00:00,43.0,57.5,305.0,16.2,85,4.5,0.0,1005.1,45.0
2025-10-09T21:00:00,46.4,47.9,314.0,15.7,88,5.6,0.0,1006.0,50.0
2025-10-09T22:00:00,48.5,40.8,311.0,15.4,88,6.2,0.0,1006.6,60.0
2025-10-09T23:00:00,53.4,37.1,323.0,15.1,88,6.5,0.0,1006.6,65.0
2025-10-10T00:00:00,51.1,33.2,304.0,14.3,90,4.9,0.0,1007.4,60.0
2025-10-10T01:00:00,43.2,27.8,302.0,14.1,91,4.0,0.0,1007.5,45.0
2025-10-10T02:00:00,38.4,20.9,296.0,13.9,90,3.4,0.0,1007.4,40.0
2025-10-10T03:00:00,40.0,19.2,281.0,13.7,90,2.0,0.0,1007.4,25.0
2025-10-10T04:00:00,42.6,22.2,276.0,13.5,90,0.3,0.0,1007.7,10.0
2025-10-10T05:00:00,48.7,33.3,284.0,13.2,91,1.3,0.0,1007.9,15.0
2025-10-10T06:00:00,60.2,48.8,351.0,12.8,93,3.2,0.0,1008.5,30.0
2025-10-10T07:00:00,67.6,50.8,377.0,14.0,92,4.2,0.0,1009.2,75.0
2025-10-10T08:00:00,59.1,40.7,356.0,15.5,89,3.5,0.0,1009.8,135.0
2025-10-10T09:00:00,57.4,37.0,329.0,17.5,83,3.4,0.0,1010.3,245.0
2025-10-10T10:00:00,59.0,31.5,289.0,19.0,76,3.1,0.0,1010.6,415.0
2025-10-10T11:00:00,44.7,26.1,269.0,20.1,72,2.2,0.0,1010.4,520.0
2025-10-10T12:00:00,41.3,20.2,244.0,21.0,69,2.5,0.0,1009.7,600.0
2025-10-10T13:00:00,42.0,15.7,233.0,21.7,68,3.1,0.0,1009.0,585.0
2025-10-10T14:00:00,39.3,14.6,232.0,22.0,66,3.1,0.0,1008.6,580.0
2025-10-10T15:00:00,34.6,16.2,241.0,21.9,66,4.1,0.0,1008.5,565.0
2025-10-10T16:00:00,33.3,30.8,246.0,20.8,76,2.8,0.0,1008.6,130.0
2025-10-10T17:00:00,40.9,59.1,293.0,18.9,79,2.4,0.0,1008.4,35.0
2025-10-10T18:00:00,39.4,68.6,300.0,18.0,82,2.1,0.0,1008.6,20.0
2025-10-10T19:00:00,43.0,79.7,313.0,17.3,83,0.8,0.0,1008.8,15.0
2025-10-10T20:00:00,49.5,73.6,332.0,16.5,85,1.0,0.0,1009.1,15.0
2025-10-10T21:00:00,50.8,66.9,317.0,15.8,87,1.7,0.0,1009.2,20.0
2025-10-10T22:00:00,56.1,66.0,334.0,15.2,91,2.2,0.0,1009.3,15.0
2025-10-10T23:00:00,62.9,60.7,355.0,14.8,91,0.9,0.0,1009.4,10.0
2025-10-11T00:00:00,52.2,44.9,345.0,14.5,93,0.4,0.0,1009.6,10.0
2025-10-11T01:00:00,53.7,45.7,357.0,14.1,95,0.4,0.0,1009.9,10.0
2025-10-11T02:00:00,51.8,45.2,359.0,13.6,95,1.9,0.0,1009.8,20.0
2025-10-11T03:00:00,48.3,41.9,337.0,13.3,94,3.2,0.0,1009.9,25.0
2025-10-11T04:00:00,49.4,35.2,331.0,12.8,95,3.9,0.0,1010.0,30.0
2025-10-11T05:00:00,48.9,34.2,322.0,12.4,97,3.9,0.0,1009.9,35.0
2025-10-11T06:00:00,45.3,34.8,309.0,12.2,99,5.5,0.0,1010.5,40.0
2025-10-11T07:00:00,41.7,28.1,290.0,13.3,97,4.8,0.0,1011.1,65.0
2025-10-11T08:00:00,41.7,21.4,303.0,15.1,93,2.7,0.0,1011.7,120.0
2025-10-11T09:00:00,40.5,19.6,283.0,16.8,88,2.7,0.0,1012.1,220.0
2025-10-11T10:00:00,48.7,15.4,250.0,18.6,83,3.4,0.0,1012.2,350.0
2025-10-11T11:00:00,40.3,11.7,218.0,20.0,75,4.6,0.0,1011.9,640.0
2025-10-11T12:00:00,28.8,8.7,191.0,20.7,71,4.0,0.0,1011.1,785.0
2025-10-11T13:00:00,25.2,7.3,178.0,21.4,67,3.0,0.0,1010.4,825.0
2025-10-11T14:00:00,24.3,6.6,177.0,21.4,66,2.7,0.0,1010.0,760.0
2025-10-11T15:00:00,23.3,8.3,182.0,21.2,66,2.0,0.0,1009.6,600.0
2025-10-11T16:00:00,25.9,14.9,196.0,20.5,76,0.2,0.0,1009.3,10.0
2025-10-11T17:00:00,29.2,37.0,227.0,19.1,76,0.4,0.0,1009.0,10.0
2025-10-11T18:00:00,29.6,38.0,250.0,18.0,82,1.9,0.0,1009.2,15.0
2025-10-11T19:00:00,34.3,46.1,283.0,17.3,84,0.6,0.0,1009.2,15.0
2025-10-11T20:00:00,40.0,58.4,308.0,16.5,87,1.2,0.0,1009.4,15.0
2025-10-11T21:00:00,45.4,62.2,337.0,15.7,91,2.1,0.0,1009.5,20.0
2025-10-11T22:00:00,47.8,61.2,347.0,15.6,91,3.1,0.0,1009.6,25.0
2025-10-11T23:00:00,46.4,52.6,336.0,15.2,92,5.9,0.0,1009.4,40.0
2025-10-12T00:00:00,47.8,43.5,342.0,14.3,94,4.4,0.0,1009.7,40.0
2025-10-12T01:00:00,46.3,36.4,317.0,13.9,95,3.8,0.0,1009.4,35.0
2025-10-12T02:00:00,47.7,29.2,276.0,13.7,95,3.2,0.0,1009.1,30.0
2025-10-12T03:00:00,49.1,22.3,269.0,13.4,96,2.8,0.0,1009.1,25.0
2025-10-12T04:00:00,50.8,21.9,284.0,13.2,97,2.8,0.0,1009.1,30.0
2025-10-12T05:00:00,52.1,27.1,285.0,13.1,97,3.1,0.0,1008.8,30.0
2025-10-12T06:00:00,52.7,29.8,278.0,13.7,96,3.7,0.0,1008.8,40.0
2025-10-12T07:00:00,44.6,25.0,273.0,14.8,95,3.1,0.0,1009.0,35.0
2025-10-12T08:00:00,46.2,22.4,252.0,16.2,93,1.5,0.1,1009.2,130.0
2025-10-12T09:00:00,36.6,17.4,230.0,17.6,87,2.8,0.0,1009.0,290.0
2025-10-12T10:00:00,28.4,13.3,201.0,18.8,81,3.5,0.0,1008.6,485.0
2025-10-12T11:00:00,26.5,10.4,197.0,19.4,77,4.2,0.1,1008.1,565.0
2025-10-12T12:00:00,23.5,8.4,184.0,20.2,71,2.8,0.0,1007.3,815.0
2025-10-12T13:00:00,22.4,7.1,180.0,20.5,68,2.7,0.0,1006.8,855.0
2025-10-12T14:00:00,22.8,6.8,184.0,20.5,67,2.9,0.0,1006.3,780.0
2025-10-12T15:00:00,24.2,9.7,198.0,20.1,68,2.4,0.0,1006.0,475.0
2025-10-12T16:00:00,26.8,18.4,213.0,19.2,75,1.3,0.0,1005.8,25.0
2025-10-12T17:00:00,30.3,31.1,241.0,17.2,83,0.6,0.0,1005.6,10.0
2025-10-12T18:00:00,33.9,38.0,260.0,17.0,81,0.4,0.0,1005.7,10.0
2025-10-12T19:00:00,38.0,51.8,267.0,16.6,82,0.4,0.0,1005.3,10.0
2025-10-12T20:00:00,42.3,59.4,324.0,16.0,83,0.2,0.0,1005.4,10.0
2025-10-12T21:00:00,46.2,63.0,355.0,15.3,87,0.6,0.0,1005.3,10.0
2025-10-12T22:00:00,49.7,62.7,375.0,14.5,90,1.0,0.0,1004.9,15.0
2025-10-12T23:00:00,51.6,53.7,387.0,14.4,90,0.5,0.0,1004.7,10.0
2025-10-13T00:00:00,44.7,45.8,328.0,14.2,94,2.3,0.0,1004.3,25.0
2025-10-13T01:00:00,42.2,42.0,317.0,13.9,95,2.0,0.0,1004.1,20.0
2025-10-13T02:00:00,41.0,33.7,295.0,13.6,96,2.0,0.0,1003.7,20.0
2025-10-13T03:00:00,42.5,28.3,290.0,13.7,96,1.3,0.0,1003.7,15.0
2025-10-13T04:00:00,41.9,27.8,292.0,13.4,97,2.0,0.0,1003.8,25.0
2025-10-13T05:00:00,41.2,33.2,296.0,13.0,100,2.6,0.0,1003.9,20.0
2025-10-13T06:00:00,40.2,42.8,312.0,13.3,100,3.3,0.0,1003.9,25.0
2025-10-13T07:00:00,39.0,53.3,336.0,14.8,98,2.8,0.0,1004.3,55.0
2025-10-13T08:00:00,37.1,43.4,309.0,16.3,92,2.3,0.0,1004.7,140.0
2025-10-13T09:00:00,33.2,35.9,269.0,17.6,87,2.3,0.0,1005.0,255.0
2025-10-13T10:00:00,29.1,26.9,219.0,18.5,80,2.7,0.0,1005.2,415.0
2025-10-13T11:00:00,25.2,17.0,191.0,19.0,76,3.1,0.2,1005.2,585.0
2025-10-13T12:00:00,22.4,11.3,178.0,19.4,70,0.9,0.1,1004.5,810.0
2025-10-13T13:00:00,21.1,9.3,174.0,19.8,69,1.7,0.0,1004.2,875.0
2025-10-13T14:00:00,20.5,10.3,175.0,20.1,67,2.1,0.0,1003.8,885.0
2025-10-13T15:00:00,20.1,13.3,180.0,20.0,66,2.0,0.0,1003.3,780.0
2025-10-13T16:00:00,23.8,27.7,206.0,19.2,78,1.1,0.0,1003.2,30.0
2025-10-13T17:00:00,25.9,49.1,252.0,17.8,77,0.9,0.0,1003.4,15.0
2025-10-13T18:00:00,25.9,52.7,280.0,17.1,79,2.3,0.0,1003.6,30.0
2025-10-13T19:00:00,28.1,52.2,279.0,16.8,77,1.0,0.0,1003.7,20.0
2025-10-13T20:00:00,31.1,47.8,287.0,16.1,79,1.2,0.0,1003.9,15.0
2025-10-13T21:00:00,33.4,40.8,278.0,15.5,85,4.6,0.0,1004.2,40.0
2025-10-13T22:00:00,32.8,38.2,282.0,15.0,89,6.2,0.0,1004.5,65.0
2025-10-13T23:00:00,35.4,37.2,282.0,14.8,91,6.0,0.0,1004.4,75.0
2025-10-14T00:00:00,42.5,33.0,303.0,14.3,92,5.5,0.0,1004.4,60.0
2025-10-14T01:00:00,42.8,31.1,289.0,14.5,93,4.8,0.0,1004.2,60.0
2025-10-14T02:00:00,41.5,25.2,282.0,14.0,95,4.3,0.0,1003.8,55.0
2025-10-14T03:00:00,41.7,21.0,269.0,13.8,95,5.4,0.0,1003.6,65.0
2025-10-14T04:00:00,43.0,22.1,265.0,13.8,95,5.8,0.1,1003.6,85.0
2025-10-14T05:00:00,46.1,37.4,286.0,13.5,95,5.5,0.1,1003.7,85.0
2025-10-14T06:00:00,47.3,48.9,329.0,13.3,97,5.6,0.2,1003.8,85.0
2025-10-14T07:00:00,45.1,48.7,311.0,14.4,93,5.2,0.2,1004.1,135.0
2025-10-14T08:00:00,39.6,39.8,265.0,14.9,89,5.1,0.3,1004.6,195.0
2025-10-14T09:00:00,30.8,33.9,231.0,15.1,88,6.1,0.0,1005.0,225.0
2025-10-14T10:00:00,25.1,22.3,208.0,15.6,85,5.6,0.0,1005.2,260.0
2025-10-14T11:00:00,21.8,15.3,183.0,16.7,79,4.9,0.0,1005.0,325.0
2025-10-14T12:00:00,19.8,11.2,176.0,17.8,70,3.3,0.0,1004.2,455.0
2025-10-14T13:00:00,19.4,10.4,171.0,18.8,65,2.3,0.0,1003.4,670.0
2025-10-14T14:00:00,18.9,11.0,175.0,19.0,64,3.6,0.0,1002.8,750.0
2025-10-14T15:00:00,17.9,15.1,187.0,18.7,65,3.5,0.0,1002.4,735.0
2025-10-14T16:00:00,21.3,30.1,223.0,17.9,77,1.7,0.0,1002.2,55.0
2025-10-14T17:00:00,23.2,59.6,253.0,16.5,77,1.4,0.0,1002.1,20.0
2025-10-14T18:00:00,28.0,72.9,264.0,16.0,79,2.5,0.0,1002.5,30.0
2025-10-14T19:00:00,29.9,69.8,276.0,15.5,82,4.0,0.0,1002.5,50.0
2025-10-14T20:00:00,32.4,66.1,290.0,15.1,83,5.0,0.0,1003.0,80.0
2025-10-14T21:00:00,35.6,55.8,316.0,14.4,84,4.6,0.0,1003.4,70.0
2025-10-14T22:00:00,38.8,46.1,304.0,14.3,84,5.1,0.0,1003.4,55.0
2025-10-14T23:00:00,39.8,37.7,296.0,13.9,87,5.4,0.0,1003.5,50.0
2025-10-15T00:00:00,37.5,32.0,333.0,13.2,89,4.5,0.0,1003.3,40.0
2025-10-15T01:00:00,38.2,27.7,310.0,13.8,89,3.7,0.0,1003.4,45.0
2025-10-15T02:00:00,36.1,22.3,275.0,13.9,88,4.5,0.0,1003.3,60.0
2025-10-15T03:00:00,36.5,19.4,283.0,13.7,89,5.4,0.0,1003.3,85.0
2025-10-15T04:00:00,38.3,20.1,245.0,13.5,90,4.2,0.0,1003.3,85.0
2025-10-15T05:00:00,37.0,41.3,260.0,13.3,90,5.1,0.0,1003.4,90.0
2025-10-15T06:00:00,37.6,46.5,334.0,13.8,89,5.5,0.0,1003.5,120.0
2025-10-15T07:00:00,35.5,51.5,354.0,14.9,86,4.7,0.0,1004.1,150.0
2025-10-15T08:00:00,30.5,42.2,303.0,15.6,83,4.4,0.0,1004.4,215.0
2025-10-15T09:00:00,29.3,31.4,253.0,16.9,76,5.5,0.0,1004.7,350.0
2025-10-15T10:00:00,23.4,25.3,202.0,17.5,73,6.4,0.0,1004.7,565.0
2025-10-15T11:00:00,20.7,13.7,193.0,18.3,68,6.9,0.0,1004.8,745.0
2025-10-15T12:00:00,20.1,11.4,178.0,19.2,61,5.4,0.0,1004.0,920.0
2025-10-15T13:00:00,18.7,9.2,163.0,19.4,60,4.9,0.0,1003.6,915.0
2025-10-15T14:00:00,15.4,10.0,159.0,19.3,61,5.4,0.0,1003.3,905.0
2025-10-15T15:00:00,15.0,13.3,164.0,19.0,63,5.5,0.0,1003.0,755.0
2025-10-15T16:00:00,16.7,26.3,202.0,18.0,71,4.0,0.0,1002.9,320.0
2025-10-15T17:00:00,19.7,49.7,235.0,16.7,77,4.6,0.0,1003.0,115.0
2025-10-15T18:00:00,24.3,68.2,274.0,16.1,80,4.4,0.0,1003.3,80.0
2025-10-15T19:00:00,28.1,64.9,289.0,15.6,80,5.0,0.0,1003.4,75.0
2025-10-15T20:00:00,31.8,50.7,276.0,15.0,81,5.3,0.0,1003.7,75.0
2025-10-15T21:00:00,32.4,46.1,282.0,14.7,81,6.2,0.0,1004.0,100.0
2025-10-15T22:00:00,32.4,40.7,282.0,14.0,83,7.5,0.0,1004.1,135.0
2025-10-15T23:00:00,30.6,34.7,265.0,13.3,84,6.4,0.0,1004.2,120.0
2025-10-16T00:00:00,29.5,22.9,240.0,13.3,87,3.7,0.0,1003.9,65.0
2025-10-16T01:00:00,30.1,19.1,236.0,12.9,87,4.8,0.0,1003.7,80.0
2025-10-16T02:00:00,29.3,17.0,230.0,12.3,88,5.3,0.0,1003.2,80.0
2025-10-16T03:00:00,28.9,17.5,230.0,12.3,86,4.9,0.0,1003.0,75.0
2025-10-16T04:00:00,33.0,23.5,243.0,12.0,88,4.0,0.0,1002.9,60.0
2025-10-16T05:00:00,37.4,39.0,292.0,12.1,88,3.5,0.0,1002.8,50.0
2025-10-16T06:00:00,38.0,49.5,348.0,11.9,89,3.6,0.0,1002.8,45.0
2025-10-16T07:00:00,39.5,53.2,331.0,13.4,84,5.5,0.0,1003.4,85.0
2025-10-16T08:00:00,33.5,49.9,278.0,14.9,76,4.0,0.0,1003.8,230.0
2025-10-16T09:00:00,22.4,36.4,234.0,16.0,70,5.8,0.0,1003.9,440.0
2025-10-16T10:00:00,17.4,16.4,195.0,16.9,66,7.1,0.0,1003.9,635.0
2025-10-16T11:00:00,16.3,12.9,178.0,17.4,62,8.0,0.0,1003.6,820.0
2025-10-16T12:00:00,17.0,9.0,171.0,17.5,62,5.9,0.0,1002.9,795.0
2025-10-16T13:00:00,16.2,8.6,170.0,18.0,60,4.7,0.0,1002.3,910.0
2025-10-16T14:00:00,14.7,9.7,174.0,18.0,60,4.0,0.0,1002.0,905.0
2025-10-16T15:00:00,13.5,12.9,181.0,17.8,60,3.8,0.0,1001.7,790.0
2025-10-16T16:00:00,15.1,25.2,224.0,16.8,74,2.3,0.0,1001.6,140.0
2025-10-16T17:00:00,19.1,58.8,244.0,15.3,76,3.1,0.0,1001.8,55.0
2025-10-16T18:00:00,24.9,73.2,297.0,15.1,76,4.4,0.0,1001.8,80.0
2025-10-16T19:00:00,31.0,70.2,296.0,14.2,79,5.8,0.0,1002.1,90.0
2025-10-16T20:00:00,33.9,59.6,302.0,13.5,80,5.3,0.0,1002.4,85.0
2025-10-16T21:00:00,36.7,58.7,329.0,13.2,80,5.7,0.0,1002.8,85.0
2025-10-16T22:00:00,39.4,50.5,324.0,12.9,80,6.7,0.0,1002.9,105.0
2025-10-16T23:00:00,36.6,46.3,313.0,12.2,82,6.0,0.0,1002.6,90.0
2025-10-17T00:00:00,38.3,37.3,277.0,11.5,87,4.5,0.0,1002.5,50.0
2025-10-17T01:00:00,40.1,34.8,269.0,12.1,85,5.2,0.0,1002.4,75.0
2025-10-17T02:00:00,39.8,27.9,259.0,12.0,85,5.8,0.0,1001.9,90.0
2025-10-17T03:00:00,36.4,25.6,324.0,11.9,84,5.0,0.0,1001.7,90.0
2025-10-17T04:00:00,38.7,27.7,318.0,11.7,85,4.6,0.0,1001.8,85.0
2025-10-17T05:00:00,43.6,38.7,350.0,11.4,86,4.2,0.0,1001.7,85.0
2025-10-17T06:00:00,47.0,46.6,438.0,11.2,89,4.2,0.0,1001.8,90.0
2025-10-17T07:00:00,49.5,48.0,427.0,12.4,86,4.6,0.0,1002.2,125.0
2025-10-17T08:00:00,38.1,48.2,353.0,13.6,80,3.9,0.0,1002.7,205.0
2025-10-17T09:00:00,33.3,34.1,294.0,14.9,73,4.2,0.0,1002.9,315.0
2025-10-17T10:00:00,31.8,22.9,236.0,16.1,67,4.0,0.0,1002.8,510.0
2025-10-17T11:00:00,24.2,17.4,198.0,17.0,62,3.3,0.0,1002.7,715.0
2025-10-17T12:00:00,17.5,13.2,185.0,17.3,58,3.2,0.0,1002.2,850.0
2025-10-17T13:00:00,17.4,13.0,187.0,17.8,56,2.4,0.0,1001.7,985.0
2025-10-17T14:00:00,20.0,13.8,189.0,17.9,55,1.6,0.0,1001.2,1030.0
2025-10-17T15:00:00,18.5,17.7,194.0,17.8,55,1.8,0.0,1000.9,900.0
2025-10-17T16:00:00,20.7,32.8,238.0,16.6,66,3.6,0.0,1000.8,135.0
2025-10-17T17:00:00,25.5,65.5,277.0,15.1,72,4.4,0.0,1001.0,85.0
2025-10-17T18:00:00,33.1,81.7,318.0,14.4,74,2.5,0.0,1001.5,50.0
2025-10-17T19:00:00,38.8,77.9,312.0,14.3,71,0.4,0.0,1001.9,10.0
2025-10-17T20:00:00,40.0,72.5,321.0,13.1,79,2.8,0.0,1002.3,25.0
2025-10-17T21:00:00,41.2,60.8,323.0,12.4,85,5.1,0.0,1002.7,45.0
2025-10-17T22:00:00,45.4,51.3,338.0,11.8,87,4.5,0.0,1002.9,40.0
2025-10-17T23:00:00,44.7,50.0,347.0,11.3,88,3.9,0.0,1003.0,35.0
2025-10-18T00:00:00,41.5,48.1,360.0,11.1,88,4.0,0.0,1003.4,35.0
2025-10-18T01:00:00,45.8,40.7,346.0,10.9,87,3.6,0.0,1003.2,35.0
2025-10-18T02:00:00,41.8,34.9,305.0,10.7,87,2.1,0.0,1003.1,20.0
2025-10-18T03:00:00,35.1,30.9,294.0,10.2,89,1.4,0.0,1003.2,15.0
2025-10-18T04:00:00,36.7,28.6,282.0,9.7,90,1.9,0.0,1003.5,20.0
2025-10-18T05:00:00,47.0,27.3,281.0,9.3,91,1.1,0.0,1003.8,10.0
2025-10-18T06:00:00,47.0,31.0,328.0,8.9,92,2.6,0.0,1004.1,30.0
2025-10-18T07:00:00,43.0,33.4,356.0,10.5,89,3.4,0.0,1004.6,30.0
2025-10-18T08:00:00,48.3,29.9,343.0,12.7,83,1.1,0.0,1005.3,100.0
2025-10-18T09:00:00,51.8,24.3,324.0,14.3,75,0.3,0.0,1005.6,250.0
2025-10-18T10:00:00,41.0,28.1,275.0,15.7,69,1.9,0.0,1005.5,385.0
2025-10-18T11:00:00,35.5,19.9,241.0,16.8,64,2.3,0.0,1005.4,580.0
2025-10-18T12:00:00,32.1,16.0,221.0,17.6,59,1.5,0.0,1004.6,855.0
2025-10-18T13:00:00,30.6,11.5,209.0,18.1,58,1.7,0.0,1003.9,905.0
2025-10-18T14:00:00,27.1,9.6,203.0,18.2,57,2.8,0.0,1003.7,920.0
2025-10-18T15:00:00,24.7,10.0,201.0,17.8,57,3.2,0.0,1003.5,805.0
2025-10-18T16:00:00,27.5,22.5,223.0,16.4,68,3.7,0.0,1003.3,120.0
2025-10-18T17:00:00,29.0,40.7,254.0,14.7,72,4.4,0.0,1003.7,85.0
2025-10-18T18:00:00,34.1,40.4,274.0,14.4,71,3.3,0.0,1004.2,45.0
2025-10-18T19:00:00,37.0,44.5,284.0,13.4,76,4.1,0.0,1004.8,45.0
2025-10-18T20:00:00,36.2,58.1,299.0,12.9,80,4.6,0.0,1005.2,55.0
2025-10-18T21:00:00,36.3,47.4,307.0,12.5,82,5.5,0.0,1005.6,70.0
2025-10-18T22:00:00,37.4,45.6,322.0,12.1,84,6.5,0.0,1005.7,80.0
2025-10-18T23:00:00,42.4,35.7,309.0,11.6,84,6.5,0.0,1005.8,80.0
2025-10-19T00:00:00,44.5,30.1,276.0,11.0,85,6.3,0.0,1006.0,70.0
2025-10-19T01:00:00,44.1,26.2,270.0,11.1,85,5.6,0.0,1006.0,65.0
2025-10-19T02:00:00,43.7,21.7,266.0,11.0,85,5.9,0.0,1005.7,65.0
2025-10-19T03:00:00,43.5,18.3,263.0,10.5,86,4.7,0.0,1005.4,60.0
2025-10-19T04:00:00,43.7,19.8,263.0,10.1,87,4.5,0.0,1005.3,50.0
2025-10-19T05:00:00,43.4,22.4,261.0,9.8,89,4.4,0.0,1005.2,45.0
2025-10-19T06:00:00,43.0,24.6,265.0,9.7,89,1.3,0.0,1005.0,20.0
2025-10-19T07:00:00,40.9,25.9,273.0,10.4,90,3.5,0.0,1005.5,40.0
2025-10-19T08:00:00,42.0,21.9,250.0,11.9,85,0.9,0.0,1005.7,100.0
2025-10-19T09:00:00,33.4,19.4,230.0,13.6,77,0.6,0.0,1005.6,200.0
2025-10-19T10:00:00,26.8,17.0,200.0,14.9,69,1.6,0.0,1005.3,400.0
2025-10-19T11:00:00,25.7,13.9,196.0,15.6,64,2.4,0.0,1004.7,525.0
2025-10-19T12:00:00,24.6,11.4,188.0,16.1,61,3.6,0.0,1003.6,575.0
2025-10-19T13:00:00,21.0,7.8,176.0,16.4,59,3.7,0.0,1002.9,640.0
2025-10-19T14:00:00,19.0,7.9,168.0,16.6,57,4.2,0.0,1002.3,675.0
2025-10-19T15:00:00,18.9,10.6,180.0,16.3,59,4.8,0.0,1001.7,550.0
2025-10-19T16:00:00,22.2,24.3,211.0,15.1,69,4.4,0.0,1001.5,165.0
2025-10-19T17:00:00,22.4,44.5,240.0,13.8,74,5.1,0.0,1001.5,95.0
2025-10-19T18:00:00,25.5,63.5,263.0,12.7,80,4.7,0.0,1001.5,80.0
2025-10-19T19:00:00,28.1,64.0,291.0,12.9,78,5.0,0.0,1001.3,75.0
2025-10-19T20:00:00,31.7,52.0,309.0,13.4,77,5.7,0.0,1001.2,110.0
2025-10-19T21:00:00,32.3,47.5,309.0,13.3,79,6.1,0.0,1001.2,135.0
2025-10-19T22:00:00,33.7,40.0,307.0,13.0,81,5.7,0.0,1000.7,135.0
2025-10-19T23:00:00,32.8,38.3,302.0,12.8,82,6.1,0.0,1000.1,150.0
2025-10-20T00:00:00,35.5,30.2,290.0,12.2,84,5.3,0.0,999.7,90.0
2025-10-20T01:00:00,37.2,26.1,270.0,12.0,86,5.4,0.0,999.0,110.0
2025-10-20T02:00:00,41.3,23.1,274.0,12.1,85,6.0,0.0,998.1,120.0
2025-10-20T03:00:00,40.7,20.0,257.0,12.2,85,5.2,0.0,997.6,125.0
2025-10-20T04:00:00,39.3,22.5,257.0,12.1,86,5.2,0.0,997.4,120.0
2025-10-20T05:00:00,36.8,34.8,277.0,12.0,86,5.1,0.0,997.1,130.0
2025-10-20T06:00:00,33.8,42.6,295.0,12.2,87,5.9,0.0,996.5,185.0
2025-10-20T07:00:00,32.6,48.0,301.0,12.3,88,4.0,0.0,996.6,200.0
2025-10-20T08:00:00,31.5,48.0,293.0,12.5,87,4.6,0.1,996.7,185.0
2025-10-20T09:00:00,24.9,38.3,274.0,12.8,87,5.7,0.2,996.5,220.0
2025-10-20T10:00:00,22.5,31.1,256.0,13.0,87,5.8,0.6,996.3,275.0
2025-10-20T11:00:00,21.3,31.2,248.0,12.9,93,7.2,1.0,996.0,260.0
2025-10-20T12:00:00,20.2,25.4,231.0,12.5,92,6.1,1.3,995.9,215.0
2025-10-20T13:00:00,18.3,26.5,222.0,12.5,95,6.9,1.7,995.0,295.0
2025-10-20T14:00:00,16.5,30.6,222.0,12.5,96,5.0,0.9,994.3,305.0
2025-10-20T15:00:00,15.4,30.7,225.0,12.5,97,5.6,0.7,993.8,240.0
2025-10-20T16:00:00,15.3,32.5,224.0,12.4,97,2.8,0.7,993.7,170.0
2025-10-20T17:00:00,15.8,41.8,237.0,12.3,97,4.3,2.0,993.5,120.0
2025-10-20T18:00:00,16.2,43.9,256.0,12.4,95,1.9,2.2,993.9,125.0
2025-10-20T19:00:00,17.2,48.3,262.0,12.2,96,3.1,1.3,993.5,85.0
2025-10-20T20:00:00,17.7,42.4,259.0,12.2,96,3.6,0.6,993.5,80.0
2025-10-20T21:00:00,17.9,40.5,249.0,12.2,97,4.0,0.3,993.3,90.0
2025-10-20T22:00:00,18.1,31.6,246.0,12.2,97,4.6,0.1,992.7,100.0
2025-10-20T23:00:00,18.3,28.4,234.0,12.2,97,1.8,0.2,992.3,60.0
2025-10-21T00:00:00,20.8,25.8,231.0,12.0,98,6.0,0.1,991.6,125.0
2025-10-21T01:00:00,21.3,26.3,230.0,11.9,98,4.4,0.0,991.8,70.0
2025-10-21T02:00:00,22.0,27.7,229.0,12.0,98,1.2,0.3,991.0,25.0
2025-10-21T03:00:00,22.7,29.4,229.0,11.5,99,3.1,0.0,990.4,65.0
2025-10-21T04:00:00,23.5,30.3,231.0,11.3,98,2.6,0.0,990.1,55.0
2025-10-21T05:00:00,25.6,38.7,247.0,11.0,98,2.6,0.0,990.0,40.0
2025-10-21T06:00:00,28.5,46.0,312.0,11.0,99,2.5,0.0,989.8,20.0
2025-10-21T07:00:00,30.6,52.1,368.0,11.4,98,5.2,0.0,990.4,55.0
2025-10-21T08:00:00,28.9,53.8,326.0,12.8,93,3.2,0.0,990.6,115.0
2025-10-21T09:00:00,27.2,42.5,288.0,13.7,87,3.2,0.0,990.7,220.0
2025-10-21T10:00:00,26.0,34.6,265.0,14.9,82,2.5,0.0,990.6,400.0
2025-10-21T11:00:00,24.7,32.0,244.0,16.1,74,2.7,0.0,990.3,735.0
2025-10-21T12:00:00,22.9,28.9,233.0,15.0,79,2.7,0.0,990.3,500.0
2025-10-21T13:00:00,19.5,22.2,207.0,16.1,74,1.1,0.1,989.8,745.0
2025-10-21T14:00:00,18.2,23.2,210.0,16.2,73,1.7,0.0,989.4,610.0
2025-10-21T15:00:00,15.9,24.4,213.0,16.2,72,1.3,0.0,989.4,615.0
2025-10-21T16:00:00,18.9,46.3,260.0,15.3,83,1.3,0.0,989.3,40.0
2025-10-21T17:00:00,22.7,66.5,298.0,13.9,84,1.5,0.0,989.3,25.0
2025-10-21T18:00:00,26.2,76.4,331.0,13.2,92,3.8,0.0,989.8,45.0
2025-10-21T19:00:00,29.5,77.4,382.0,13.1,92,3.8,0.0,990.0,65.0
2025-10-21T20:00:00,32.6,75.5,396.0,12.5,92,4.0,0.0,990.4,65.0
2025-10-21T21:00:00,36.4,70.5,391.0,12.3,92,1.2,0.0,990.6,30.0
2025-10-21T22:00:00,37.4,66.7,378.0,12.2,94,1.8,0.0,990.5,30.0
2025-10-21T23:00:00,37.9,61.7,369.0,12.3,95,2.7,0.0,990.3,40.0
2025-10-22T00:00:00,38.2,55.3,362.0,12.4,96,1.1,0.0,990.5,25.0
2025-10-22T01:00:00,38.7,47.3,365.0,12.4,96,1.0,0.0,990.2,20.0
2025-10-22T02:00:00,39.3,43.2,375.0,12.5,96,2.7,0.0,989.9,35.0
2025-10-22T03:00:00,40.3,42.6,368.0,12.2,97,3.0,0.0,989.3,50.0
2025-10-22T04:00:00,40.3,40.4,362.0,11.7,99,1.6,0.0,989.1,20.0
2025-10-22T05:00:00,41.4,46.0,394.0,11.2,100,1.5,0.0,989.1,20.0
2025-10-22T06:00:00,43.0,54.4,473.0,11.6,100,1.3,0.0,989.1,25.0
2025-10-22T07:00:00,45.5,51.3,506.0,12.5,99,1.1,0.0,989.7,30.0
2025-10-22T08:00:00,46.0,46.6,416.0,13.5,98,1.5,0.0,989.9,60.0
2025-10-22T09:00:00,44.7,49.3,400.0,14.7,91,1.7,0.1,990.3,175.0
2025-10-22T10:00:00,34.0,40.0,319.0,15.4,85,1.0,0.0,990.0,295.0
2025-10-22T11:00:00,34.3,33.8,255.0,16.3,80,1.1,0.1,990.3,465.0
2025-10-22T12:00:00,27.5,27.1,220.0,16.8,71,0.8,0.0,990.0,765.0
2025-10-22T13:00:00,23.4,21.5,209.0,17.4,70,2.3,0.1,989.8,890.0
2025-10-22T14:00:00,23.0,20.9,202.0,17.4,72,4.8,0.1,989.5,665.0
2025-10-22T15:00:00,19.3,22.0,201.0,16.9,77,6.5,0.1,989.5,455.0
2025-10-22T16:00:00,21.5,44.7,266.0,16.0,82,5.3,0.0,989.6,250.0
2025-10-22T17:00:00,26.8,67.3,296.0,14.3,88,3.5,0.0,989.9,90.0
2025-10-22T18:00:00,29.2,72.6,326.0,13.9,91,2.9,0.0,990.4,50.0
2025-10-22T19:00:00,36.4,64.5,353.0,13.2,92,2.4,0.0,990.4,35.0
2025-10-22T20:00:00,38.5,59.2,366.0,12.8,94,3.1,0.0,990.8,35.0
2025-10-22T21:00:00,44.4,62.3,371.0,12.8,95,4.3,0.0,990.9,50.0
2025-10-22T22:00:00,44.0,59.3,374.0,12.5,97,5.4,0.0,990.2,60.0
2025-10-22T23:00:00,46.4,52.7,374.0,12.0,97,3.6,0.0,990.0,55.0
2025-10-23T00:00:00,47.5,47.2,377.0,13.8,97,1.8,0.0,990.2,35.0
2025-10-23T01:00:00,46.2,41.9,359.0,13.9,96,1.2,0.0,989.6,20.0
2025-10-23T02:00:00,46.6,34.4,339.0,13.7,98,5.5,0.0,988.4,105.0
2025-10-23T03:00:00,47.6,31.1,319.0,13.4,98,5.2,0.0,988.1,85.0
2025-10-23T04:00:00,48.4,28.9,322.0,13.6,98,3.1,0.0,987.4,80.0
2025-10-23T05:00:00,49.0,39.8,334.0,13.6,98,4.0,0.1,986.8,90.0
2025-10-23T06:00:00,49.9,47.8,375.0,13.6,98,2.2,0.0,986.5,145.0
2025-10-23T07:00:00,44.1,52.7,399.0,13.8,97,4.3,0.1,985.8,165.0
2025-10-23T08:00:00,33.5,49.5,345.0,14.1,93,7.3,0.5,984.8,235.0
2025-10-23T09:00:00,28.6,35.5,320.0,14.0,96,10.3,0.7,983.0,380.0
2025-10-23T10:00:00,27.1,35.8,302.0,14.1,94,11.5,2.0,981.0,440.0
2025-10-23T11:00:00,21.2,32.1,276.0,14.5,88,12.9,0.5,980.0,430.0
2025-10-23T12:00:00,14.8,28.0,253.0,14.6,92,2.7,3.6,979.8,250.0
2025-10-23T13:00:00,11.1,30.4,240.0,14.7,92,3.8,1.7,978.7,210.0
2025-10-23T14:00:00,14.9,32.1,250.0,15.5,87,6.7,0.2,977.8,365.0
2025-10-23T15:00:00,16.8,34.4,260.0,15.2,88,10.0,0.0,977.6,410.0
2025-10-23T16:00:00,14.6,38.1,273.0,14.0,89,8.7,0.0,977.2,235.0
2025-10-23T17:00:00,22.3,48.9,289.0,13.0,91,8.6,0.0,977.5,120.0
2025-10-23T18:00:00,16.7,44.6,272.0,13.0,87,12.9,0.0,978.0,170.0
2025-10-23T19:00:00,11.7,32.5,244.0,12.6,84,11.2,0.0,978.6,95.0
2025-10-23T20:00:00,11.6,31.3,232.0,12.7,78,12.8,0.0,979.5,110.0
2025-10-23T21:00:00,13.9,31.5,230.0,12.4,75,10.1,0.0,980.2,90.0
2025-10-23T22:00:00,13.4,29.8,231.0,12.0,72,10.6,0.0,981.1,100.0
2025-10-23T23:00:00,11.0,24.7,208.0,12.0,66,8.3,0.0,981.9,70.0
2025-10-24T00:00:00,9.1,21.4,185.0,10.7,91,14.5,0.0,982.8,90.0
2025-10-24T01:00:00,8.4,20.1,183.0,11.0,83,11.3,0.0,983.2,95.0
2025-10-24T02:00:00,7.8,16.7,179.0,10.5,84,7.6,0.0,984.1,70.0
2025-10-24T03:00:00,5.9,14.5,172.0,9.9,86,9.6,0.0,984.8,90.0
2025-10-24T04:00:00,5.0,14.0,145.0,9.8,80,10.6,0.0,985.6,115.0
2025-10-24T05:00:00,4.7,18.1,148.0,9.5,74,12.3,0.0,986.2,140.0
2025-10-24T06:00:00,4.9,24.7,160.0,9.0,84,9.0,0.0,986.3,75.0
2025-10-24T07:00:00,5.3,27.0,167.0,9.7,78,10.7,0.0,987.2,85.0
2025-10-24T08:00:00,5.6,19.5,163.0,11.5,71,12.4,0.0,988.4,145.0
2025-10-24T09:00:00,5.0,13.8,157.0,13.7,61,7.9,0.0,989.5,215.0
2025-10-24T10:00:00,4.0,13.7,154.0,15.7,56,5.7,0.0,990.0,275.0
2025-10-24T11:00:00,3.9,11.3,155.0,17.0,50,6.2,0.0,990.4,865.0
2025-10-24T12:00:00,2.6,9.3,151.0,17.7,43,7.9,0.0,990.2,560.0
2025-10-24T13:00:00,2.9,7.9,148.0,18.1,40,6.8,0.0,990.1,775.0
2025-10-24T14:00:00,3.1,10.0,152.0,18.0,40,5.9,0.0,990.1,675.0
2025-10-24T15:00:00,3.9,14.0,158.0,17.0,55,2.8,0.0,990.3,150.0
2025-10-24T16:00:00,5.2,29.7,191.0,15.4,56,2.2,0.0,990.3,30.0
2025-10-24T17:00:00,7.5,52.9,228.0,13.4,63,6.2,0.0,990.6,45.0
2025-10-24T18:00:00,12.0,70.2,247.0,13.0,60,6.8,0.0,991.0,65.0
2025-10-24T19:00:00,13.0,63.7,263.0,13.4,50,7.6,0.0,991.2,45.0
2025-10-24T20:00:00,14.1,59.0,278.0,11.7,60,2.7,0.0,990.9,25.0
2025-10-24T21:00:00,15.7,51.7,277.0,9.9,70,4.3,0.0,991.5,40.0
2025-10-24T22:00:00,14.6,43.8,263.0,9.2,73,4.5,0.0,991.7,35.0
2025-10-24T23:00:00,13.3,33.4,247.0,9.4,69,5.2,0.0,991.4,35.0
2025-10-25T00:00:00,13.1,29.9,216.0,8.2,76,4.1,0.0,991.3,25.0
2025-10-25T01:00:00,10.7,22.2,203.0,8.3,73,7.2,0.0,991.4,40.0
2025-10-25T02:00:00,10.0,18.1,189.0,7.5,76,5.0,0.0,991.3,40.0
2025-10-25T03:00:00,10.6,19.4,193.0,7.3,74,4.3,0.0,991.1,30.0
2025-10-25T04:00:00,12.9,17.7,209.0,7.4,72,6.5,0.0,991.2,70.0
2025-10-25T05:00:00,15.1,18.9,207.0,6.7,79,7.6,0.0,991.2,90.0
2025-10-25T06:00:00,17.2,25.7,213.0,6.8,83,8.0,0.0,991.5,110.0
2025-10-25T07:00:00,17.0,26.2,214.0,7.5,87,6.0,0.0,992.1,65.0
2025-10-25T08:00:00,19.6,19.6,218.0,9.5,84,2.9,0.0,992.6,105.0
2025-10-25T09:00:00,22.2,16.8,212.0,11.4,80,2.6,0.0,992.5,245.0
2025-10-25T10:00:00,24.7,15.0,210.0,13.0,75,2.9,0.0,992.2,345.0
2025-10-25T11:00:00,25.7,13.1,201.0,14.2,72,3.5,0.0,991.8,435.0
2025-10-25T12:00:00,24.1,11.2,197.0,15.1,72,2.6,0.0,991.0,510.0
2025-10-25T13:00:00,23.7,10.4,194.0,15.8,71,2.1,0.0,990.1,565.0
2025-10-25T14:00:00,21.2,11.1,193.0,16.1,69,1.2,0.0,989.6,625.0
2025-10-25T15:00:00,19.1,15.5,198.0,15.9,71,2.4,0.0,989.2,455.0
2025-10-25T16:00:00,22.3,27.4,231.0,14.5,78,1.0,0.0,988.7,30.0
2025-10-25T17:00:00,25.3,43.4,251.0,13.0,85,3.6,0.0,988.4,45.0
2025-10-25T18:00:00,27.5,59.6,282.0,13.1,85,3.1,0.0,988.7,45.0
2025-10-25T19:00:00,30.6,64.5,317.0,12.9,87,1.5,0.1,988.6,35.0
2025-10-25T20:00:00,32.5,68.3,338.0,12.5,91,2.2,1.8,989.1,40.0
2025-10-25T21:00:00,34.5,60.3,325.0,12.3,93,3.7,0.0,988.8,35.0
2025-10-25T22:00:00,31.8,48.7,319.0,10.8,95,2.9,0.0,988.1,30.0
2025-10-25T23:00:00,24.3,37.4,295.0,10.7,96,8.2,0.0,988.0,65.0
2025-10-26T00:00:00,16.5,25.9,258.0,10.0,94,7.0,0.0,987.8,75.0
2025-10-26T01:00:00,12.7,23.2,237.0,9.4,93,8.0,0.0,987.6,90.0
2025-10-26T02:00:00,10.3,20.0,201.0,8.9,92,8.3,0.0,987.1,90.0
2025-10-26T03:00:00,8.8,15.0,176.0,8.3,92,8.4,0.0,986.8,85.0
2025-10-26T04:00:00,8.5,14.0,165.0,8.0,91,8.3,0.0,986.5,75.0
2025-10-26T05:00:00,8.3,14.8,160.0,7.3,91,7.1,0.0,986.6,80.0
2025-10-26T06:00:00,8.8,19.3,173.0,6.8,92,8.6,0.0,986.6,85.0
2025-10-26T07:00:00,10.0,17.4,187.0,7.6,89,9.0,0.0,987.6,100.0
2025-10-26T08:00:00,9.2,14.3,186.0,9.2,87,4.9,0.0,988.2,135.0
2025-10-26T09:00:00,9.8,12.3,181.0,11.0,81,4.1,0.0,988.3,170.0
2025-10-26T10:00:00,9.1,9.9,178.0,13.1,75,3.3,0.0,988.4,220.0
2025-10-26T11:00:00,5.2,8.3,149.0,15.1,68,3.7,0.0,988.2,360.0
2025-10-26T12:00:00,4.0,6.1,140.0,17.5,58,9.4,0.0,987.4,515.0
2025-10-26T13:00:00,1.8,3.9,135.0,18.0,51,10.5,0.0,987.2,920.0
2025-10-26T14:00:00,2.0,3.8,131.0,17.8,49,10.7,0.0,987.0,865.0
2025-10-26T15:00:00,2.2,6.0,138.0,17.2,42,14.1,0.0,987.2,925.0
2025-10-26T16:00:00,3.1,10.9,145.0,15.4,36,16.4,0.0,987.6,790.0
2025-10-26T17:00:00,4.2,14.0,156.0,14.2,35,16.2,0.0,988.4,810.0
2025-10-26T18:00:00,3.7,14.2,160.0,13.6,34,18.9,0.0,988.9,725.0
2025-10-26T19:00:00,4.8,13.9,162.0,13.2,35,19.1,0.0,989.3,815.0
2025-10-26T20:00:00,4.0,13.2,163.0,12.8,36,17.7,0.0,990.1,825.0
2025-10-26T21:00:00,3.6,10.4,159.0,12.1,38,16.2,0.0,990.6,695.0
2025-10-26T22:00:00,2.8,8.9,155.0,11.2,42,12.9,0.0,990.9,455.0
2025-10-26T23:00:00,2.9,8.4,151.0,10.0,49,10.7,0.0,991.0,225.0
2025-10-27T00:00:00,3.1,7.1,144.0,9.5,51,11.6,0.0,991.6,220.0
2025-10-27T01:00:00,3.0,6.0,138.0,8.8,56,8.8,0.0,991.6,150.0
2025-10-27T02:00:00,3.1,6.0,137.0,7.4,66,5.6,0.0,991.6,95.0
2025-10-27T03:00:00,3.5,6.9,135.0,6.9,70,5.1,0.0,991.6,60.0
2025-10-27T04:00:00,4.6,12.3,145.0,6.4,73,4.7,0.0,991.8,50.0
2025-10-27T05:00:00,6.9,19.2,178.0,6.2,74,6.4,0.0,991.9,45.0
2025-10-27T06:00:00,9.9,32.7,228.0,6.3,79,2.7,0.0,991.3,20.0
2025-10-27T07:00:00,12.9,40.1,245.0,7.3,77,2.1,0.0,991.8,10.0
2025-10-27T08:00:00,13.8,41.3,256.0,9.3,80,3.5,0.0,992.2,45.0
2025-10-27T09:00:00,12.3,27.6,205.0,11.2,72,3.1,0.0,992.3,150.0
2025-10-27T10:00:00,8.2,22.5,180.0,12.8,68,4.6,0.0,991.8,260.0
2025-10-27T11:00:00,5.7,15.8,161.0,14.1,62,4.8,0.0,991.3,360.0
2025-10-27T12:00:00,4.3,11.6,149.0,16.5,45,5.5,0.0,990.3,760.0
2025-10-27T13:00:00,4.3,10.1,147.0,16.7,42,5.2,0.0,989.4,895.0
2025-10-27T14:00:00,5.1,12.6,147.0,16.4,43,5.2,0.0,988.8,730.0
2025-10-27T15:00:00,5.3,17.6,153.0,15.5,53,4.6,0.0,989.2,270.0
2025-10-27T16:00:00,5.9,34.4,192.0,13.8,61,4.7,0.0,989.2,65.0
2025-10-27T17:00:00,8.6,45.5,218.0,13.0,58,6.0,0.0,988.6,55.0
2025-10-27T18:00:00,11.2,51.9,234.0,14.1,54,10.6,0.0,988.9,70.0
2025-10-27T19:00:00,12.5,48.9,237.0,12.7,61,11.0,0.0,989.8,140.0
2025-10-27T20:00:00,12.3,42.7,227.0,12.5,62,9.8,0.0,990.6,125.0
2025-10-27T21:00:00,10.1,34.6,228.0,11.8,68,10.0,0.0,991.3,90.0
2025-10-27T22:00:00,8.3,24.3,203.0,11.1,71,10.4,0.0,991.8,70.0
2025-10-27T23:00:00,7.2,19.6,191.0,10.3,75,8.4,0.0,992.3,65.0
2025-10-28T00:00:00,6.7,15.9,178.0,10.8,72,7.8,0.0,993.0,90.0
2025-10-28T01:00:00,6.5,13.7,173.0,10.0,76,6.1,0.0,993.5,70.0
2025-10-28T02:00:00,4.8,11.5,167.0,9.0,82,4.4,0.0,993.9,65.0
2025-10-28T03:00:00,4.2,8.2,151.0,8.4,83,0.9,0.0,994.4,10.0
2025-10-28T04:00:00,4.3,10.4,142.0,7.6,86,1.0,0.0,995.1,10.0
2025-10-28T05:00:00,5.6,19.6,164.0,6.6,92,4.0,0.0,995.6,30.0
2025-10-28T06:00:00,9.9,38.8,217.0,6.9,89,0.4,0.0,996.0,10.0
2025-10-28T07:00:00,12.3,41.6,264.0,7.4,89,0.6,0.0,996.7,10.0
2025-10-28T08:00:00,14.3,40.2,245.0,9.6,83,1.8,0.0,997.8,60.0
2025-10-28T09:00:00,11.9,29.0,221.0,11.9,76,1.5,0.0,998.4,135.0
2025-10-28T10:00:00,8.4,23.5,189.0,13.9,69,1.8,0.0,998.9,180.0
2025-10-28T11:00:00,8.0,20.1,188.0,15.3,65,2.0,0.0,998.9,220.0
2025-10-28T12:00:00,7.8,20.8,179.0,16.4,64,3.6,0.0,998.2,325.0
2025-10-28T13:00:00,7.3,20.6,183.0,17.2,61,1.0,0.0,997.7,370.0
2025-10-28T14:00:00,9.3,25.7,193.0,17.4,60,0.9,0.0,997.5,335.0
2025-10-28T15:00:00,12.8,41.3,220.0,16.9,69,1.5,0.0,997.4,95.0
2025-10-28T16:00:00,20.4,66.3,285.0,14.9,76,2.8,0.0,997.4,45.0
2025-10-28T17:00:00,24.2,79.1,359.0,13.6,80,5.4,0.0,997.9,55.0
2025-10-28T18:00:00,31.2,73.7,391.0,12.9,81,3.2,0.0,998.3,30.0
2025-10-28T19:00:00,27.7,71.3,370.0,12.3,84,3.0,0.0,998.7,25.0
2025-10-28T20:00:00,29.7,67.7,395.0,12.3,85,5.7,0.0,998.9,40.0
2025-10-28T21:00:00,32.3,60.1,425.0,11.7,87,6.0,0.0,999.1,45.0
2025-10-28T22:00:00,29.2,60.1,426.0,11.3,88,3.9,0.0,999.0,35.0
2025-10-28T23:00:00,31.3,56.2,412.0,11.3,89,3.1,0.0,999.2,40.0
2025-10-29T00:00:00,32.1,52.3,429.0,11.1,89,4.5,0.1,999.6,40.0
2025-10-29T01:00:00,34.0,43.9,399.0,11.3,89,4.8,0.0,999.5,45.0
2025-10-29T02:00:00,34.8,41.5,393.0,11.2,89,4.5,0.0,999.2,45.0
2025-10-29T03:00:00,34.7,32.8,300.0,10.7,93,1.8,0.0,999.3,30.0
2025-10-29T04:00:00,34.0,32.8,286.0,10.6,94,4.0,0.0,999.6,40.0
2025-10-29T05:00:00,33.3,36.1,273.0,10.6,93,6.4,0.0,999.6,70.0
2025-10-29T06:00:00,33.1,36.1,380.0,10.0,91,7.7,0.0,1000.0,140.0
2025-10-29T07:00:00,34.9,43.0,365.0,10.5,90,7.8,0.0,1000.6,175.0
2025-10-29T08:00:00,37.8,39.6,321.0,11.2,87,6.8,0.0,1001.0,230.0
2025-10-29T09:00:00,38.6,30.2,276.0,12.0,84,7.2,0.1,1000.9,265.0
2025-10-29T10:00:00,40.6,23.2,252.0,13.0,81,6.2,0.0,1000.6,370.0
2025-10-29T11:00:00,36.2,19.3,234.0,14.2,77,4.8,0.0,1000.8,525.0
2025-10-29T12:00:00,37.6,19.5,222.0,13.9,78,6.3,0.1,1000.6,480.0
2025-10-29T13:00:00,36.7,19.1,217.0,14.4,77,6.8,0.1,999.7,455.0
2025-10-29T14:00:00,34.9,21.6,221.0,14.7,77,5.4,0.0,999.2,500.0
2025-10-29T15:00:00,30.7,29.7,225.0,14.5,78,3.1,0.0,998.8,490.0
2025-10-29T16:00:00,31.4,40.5,248.0,13.9,84,4.0,0.4,998.2,110.0
2025-10-29T17:00:00,31.7,51.1,267.0,13.3,92,3.7,0.8,997.8,105.0
2025-10-29T18:00:00,33.5,52.9,277.0,13.1,89,2.7,0.9,998.1,70.0
2025-10-29T19:00:00,31.9,45.4,267.0,12.5,95,5.3,1.0,997.7,70.0
2025-10-29T20:00:00,29.4,34.8,245.0,12.2,95,7.0,1.1,997.0,105.0
2025-10-29T21:00:00,27.1,28.1,223.0,12.2,95,7.8,0.6,996.5,180.0
2025-10-29T22:00:00,28.6,23.7,207.0,12.3,95,6.3,0.8,996.2,205.0
2025-10-29T23:00:00,24.8,14.0,207.0,12.4,93,9.3,0.1,995.3,220.0
2025-10-30T00:00:00,23.0,13.0,206.0,12.2,95,8.4,0.0,995.6,155.0
2025-10-30T01:00:00,19.1,11.2,208.0,12.0,95,2.6,2.0,994.7,50.0
2025-10-30T02:00:00,17.1,10.2,207.0,12.0,96,3.8,0.4,994.4,55.0
2025-10-30T03:00:00,18.0,10.8,215.0,11.9,97,10.4,1.4,994.4,140.0
2025-10-30T04:00:00,17.3,15.0,222.0,12.2,94,8.5,3.8,994.5,170.0
2025-10-30T05:00:00,18.9,25.1,232.0,12.3,94,3.0,2.5,994.0,50.0
2025-10-30T06:00:00,22.9,34.0,244.0,12.2,95,2.7,1.8,994.5,50.0
2025-10-30T07:00:00,19.7,45.9,303.0,12.3,94,3.7,0.2,995.1,40.0
2025-10-30T08:00:00,20.1,54.1,307.0,13.1,94,3.1,0.0,995.8,60.0
2025-10-30T09:00:00,18.7,45.3,288.0,13.8,92,3.3,0.0,996.2,110.0
2025-10-30T10:00:00,18.1,39.0,251.0,14.6,86,3.4,0.0,996.3,185.0
2025-10-30T11:00:00,15.9,35.3,226.0,15.4,83,3.6,0.0,996.1,285.0
2025-10-30T12:00:00,14.9,28.1,225.0,15.6,78,1.7,0.0,996.8,605.0
2025-10-30T13:00:00,12.9,25.4,215.0,15.8,78,3.1,0.0,996.7,535.0
2025-10-30T14:00:00,10.9,22.0,216.0,15.6,79,3.1,0.0,996.3,400.0
2025-10-30T15:00:00,11.8,27.4,213.0,15.3,81,3.6,0.0,996.2,205.0
2025-10-30T16:00:00,15.9,45.2,257.0,14.2,88,1.5,0.0,996.6,55.0
2025-10-30T17:00:00,21.6,63.9,309.0,13.5,91,3.7,0.0,997.1,60.0
2025-10-30T18:00:00,28.9,71.1,368.0,14.0,92,2.1,0.0,998.0,35.0
2025-10-30T19:00:00,28.5,72.2,402.0,14.0,93,4.8,0.0,998.5,60.0
2025-10-30T20:00:00,28.0,68.7,409.0,13.8,94,4.6,0.0,999.1,60.0
2025-10-30T21:00:00,30.4,66.4,418.0,13.7,93,8.0,0.0,999.3,100.0
2025-10-30T22:00:00,34.0,63.9,410.0,13.7,93,6.1,0.0,999.4,90.0
2025-10-30T23:00:00,33.9,60.7,422.0,13.8,93,4.0,0.0,999.4,50.0
2025-10-31T00:00:00,30.9,54.2,382.0,13.5,93,5.2,0.0,999.8,75.0
2025-10-31T01:00:00,34.1,44.9,394.0,13.6,92,6.2,0.0,999.7,80.0
2025-10-31T02:00:00,33.7,39.1,383.0,13.7,92,6.5,0.0,999.6,80.0
2025-10-31T03:00:00,32.2,33.2,372.0,13.7,91,6.4,0.1,999.3,75.0
2025-10-31T04:00:00,29.9,35.4,344.0,13.7,92,5.4,0.2,999.5,65.0
2025-10-31T05:00:00,29.7,33.8,326.0,13.6,92,5.1,0.1,999.8,60.0
2025-10-31T06:00:00,31.7,40.3,341.0,13.5,92,5.4,0.1,1000.1,60.0
2025-10-31T07:00:00,35.0,50.5,400.0,13.7,92,5.1,0.0,1000.6,60.0
2025-10-31T08:00:00,39.7,51.3,396.0,14.1,92,2.4,0.0,1001.3,55.0
2025-10-31T09:00:00,38.4,48.8,406.0,14.3,92,2.1,0.0,1001.8,85.0
2025-10-31T10:00:00,36.8,44.6,389.0,14.6,91,1.3,0.1,1002.0,120.0
2025-10-31T11:00:00,37.1,45.2,375.0,14.7,91,0.6,0.2,1002.0,60.0
2025-10-31T12:00:00,36.8,45.0,366.0,14.3,96,3.1,0.2,1001.9,115.0
2025-10-31T13:00:00,34.0,44.8,358.0,14.9,93,0.9,0.1,1001.7,135.0
2025-10-31T14:00:00,34.6,49.3,360.0,15.2,90,3.2,0.1,1001.6,190.0
2025-10-31T15:00:00,36.1,60.3,369.0,15.1,90,4.1,0.0,1001.5,175.0
2025-10-31T16:00:00,43.1,68.8,420.0,14.8,94,1.8,0.0,1001.6,90.0
2025-10-31T17:00:00,47.6,85.8,492.0,14.4,96,1.7,0.0,1002.1,30.0
2025-10-31T18:00:00,47.9,81.1,550.0,14.3,98,1.5,0.0,1002.3,20.0
2025-10-31T19:00:00,51.1,78.3,563.0,14.5,97,4.1,0.0,1002.3,35.0
2025-10-31T20:00:00,53.0,79.5,578.0,14.3,96,5.4,0.0,1002.5,40.0
2025-10-31T21:00:00,52.8,70.8,565.0,14.5,96,4.5,0.0,1002.9,40.0
2025-10-31T22:00:00,52.7,64.3,520.0,14.1,96,3.5,0.0,1002.8,35.0
2025-10-31T23:00:00,51.5,61.4,492.0,14.0,97,3.5,0.0,1002.8,30.0
2025-11-01T00:00:00,47.3,65.0,453.0,13.8,97,1.1,0.0,1002.5,20.0
2025-11-01T01:00:00,42.6,58.4,441.0,14.2,97,1.5,0.0,1002.6,40.0
2025-11-01T02:00:00,40.9,56.0,432.0,14.2,97,4.0,0.0,1002.8,70.0
2025-11-01T03:00:00,38.3,54.9,422.0,13.9,99,2.8,0.0,1002.4,60.0
2025-11-01T04:00:00,37.6,53.9,414.0,13.8,100,3.8,0.0,1002.4,70.0
2025-11-01T05:00:00,38.0,52.9,408.0,13.8,99,3.6,0.1,1002.3,60.0
2025-11-01T06:00:00,39.1,53.4,414.0,13.8,99,5.6,0.0,1002.5,65.0
2025-11-01T07:00:00,40.6,52.2,445.0,14.0,97,4.5,0.0,1002.9,65.0
2025-11-01T08:00:00,40.7,50.6,457.0,14.8,93,3.6,0.0,1003.2,90.0
2025-11-01T09:00:00,40.1,45.7,469.0,15.3,92,2.4,0.0,1003.2,110.0
2025-11-01T10:00:00,34.9,45.2,416.0,16.0,89,2.2,0.0,1003.2,235.0
2025-11-01T11:00:00,29.8,43.0,371.0,16.3,85,3.1,0.0,1003.0,345.0
2025-11-01T12:00:00,30.6,38.4,326.0,16.7,85,2.4,0.0,1002.5,340.0
2025-11-01T13:00:00,27.6,39.8,306.0,17.1,84,2.5,0.1,1002.1,355.0
2025-11-01T14:00:00,25.9,34.2,281.0,17.2,83,1.5,0.0,1001.9,360.0
2025-11-01T15:00:00,24.4,42.1,301.0,17.1,84,1.6,0.0,1001.7,345.0
2025-11-01T16:00:00,29.7,48.9,349.0,16.2,89,0.7,0.0,1001.6,25.0
2025-11-01T17:00:00,35.0,52.9,368.0,14.8,93,1.9,0.1,1001.9,25.0
2025-11-01T18:00:00,35.9,54.7,391.0,14.9,94,2.2,0.1,1002.3,25.0
2025-11-01T19:00:00,37.2,56.4,424.0,14.8,95,3.1,0.1,1002.2,40.0
2025-11-01T20:00:00,34.4,57.4,451.0,14.3,96,2.3,0.2,1002.1,35.0
2025-11-01T21:00:00,35.2,59.3,470.0,15.0,95,5.1,0.2,1002.1,45.0
2025-11-01T22:00:00,36.5,60.6,503.0,15.0,96,4.2,0.1,1001.5,45.0
2025-11-01T23:00:00,37.7,62.5,512.0,15.0,96,2.2,0.0,1001.2,40.0
2025-11-02T00:00:00,40.0,56.7,425.0,14.7,99,3.9,0.1,1000.8,40.0
2025-11-02T01:00:00,39.1,55.8,427.0,14.3,99,4.2,0.0,1000.3,45.0
2025-11-02T02:00:00,38.3,53.3,433.0,14.1,100,3.7,0.1,999.9,45.0
2025-11-02T03:00:00,37.7,49.8,417.0,14.3,99,4.3,0.3,999.3,80.0
2025-11-02T04:00:00,37.8,35.7,413.0,14.2,98,6.4,1.4,998.8,95.0
2025-11-02T05:00:00,37.9,31.9,387.0,14.2,97,5.9,1.3,998.5,105.0
2025-11-02T06:00:00,34.3,30.2,339.0,14.3,97,3.5,0.4,998.3,150.0
2025-11-02T07:00:00,28.7,28.5,294.0,14.5,97,4.8,1.6,998.6,210.0
2025-11-02T08:00:00,24.8,22.3,254.0,14.4,97,4.7,2.4,998.6,190.0
2025-11-02T09:00:00,19.8,21.5,250.0,14.7,97,8.7,0.5,998.3,260.0
2025-11-02T10:00:00,14.9,18.8,243.0,15.0,95,7.2,0.4,997.8,235.0
2025-11-02T11:00:00,12.1,19.3,236.0,14.9,94,10.0,0.5,997.1,275.0
2025-11-02T12:00:00,11.3,18.5,222.0,14.8,92,10.6,2.0,995.9,320.0
2025-11-02T13:00:00,10.1,16.2,214.0,15.5,89,10.3,0.1,995.3,445.0
2025-11-02T14:00:00,10.6,17.4,215.0,15.6,86,10.0,0.5,994.8,505.0
2025-11-02T15:00:00,11.0,22.7,217.0,14.8,95,9.5,2.3,994.1,410.0
2025-11-02T16:00:00,11.4,27.9,242.0,14.6,97,2.8,1.7,993.9,85.0
2025-11-02T17:00:00,12.1,35.7,255.0,14.3,97,8.5,0.7,994.4,180.0
2025-11-02T18:00:00,11.8,47.8,301.0,13.8,93,10.1,1.1,994.3,170.0
2025-11-02T19:00:00,15.0,48.0,346.0,13.6,93,11.7,0.0,993.8,115.0
2025-11-02T20:00:00,19.6,48.7,389.0,12.7,93,10.0,0.0,994.2,130.0
2025-11-02T21:00:00,23.2,46.0,365.0,11.9,92,11.6,0.0,994.5,140.0
2025-11-02T22:00:00,23.3,41.8,350.0,11.5,88,13.2,0.0,994.5,165.0
2025-11-02T23:00:00,18.7,29.8,296.0,11.1,84,13.6,0.0,995.0,165.0
2025-11-03T00:00:00,14.7,25.1,309.0,11.4,85,11.7,0.0,995.3,125.0
2025-11-03T01:00:00,10.2,14.1,219.0,11.0,78,12.3,0.0,995.6,125.0
2025-11-03T02:00:00,4.9,8.6,163.0,11.6,62,14.0,0.0,995.8,195.0
2025-11-03T03:00:00,2.4,5.6,133.0,12.0,55,15.5,0.0,996.1,245.0
2025-11-03T04:00:00,2.4,5.4,131.0,11.9,54,16.4,0.0,996.7,290.0
2025-11-03T05:00:00,2.4,5.5,131.0,11.9,52,16.3,0.0,997.6,295.0
2025-11-03T06:00:00,3.1,16.5,140.0,12.0,54,14.1,0.0,998.2,245.0
2025-11-03T07:00:00,4.7,30.4,158.0,12.0,54,12.7,0.0,999.4,265.0
2025-11-03T08:00:00,5.4,29.5,163.0,13.3,54,10.1,0.0,1000.4,275.0
2025-11-03T09:00:00,4.4,22.1,161.0,15.1,55,6.4,0.0,1001.4,285.0
2025-11-03T10:00:00,4.0,16.5,153.0,16.4,51,5.4,0.0,1002.0,330.0
2025-11-03T11:00:00,3.8,12.8,151.0,17.2,50,4.1,0.0,1002.8,430.0
2025-11-03T12:00:00,4.1,16.2,152.0,17.9,52,3.5,0.0,1002.7,475.0
2025-11-03T13:00:00,4.7,16.9,161.0,18.2,52,1.7,0.0,1002.7,505.0
2025-11-03T14:00:00,6.3,20.6,181.0,18.2,51,1.3,0.0,1003.0,470.0
2025-11-03T15:00:00,11.9,36.8,224.0,17.3,68,2.2,0.0,1003.1,60.0
2025-11-03T16:00:00,12.9,61.9,255.0,15.0,70,4.1,0.0,1003.5,55.0
2025-11-03T17:00:00,17.5,75.1,300.0,13.6,75,5.0,0.0,1004.3,55.0
2025-11-03T18:00:00,25.5,80.1,335.0,13.0,74,1.5,0.0,1005.2,15.0
2025-11-03T19:00:00,28.9,82.9,439.0,11.4,82,3.4,0.0,1005.9,25.0
2025-11-03T20:00:00,32.5,83.8,543.0,10.6,87,4.2,0.0,1006.3,30.0
2025-11-03T21:00:00,36.2,79.7,629.0,10.2,87,3.4,0.0,1006.8,25.0
2025-11-03T22:00:00,39.5,70.2,603.0,9.7,88,3.5,0.0,1006.8,25.0
2025-11-03T23:00:00,41.8,62.2,609.0,9.2,88,3.4,0.0,1007.1,20.0
2025-11-04T00:00:00,43.7,59.6,517.0,9.0,84,4.8,0.0,1007.4,35.0
2025-11-04T01:00:00,39.3,60.2,502.0,8.3,85,4.2,0.0,1007.6,30.0
2025-11-04T02:00:00,39.0,50.0,478.0,7.5,87,2.0,0.0,1007.6,15.0
2025-11-04T03:00:00,29.4,38.9,396.0,7.1,88,0.6,0.0,1007.6,10.0
2025-11-04T04:00:00,25.6,36.7,348.0,6.6,90,1.1,0.0,1007.8,10.0
2025-11-04T05:00:00,24.5,33.1,317.0,6.2,91,1.7,0.0,1007.9,10.0
2025-11-04T06:00:00,25.9,47.4,321.0,5.8,93,1.9,0.0,1008.5,20.0
2025-11-04T07:00:00,30.6,52.5,368.0,7.0,89,1.9,0.0,1009.2,15.0
2025-11-04T08:00:00,36.1,58.3,411.0,9.4,83,1.1,0.0,1009.8,40.0
2025-11-04T09:00:00,30.7,52.9,418.0,11.4,77,0.7,0.0,1010.1,115.0
2025-11-04T10:00:00,30.8,40.6,397.0,13.0,72,1.1,0.0,1010.1,210.0
2025-11-04T11:00:00,30.4,37.4,330.0,14.2,69,1.5,0.0,1009.9,310.0
2025-11-04T12:00:00,35.4,30.7,288.0,14.8,69,2.9,0.0,1009.3,395.0
2025-11-04T13:00:00,36.5,27.1,265.0,15.4,67,1.3,0.0,1008.9,405.0
2025-11-04T14:00:00,35.9,29.5,270.0,15.5,65,1.7,0.0,1008.4,350.0
2025-11-04T15:00:00,41.9,37.1,316.0,15.0,73,1.7,0.0,1008.1,305.0
2025-11-04T16:00:00,46.0,66.1,355.0,13.5,75,0.2,0.0,1008.0,10.0
2025-11-04T17:00:00,55.9,89.2,401.0,12.5,77,0.2,0.0,1008.1,10.0
2025-11-04T18:00:00,60.8,96.5,478.0,11.5,84,0.7,0.0,1008.7,15.0
2025-11-04T19:00:00,63.4,104.5,576.0,10.6,88,0.9,0.0,1008.9,15.0
2025-11-04T20:00:00,66.0,107.7,683.0,9.9,90,1.7,0.0,1009.0,15.0
2025-11-04T21:00:00,68.9,96.4,763.0,9.2,91,2.7,0.0,1009.0,15.0
2025-11-04T22:00:00,72.7,84.0,717.0,8.6,92,3.1,0.0,1008.6,15.0
2025-11-04T23:00:00,72.3,80.3,730.0,8.0,93,3.4,0.0,1008.4,15.0
2025-11-05T00:00:00,72.9,72.0,617.0,7.4,93,4.1,0.0,1008.5,30.0
2025-11-05T01:00:00,72.4,62.6,622.0,6.8,94,3.3,0.0,1008.1,20.0
2025-11-05T02:00:00,70.9,54.7,618.0,6.3,95,2.0,0.0,1007.7,15.0
2025-11-05T03:00:00,70.4,52.6,615.0,6.1,95,4.1,0.0,1007.3,35.0
2025-11-05T04:00:00,70.2,52.0,600.0,5.7,95,5.6,0.0,1007.1,45.0
2025-11-05T05:00:00,69.3,49.7,593.0,5.2,97,6.8,0.0,1006.7,60.0
2025-11-05T06:00:00,68.9,53.2,604.0,4.7,98,7.3,0.0,1007.1,65.0
2025-11-05T07:00:00,70.5,50.6,631.0,4.8,100,7.1,0.0,1007.4,85.0
2025-11-05T08:00:00,65.9,49.0,654.0,5.8,98,6.7,0.0,1007.7,90.0
2025-11-05T09:00:00,58.8,39.4,620.0,7.9,92,5.5,0.0,1007.8,155.0
2025-11-05T10:00:00,55.4,38.5,525.0,9.5,87,3.6,0.0,1007.4,200.0
2025-11-05T11:00:00,50.9,31.5,385.0,11.4,79,3.3,0.0,1006.9,235.0
2025-11-05T12:00:00,46.6,28.6,342.0,12.7,77,3.9,0.0,1006.0,250.0
2025-11-05T13:00:00,38.9,29.0,305.0,13.7,73,2.4,0.0,1005.1,265.0
2025-11-05T14:00:00,38.9,31.6,306.0,14.0,69,1.1,0.0,1004.4,260.0
2025-11-05T15:00:00,41.8,49.7,331.0,13.6,72,1.1,0.0,1004.1,25.0
2025-11-05T16:00:00,57.3,74.1,388.0,11.8,79,0.4,0.0,1003.9,10.0
2025-11-05T17:00:00,60.6,89.7,452.0,10.7,83,0.4,0.0,1003.7,10.0
2025-11-05T18:00:00,66.8,89.2,575.0,9.3,89,2.3,0.0,1003.8,20.0
2025-11-05T19:00:00,73.0,88.0,633.0,9.0,90,0.8,0.0,1003.6,10.0
2025-11-05T20:00:00,80.0,105.2,732.0,8.5,92,0.4,0.0,1003.4,10.0
2025-11-05T21:00:00,85.5,98.9,810.0,7.9,92,1.7,0.0,1003.4,20.0
2025-11-05T22:00:00,80.9,91.3,817.0,7.1,94,3.1,0.0,1002.9,20.0
2025-11-05T23:00:00,83.0,91.5,829.0,6.3,96,3.5,0.0,1002.5,20.0
2025-11-06T00:00:00,86.4,79.9,786.0,5.3,100,4.4,0.0,1002.7,20.0
2025-11-06T01:00:00,76.3,73.1,773.0,5.4,100,5.6,0.0,1002.2,40.0
2025-11-06T02:00:00,69.6,63.3,719.0,5.0,100,5.4,0.0,1001.7,45.0
2025-11-06T03:00:00,70.9,58.2,653.0,4.8,100,4.1,0.0,1001.3,55.0
2025-11-06T04:00:00,70.3,53.3,606.0,4.8,100,4.4,0.0,1001.0,60.0
2025-11-06T05:00:00,65.2,48.3,604.0,4.8,100,5.3,0.0,1000.8,70.0
2025-11-06T06:00:00,71.0,52.9,595.0,4.3,100,4.8,0.0,1000.9,60.0
2025-11-06T07:00:00,67.0,57.1,589.0,4.2,100,4.5,0.0,1001.0,80.0
2025-11-06T08:00:00,61.0,58.3,608.0,4.6,98,4.9,0.0,1001.0,75.0
2025-11-06T09:00:00,58.3,54.6,525.0,5.9,95,4.9,0.0,1000.9,90.0
2025-11-06T10:00:00,59.1,45.2,506.0,8.1,91,3.9,0.0,1000.5,160.0
2025-11-06T11:00:00,59.3,39.2,478.0,10.1,83,2.2,0.0,1000.0,190.0
2025-11-06T12:00:00,59.1,36.2,407.0,11.9,78,2.6,0.0,998.9,215.0
2025-11-06T13:00:00,59.0,36.7,387.0,13.1,71,2.2,0.0,998.1,265.0
2025-11-06T14:00:00,57.3,39.9,404.0,13.3,69,0.8,0.0,997.2,240.0
2025-11-06T15:00:00,55.5,55.3,410.0,12.7,72,1.9,0.0,997.1,115.0
2025-11-06T16:00:00,65.3,92.9,477.0,11.1,78,0.4,0.0,997.1,15.0
2025-11-06T17:00:00,79.4,103.1,567.0,10.2,82,1.2,0.0,997.2,15.0
2025-11-06T18:00:00,96.2,114.0,674.0,9.9,85,2.3,0.0,997.4,25.0
2025-11-06T19:00:00,99.4,115.2,705.0,9.6,86,3.6,0.0,997.2,40.0
2025-11-06T20:00:00,97.0,107.9,771.0,9.3,88,3.4,0.0,996.8,35.0
2025-11-06T21:00:00,94.1,93.5,783.0,9.1,89,1.8,0.0,997.0,25.0
2025-11-06T22:00:00,90.9,81.5,825.0,8.9,90,0.9,0.0,996.9,20.0
2025-11-06T23:00:00,89.1,79.5,830.0,8.1,93,0.7,0.0,996.9,15.0
2025-11-07T00:00:00,88.2,64.2,842.0,7.7,92,0.9,0.0,997.0,25.0
2025-11-07T01:00:00,78.0,55.8,799.0,7.1,93,2.4,0.0,996.6,30.0
2025-11-07T02:00:00,71.0,49.7,787.0,6.8,93,3.2,0.0,996.2,20.0
2025-11-07T03:00:00,69.0,45.5,737.0,5.8,96,3.1,0.0,995.6,15.0
2025-11-07T04:00:00,65.7,48.0,678.0,5.1,98,1.3,0.0,995.7,10.0
2025-11-07T05:00:00,64.1,48.7,638.0,5.1,98,1.3,0.0,995.7,15.0
2025-11-07T06:00:00,61.8,53.4,610.0,5.3,97,1.8,0.0,996.2,25.0
2025-11-07T07:00:00,63.9,58.6,639.0,5.7,96,2.7,0.0,996.5,15.0
2025-11-07T08:00:00,65.3,65.1,653.0,6.7,96,2.8,0.0,997.1,55.0
2025-11-07T09:00:00,67.3,58.4,686.0,7.9,92,1.7,0.0,997.3,90.0
2025-11-07T10:00:00,70.7,53.5,638.0,9.6,84,1.3,0.0,997.5,165.0
2025-11-07T11:00:00,73.9,47.5,561.0,11.1,77,0.4,0.0,997.5,245.0
2025-11-07T12:00:00,76.8,47.3,510.0,12.7,69,3.7,0.0,996.7,470.0
2025-11-07T13:00:00,72.6,41.6,454.0,13.2,66,4.0,0.0,996.3,510.0
2025-11-07T14:00:00,63.6,44.8,372.0,13.4,64,2.6,0.0,996.0,550.0
2025-11-07T15:00:00,60.5,59.5,388.0,12.8,75,1.3,0.0,995.7,75.0
2025-11-07T16:00:00,58.9,78.1,467.0,11.1,74,0.9,0.0,995.8,20.0
2025-11-07T17:00:00,65.8,99.6,565.0,9.7,80,2.6,0.0,996.0,30.0
2025-11-07T18:00:00,75.1,98.3,643.0,9.4,80,0.4,0.0,996.6,10.0
2025-11-07T19:00:00,90.3,104.1,873.0,8.9,81,0.7,0.0,996.6,15.0
2025-11-07T20:00:00,91.0,104.4,844.0,8.7,81,0.5,0.0,996.8,10.0
2025-11-07T21:00:00,91.2,101.5,773.0,7.8,83,1.5,0.0,997.0,20.0
2025-11-07T22:00:00,91.7,92.3,777.0,6.8,86,2.9,0.0,996.6,20.0
2025-11-07T23:00:00,84.1,82.2,774.0,6.2,87,2.3,0.0,996.5,20.0
2025-11-08T00:00:00,67.2,71.8,764.0,6.1,87,3.5,0.0,996.7,35.0
2025-11-08T01:00:00,65.0,62.0,676.0,6.4,85,4.8,0.0,996.5,35.0
2025-11-08T02:00:00,62.5,49.4,672.0,6.3,86,7.5,0.0,996.2,35.0
2025-11-08T03:00:00,59.4,44.5,585.0,5.6,89,7.3,0.0,995.7,35.0
2025-11-08T04:00:00,59.1,43.9,542.0,4.9,91,6.5,0.0,995.6,40.0
2025-11-08T05:00:00,61.6,42.1,525.0,4.3,93,4.9,0.0,995.3,35.0
2025-11-08T06:00:00,65.6,41.6,497.0,3.8,93,1.8,0.0,995.5,30.0
2025-11-08T07:00:00,63.5,43.6,538.0,4.4,93,2.3,0.0,995.9,30.0
2025-11-08T08:00:00,60.4,44.6,538.0,6.0,90,2.4,0.0,996.4,60.0
2025-11-08T09:00:00,61.2,39.3,554.0,8.2,86,2.0,0.0,996.6,110.0
2025-11-08T10:00:00,61.6,33.6,505.0,10.3,80,2.0,0.0,996.6,175.0
2025-11-08T11:00:00,63.1,35.7,489.0,11.9,72,2.4,0.0,996.3,350.0
2025-11-08T12:00:00,60.8,32.7,429.0,12.7,68,2.2,0.0,995.8,605.0
2025-11-08T13:00:00,59.0,27.4,370.0,13.4,66,1.3,0.0,995.3,710.0
2025-11-08T14:00:00,51.3,25.7,330.0,13.3,67,3.2,0.0,995.1,715.0
2025-11-08T15:00:00,51.1,28.2,336.0,12.7,74,3.0,0.0,995.2,140.0
2025-11-08T16:00:00,56.9,46.4,380.0,10.9,79,2.5,0.0,995.3,45.0
2025-11-08T17:00:00,62.7,56.1,446.0,10.1,81,2.0,0.0,995.7,25.0
2025-11-08T18:00:00,69.5,69.2,486.0,9.5,83,2.9,0.0,996.3,35.0
2025-11-08T19:00:00,76.1,84.3,546.0,8.7,86,3.8,0.0,997.0,35.0
2025-11-08T20:00:00,84.2,92.8,625.0,8.6,87,4.7,0.0,997.6,45.0
2025-11-08T21:00:00,78.8,88.2,715.0,7.9,90,4.3,0.0,998.1,40.0
2025-11-08T22:00:00,84.2,80.1,816.0,7.7,90,4.1,0.0,998.1,40.0
2025-11-08T23:00:00,89.1,75.2,778.0,7.6,90,4.0,0.0,998.3,35.0
2025-11-09T00:00:00,76.2,64.3,680.0,6.8,92,3.9,0.0,998.8,35.0
2025-11-09T01:00:00,76.2,57.9,660.0,7.3,92,4.0,0.0,998.8,30.0
2025-11-09T02:00:00,76.1,51.2,653.0,7.5,92,4.5,0.0,998.6,30.0
2025-11-09T03:00:00,79.5,46.2,634.0,7.4,93,5.0,0.0,998.4,30.0
2025-11-09T04:00:00,74.3,43.1,583.0,6.3,95,2.8,0.0,998.4,30.0
2025-11-09T05:00:00,72.6,42.3,529.0,5.5,98,2.6,0.0,998.5,30.0
2025-11-09T06:00:00,70.6,42.9,500.0,6.0,95,3.1,0.0,999.2,35.0
2025-11-09T07:00:00,70.1,42.1,546.0,6.4,98,3.1,0.0,999.9,30.0
2025-11-09T08:00:00,70.3,34.6,512.0,7.7,97,2.8,0.0,1000.8,75.0
2025-11-09T09:00:00,70.3,34.4,512.0,9.4,91,2.5,0.0,1001.3,125.0
2025-11-09T10:00:00,68.8,27.6,492.0,11.2,84,2.1,0.0,1001.4,220.0
2025-11-09T11:00:00,65.6,29.0,442.0,12.6,76,2.3,0.0,1001.0,470.0
2025-11-09T12:00:00,59.6,23.2,411.0,13.0,69,2.8,0.0,1000.4,685.0
2025-11-09T13:00:00,58.9,21.0,380.0,13.5,67,2.6,0.0,1000.0,650.0
2025-11-09T14:00:00,57.4,20.4,355.0,13.5,67,0.6,0.0,999.5,540.0
2025-11-09T15:00:00,56.4,28.9,374.0,13.0,78,0.9,0.0,999.2,35.0
2025-11-09T16:00:00,61.1,47.5,417.0,11.1,78,1.4,0.0,998.9,30.0
2025-11-09T17:00:00,65.9,59.2,465.0,9.8,83,2.6,0.0,999.1,35.0
2025-11-09T18:00:00,71.1,66.0,511.0,9.4,84,1.8,0.0,999.8,25.0
2025-11-09T19:00:00,79.8,64.8,546.0,8.5,87,2.8,0.0,999.9,30.0
2025-11-09T20:00:00,83.1,68.7,592.0,7.9,89,2.2,0.0,999.9,20.0
2025-11-09T21:00:00,87.1,69.0,630.0,7.4,91,3.9,0.0,1000.1,30.0
2025-11-09T22:00:00,85.6,68.0,662.0,7.1,91,4.4,0.0,999.9,25.0
2025-11-09T23:00:00,88.4,62.9,648.0,6.9,91,4.1,0.0,999.5,25.0
2025-11-10T00:00:00,87.7,53.7,652.0,6.0,93,4.6,0.0,999.7,25.0
2025-11-10T01:00:00,89.6,49.3,623.0,6.2,93,5.0,0.0,999.2,30.0
2025-11-10T02:00:00,89.1,45.4,593.0,5.9,94,6.3,0.0,999.0,35.0
2025-11-10T03:00:00,88.3,41.5,594.0,5.6,94,6.5,0.0,998.8,45.0
2025-11-10T04:00:00,86.9,38.2,586.0,5.2,96,7.4,0.0,998.7,55.0
2025-11-10T05:00:00,82.4,37.1,570.0,4.7,98,7.5,0.0,998.6,70.0
2025-11-10T06:00:00,77.0,39.8,560.0,3.9,99,6.7,0.0,998.9,65.0
2025-11-10T07:00:00,72.7,43.5,568.0,4.5,99,6.7,0.0,999.2,90.0
2025-11-10T08:00:00,65.7,42.6,538.0,5.8,95,7.4,0.0,999.5,135.0
2025-11-10T09:00:00,57.7,34.8,489.0,7.8,89,5.8,0.0,999.5,175.0
2025-11-10T10:00:00,37.7,27.3,335.0,9.9,81,5.3,0.0,999.3,230.0
2025-11-10T11:00:00,37.9,25.5,319.0,11.6,76,5.2,0.0,999.1,270.0
2025-11-10T12:00:00,38.9,23.7,307.0,13.1,73,5.7,0.0,998.4,345.0
2025-11-10T13:00:00,36.4,22.0,293.0,13.9,70,5.2,0.0,997.8,350.0
2025-11-10T14:00:00,36.3,23.7,301.0,13.9,69,4.8,0.0,997.3,295.0
2025-11-10T15:00:00,40.9,36.9,330.0,13.1,76,3.1,0.0,997.2,140.0
2025-11-10T16:00:00,47.6,53.8,402.0,10.9,80,3.9,0.0,997.3,60.0
2025-11-10T17:00:00,60.7,64.0,474.0,10.0,82,4.4,0.0,997.7,40.0
2025-11-10T18:00:00,68.4,66.5,526.0,9.3,86,4.8,0.0,997.9,35.0
2025-11-10T19:00:00,76.8,68.1,565.0,9.2,85,5.6,0.0,998.2,40.0
2025-11-10T20:00:00,78.8,76.9,711.0,9.1,85,6.6,0.0,998.3,40.0
2025-11-10T21:00:00,80.3,70.2,769.0,8.5,85,5.6,0.0,998.7,35.0
2025-11-10T22:00:00,82.3,65.5,760.0,8.3,85,7.3,0.0,998.8,45.0
2025-11-10T23:00:00,79.8,62.1,666.0,8.0,85,7.3,0.0,999.0,50.0
2025-11-11T00:00:00,79.5,57.4,611.0,7.3,85,5.2,0.0,999.2,45.0
2025-11-11T01:00:00,74.1,52.0,595.0,7.4,85,6.8,0.0,999.3,45.0
2025-11-11T02:00:00,69.2,44.7,561.0,6.8,86,5.6,0.0,999.0,35.0
2025-11-11T03:00:00,62.5,42.2,504.0,6.2,88,6.2,0.0,999.0,45.0
2025-11-11T04:00:00,63.2,39.7,456.0,5.5,90,4.7,0.0,999.4,40.0
2025-11-11T05:00:00,57.9,39.6,438.0,5.6,90,7.6,0.0,999.3,55.0
2025-11-11T06:00:00,57.1,46.5,456.0,4.2,94,6.1,0.0,999.9,40.0
2025-11-11T07:00:00,59.6,48.5,499.0,4.5,95,6.3,0.0,1000.4,45.0
2025-11-11T08:00:00,66.8,52.5,513.0,6.1,92,4.7,0.0,1000.9,55.0
2025-11-11T09:00:00,50.9,46.6,472.0,8.5,88,2.9,0.0,1001.4,95.0
2025-11-11T10:00:00,45.1,42.1,389.0,10.8,84,1.4,0.0,1001.7,130.0
2025-11-11T11:00:00,35.5,35.5,310.0,12.9,78,2.3,0.0,1001.5,230.0
2025-11-11T12:00:00,29.1,23.1,275.0,14.0,73,1.9,0.0,1001.1,340.0
2025-11-11T13:00:00,23.8,20.6,240.0,14.9,69,1.6,0.0,1000.6,360.0
2025-11-11T14:00:00,25.3,22.2,235.0,15.1,69,2.0,0.0,1000.3,355.0
2025-11-11T15:00:00,29.2,42.0,257.0,14.6,77,0.7,0.0,1000.5,25.0
2025-11-11T16:00:00,41.2,69.8,388.0,12.6,79,1.6,0.0,1000.8,25.0
2025-11-11T17:00:00,47.8,84.0,448.0,11.6,82,2.0,0.0,1001.3,25.0
2025-11-11T18:00:00,53.1,92.9,462.0,11.0,86,2.7,0.0,1001.9,25.0
2025-11-11T19:00:00,57.1,91.6,543.0,10.5,87,1.5,0.0,1002.2,15.0
2025-11-11T20:00:00,60.3,87.8,615.0,10.5,86,0.6,0.0,1002.5,10.0
2025-11-11T21:00:00,63.0,86.6,708.0,10.3,86,0.9,0.0,1003.0,20.0
2025-11-11T22:00:00,65.5,82.2,756.0,9.8,88,1.1,0.0,1003.1,35.0
2025-11-11T23:00:00,67.5,77.5,657.0,9.2,89,2.2,0.0,1003.2,30.0
2025-11-12T00:00:00,69.3,74.9,611.0,8.2,92,2.8,0.0,1003.4,20.0
2025-11-12T01:00:00,69.5,70.0,582.0,8.5,93,2.4,0.0,1003.4,10.0
2025-11-12T02:00:00,62.5,61.3,513.0,8.3,95,3.1,0.0,1003.2,15.0
2025-11-12T03:00:00,57.0,52.7,474.0,8.0,95,4.8,0.0,1003.2,20.0
2025-11-12T04:00:00,57.2,46.3,428.0,8.2,92,6.7,0.0,1003.3,35.0
2025-11-12T05:00:00,57.0,45.3,390.0,7.7,94,3.1,0.0,1003.7,35.0
2025-11-12T06:00:00,60.1,46.1,412.0,7.2,97,5.8,0.0,1004.3,45.0
2025-11-12T07:00:00,62.6,57.7,454.0,7.6,96,7.8,0.0,1004.8,60.0
2025-11-12T08:00:00,64.6,56.7,474.0,8.9,93,8.2,0.0,1005.6,85.0
2025-11-12T09:00:00,64.3,51.4,481.0,10.8,87,4.2,0.0,1005.8,105.0
2025-11-12T10:00:00,57.3,43.5,438.0,12.4,82,2.8,0.0,1006.1,170.0
2025-11-12T11:00:00,55.2,38.9,391.0,13.6,77,1.9,0.0,1005.8,265.0
2025-11-12T12:00:00,44.9,34.0,340.0,14.8,68,1.7,0.0,1005.1,370.0
2025-11-12T13:00:00,36.5,30.0,286.0,15.5,66,1.8,0.0,1004.6,425.0
2025-11-12T14:00:00,34.6,33.3,296.0,15.7,66,3.3,0.0,1004.3,395.0
2025-11-12T15:00:00,39.3,48.7,324.0,15.0,78,1.8,0.0,1004.3,115.0
2025-11-12T16:00:00,46.7,70.7,395.0,13.1,80,2.5,0.0,1004.5,40.0
2025-11-12T17:00:00,58.0,79.4,490.0,12.0,84,2.4,0.0,1004.9,25.0
2025-11-12T18:00:00,60.3,80.0,539.0,11.4,88,4.0,0.0,1005.5,35.0
2025-11-12T19:00:00,64.5,74.6,605.0,11.4,89,3.0,0.0,1005.6,25.0
2025-11-12T20:00:00,65.3,75.4,657.0,10.7,89,3.1,0.0,1005.8,20.0
2025-11-12T21:00:00,66.5,77.4,674.0,10.2,89,4.1,0.0,1006.2,30.0
2025-11-12T22:00:00,67.3,73.7,658.0,10.2,87,4.5,0.0,1006.2,35.0
2025-11-12T23:00:00,62.7,70.7,674.0,9.6,89,5.9,0.0,1006.2,35.0
2025-11-13T00:00:00,58.1,71.0,705.0,8.7,93,2.1,0.0,1006.4,25.0
2025-11-13T01:00:00,64.4,60.6,692.0,9.3,93,4.5,0.0,1006.5,35.0
2025-11-13T02:00:00,57.6,50.4,555.0,9.2,92,5.0,0.0,1006.3,35.0
2025-11-13T03:00:00,57.4,47.8,530.0,8.9,92,4.4,0.0,1006.1,40.0
2025-11-13T04:00:00,56.6,48.4,507.0,8.5,93,5.2,0.0,1006.2,55.0
2025-11-13T05:00:00,61.0,51.2,512.0,8.2,93,5.2,0.0,1006.2,60.0
2025-11-13T06:00:00,64.4,48.8,535.0,7.9,97,5.2,0.0,1006.3,40.0
2025-11-13T07:00:00,59.2,52.8,511.0,8.3,94,6.7,0.0,1006.9,70.0
2025-11-13T08:00:00,62.2,53.9,549.0,9.2,89,4.2,0.0,1007.2,70.0
2025-11-13T09:00:00,57.8,54.5,492.0,10.9,87,1.8,0.0,1007.4,90.0
2025-11-13T10:00:00,49.6,49.7,444.0,12.3,82,2.8,0.0,1007.6,175.0
2025-11-13T11:00:00,40.8,48.7,371.0,13.8,75,3.1,0.0,1007.5,240.0
2025-11-13T12:00:00,33.1,42.6,349.0,15.5,64,1.7,0.0,1006.6,380.0
2025-11-13T13:00:00,29.3,38.9,264.0,15.9,65,1.8,0.0,1006.0,390.0
2025-11-13T14:00:00,27.7,40.9,261.0,16.0,66,2.3,0.0,1005.6,335.0
2025-11-13T15:00:00,36.7,57.6,348.0,15.2,77,1.9,0.0,1005.4,120.0
2025-11-13T16:00:00,40.2,66.9,378.0,13.6,79,3.0,0.0,1005.3,45.0
2025-11-13T17:00:00,43.7,70.4,445.0,12.2,84,4.3,0.0,1006.0,55.0
2025-11-13T18:00:00,47.2,70.5,463.0,12.1,85,6.1,0.0,1006.4,50.0
2025-11-13T19:00:00,49.9,68.9,529.0,11.6,88,3.7,0.0,1006.4,30.0
2025-11-13T20:00:00,51.7,66.0,594.0,11.3,90,2.7,0.0,1006.3,20.0
2025-11-13T21:00:00,52.2,67.2,605.0,11.3,90,1.8,0.0,1006.3,20.0
2025-11-13T22:00:00,57.7,66.1,640.0,11.6,89,5.8,0.2,1006.2,55.0
2025-11-13T23:00:00,52.9,60.9,559.0,12.0,87,4.2,0.3,1005.9,40.0
2025-11-14T00:00:00,48.7,48.5,525.0,11.2,92,5.6,0.3,1005.6,65.0
2025-11-14T01:00:00,51.2,45.1,478.0,11.3,96,7.3,0.3,1005.4,85.0
2025-11-14T02:00:00,54.2,44.4,464.0,11.1,97,8.1,0.2,1005.0,90.0
2025-11-14T03:00:00,56.2,45.0,501.0,11.2,96,7.9,0.2,1004.6,80.0
2025-11-14T04:00:00,56.6,45.6,516.0,11.3,92,5.0,0.1,1004.4,60.0
2025-11-14T05:00:00,56.0,44.4,521.0,10.4,94,4.8,0.0,1004.1,55.0
2025-11-14T06:00:00,55.2,48.5,529.0,10.6,95,2.6,0.0,1004.4,35.0
2025-11-14T07:00:00,53.4,62.7,549.0,10.7,97,4.2,0.0,1004.7,55.0
2025-11-14T08:00:00,52.4,58.0,594.0,11.1,94,5.7,0.0,1004.9,120.0
2025-11-14T09:00:00,51.4,55.5,552.0,12.1,89,3.3,0.0,1004.5,110.0
2025-11-14T10:00:00,42.2,48.8,421.0,13.3,87,2.7,0.0,1004.2,150.0
2025-11-14T11:00:00,32.2,49.2,340.0,14.7,79,3.8,0.0,1004.0,265.0
2025-11-14T12:00:00,24.0,44.4,281.0,14.1,79,2.9,0.0,1003.5,165.0
2025-11-14T13:00:00,22.7,41.7,260.0,14.2,80,4.4,0.0,1002.8,190.0
2025-11-14T14:00:00,21.6,41.2,234.0,14.0,81,3.8,0.0,1002.3,190.0
2025-11-14T15:00:00,23.4,51.6,272.0,13.5,85,3.6,0.0,1002.2,145.0
2025-11-14T16:00:00,28.7,63.5,352.0,12.7,90,3.1,0.0,1002.1,70.0
2025-11-14T17:00:00,32.0,68.5,384.0,12.4,92,3.8,0.0,1002.1,55.0
2025-11-14T18:00:00,37.5,69.6,446.0,12.2,94,3.5,0.0,1001.9,60.0
2025-11-14T19:00:00,45.3,70.4,537.0,12.2,95,2.6,0.0,1001.8,60.0
2025-11-14T20:00:00,49.3,72.1,594.0,12.1,95,1.6,0.0,1001.6,55.0
2025-11-14T21:00:00,51.4,74.0,619.0,12.1,95,1.5,0.0,1001.7,45.0
2025-11-14T22:00:00,46.3,71.0,638.0,12.3,94,3.5,0.0,1001.5,40.0
2025-11-14T23:00:00,45.1,68.9,594.0,12.3,94,5.7,0.0,1001.0,70.0
2025-11-15T00:00:00,45.5,60.4,535.0,11.8,97,6.3,0.1,1001.3,110.0
2025-11-15T01:00:00,41.9,54.1,504.0,11.6,98,3.8,0.3,1001.2,110.0
2025-11-15T02:00:00,42.7,39.4,471.0,11.2,98,8.2,0.2,1000.6,140.0
2025-11-15T03:00:00,45.7,32.8,432.0,10.9,98,8.6,0.1,1000.2,185.0
2025-11-15T04:00:00,49.2,29.5,392.0,10.6,98,11.6,0.1,999.8,225.0
2025-11-15T05:00:00,48.6,26.8,344.0,10.3,98,7.1,1.9,999.7,250.0
2025-11-15T06:00:00,44.8,24.3,325.0,10.2,98,5.4,5.7,1000.2,140.0
2025-11-15T07:00:00,45.8,23.4,298.0,10.3,97,4.3,0.2,1000.2,170.0
2025-11-15T08:00:00,37.4,21.8,292.0,10.6,96,5.7,0.3,1000.4,160.0
2025-11-15T09:00:00,30.1,25.4,286.0,10.9,97,6.4,0.4,1000.5,215.0
2025-11-15T10:00:00,28.3,25.8,285.0,11.2,95,6.6,0.6,1000.4,215.0
2025-11-15T11:00:00,26.3,27.5,277.0,11.7,92,9.4,0.3,999.7,245.0
2025-11-15T12:00:00,25.3,25.1,283.0,11.5,88,8.6,0.4,999.3,390.0
2025-11-15T13:00:00,28.6,23.5,285.0,11.9,88,8.0,0.9,998.4,355.0
2025-11-15T14:00:00,26.1,23.2,275.0,11.6,93,4.4,3.8,998.4,235.0
2025-11-15T15:00:00,25.2,24.7,267.0,11.4,95,7.6,2.8,997.6,225.0
2025-11-15T16:00:00,26.5,30.1,277.0,11.3,96,1.9,1.1,997.4,40.0
2025-11-15T17:00:00,27.2,34.9,319.0,11.4,97,1.6,0.2,997.9,30.0
2025-11-15T18:00:00,27.5,44.0,356.0,11.6,95,5.0,0.1,997.3,110.0
2025-11-15T19:00:00,28.6,45.2,379.0,11.2,95,4.1,2.6,997.6,65.0
2025-11-15T20:00:00,31.2,47.5,400.0,10.8,95,8.7,4.5,997.9,110.0
2025-11-15T21:00:00,33.3,49.4,424.0,10.7,93,3.1,1.8,997.4,55.0
2025-11-15T22:00:00,36.6,48.8,426.0,10.9,92,6.5,3.3,997.2,70.0
2025-11-15T23:00:00,35.2,48.2,411.0,10.7,94,3.8,0.0,997.0,60.0
2025-11-16T00:00:00,36.4,51.7,414.0,11.3,96,3.3,0.0,997.1,95.0
2025-11-16T01:00:00,36.3,46.6,427.0,11.3,97,1.5,0.6,997.1,40.0
2025-11-16T02:00:00,36.7,50.9,417.0,11.3,98,0.9,1.4,996.8,15.0
2025-11-16T03:00:00,36.4,51.3,383.0,11.2,98,2.7,0.9,996.6,40.0
2025-11-16T04:00:00,29.2,50.8,376.0,11.0,99,2.5,0.1,996.3,40.0
2025-11-16T05:00:00,29.0,50.2,372.0,11.0,99,3.8,0.1,995.8,55.0
2025-11-16T06:00:00,28.6,48.7,374.0,11.1,98,2.8,0.2,995.7,105.0
2025-11-16T07:00:00,27.8,46.1,377.0,11.3,97,3.4,0.0,995.6,75.0
2025-11-16T08:00:00,27.0,40.2,365.0,11.9,96,3.7,0.0,995.5,95.0
2025-11-16T09:00:00,26.8,42.0,348.0,12.0,96,5.2,0.5,995.2,170.0
2025-11-16T10:00:00,22.7,37.2,369.0,11.9,97,3.4,3.9,994.8,115.0
2025-11-16T11:00:00,21.1,33.6,337.0,11.8,98,8.1,4.3,993.7,215.0
2025-11-16T12:00:00,17.9,35.9,333.0,11.5,96,6.5,1.7,993.8,215.0
2025-11-16T13:00:00,15.2,33.1,322.0,11.6,97,4.5,0.7,993.2,130.0
2025-11-16T14:00:00,11.1,25.3,286.0,11.6,97,4.0,2.2,992.6,265.0
2025-11-16T15:00:00,9.0,23.0,235.0,11.5,98,6.8,3.1,992.2,270.0
2025-11-16T16:00:00,10.5,23.7,240.0,11.5,98,10.0,2.9,991.3,450.0
2025-11-16T17:00:00,12.8,31.8,274.0,11.4,98,2.6,5.7,992.0,80.0
2025-11-16T18:00:00,14.6,35.9,297.0,12.1,94,11.0,2.1,991.8,290.0
2025-11-16T19:00:00,18.0,39.2,319.0,12.1,95,4.8,0.7,991.7,210.0
2025-11-16T20:00:00,19.5,38.7,329.0,12.0,95,1.0,0.4,991.5,85.0
2025-11-16T21:00:00,25.6,36.2,320.0,11.9,96,1.7,0.4,991.1,45.0
2025-11-16T22:00:00,22.9,37.6,324.0,11.7,98,0.0,0.5,990.7,30.0
2025-11-16T23:00:00,18.9,33.6,352.0,11.5,99,0.3,0.0,990.0,15.0
2025-11-17T00:00:00,19.9,33.9,364.0,10.7,99,6.6,0.1,989.9,115.0
2025-11-17T01:00:00,19.9,35.3,360.0,10.7,98,6.8,0.1,989.3,145.0
2025-11-17T02:00:00,19.4,35.1,335.0,10.7,98,3.4,0.1,988.3,95.0
2025-11-17T03:00:00,19.1,29.5,321.0,10.8,99,4.3,1.2,987.5,145.0
2025-11-17T04:00:00,21.3,26.9,327.0,10.7,99,7.5,0.3,987.4,155.0
2025-11-17T05:00:00,22.9,34.8,334.0,10.6,99,7.1,0.0,986.7,120.0
2025-11-17T06:00:00,22.7,33.2,358.0,11.5,99,7.9,0.0,986.8,245.0
2025-11-17T07:00:00,22.3,34.2,373.0,11.6,99,8.2,0.0,986.7,250.0
2025-11-17T08:00:00,22.6,25.8,358.0,11.7,98,6.6,0.1,987.3,195.0
2025-11-17T09:00:00,20.5,21.8,317.0,11.7,97,8.1,0.1,987.2,190.0
2025-11-17T10:00:00,18.1,14.5,280.0,12.7,91,12.0,0.0,987.8,325.0
2025-11-17T11:00:00,17.9,13.0,234.0,13.8,83,8.9,0.0,987.5,435.0
2025-11-17T12:00:00,14.6,10.9,222.0,14.4,78,8.4,0.0,987.1,630.0
2025-11-17T13:00:00,15.1,11.5,219.0,14.7,76,6.4,0.0,986.6,600.0
2025-11-17T14:00:00,14.8,17.3,218.0,14.6,75,4.2,0.0,986.5,410.0
2025-11-17T15:00:00,12.9,23.5,221.0,13.9,83,1.0,0.0,986.4,25.0
2025-11-17T16:00:00,14.6,34.9,225.0,12.8,83,5.3,0.0,986.7,50.0
2025-11-17T17:00:00,15.7,40.3,286.0,11.8,88,5.0,0.4,987.1,60.0
2025-11-17T18:00:00,14.6,40.1,313.0,11.3,86,4.2,0.0,988.1,115.0
2025-11-17T19:00:00,8.4,36.9,236.0,11.9,82,14.1,0.0,988.1,250.0
2025-11-17T20:00:00,4.4,17.5,181.0,12.6,48,20.2,0.0,989.2,720.0
2025-11-17T21:00:00,2.7,11.4,164.0,11.5,38,21.1,0.0,989.9,670.0
2025-11-17T22:00:00,2.5,9.9,162.0,10.6,38,23.0,0.0,990.5,605.0
2025-11-17T23:00:00,2.9,9.0,157.0,10.1,39,18.6,0.0,991.5,610.0
2025-11-18T00:00:00,2.4,9.9,157.0,11.1,38,21.1,0.0,991.2,635.0
2025-11-18T01:00:00,2.2,9.7,163.0,10.3,39,20.3,0.0,991.5,530.0
2025-11-18T02:00:00,2.4,9.7,165.0,9.4,43,15.6,0.0,992.3,345.0
2025-11-18T03:00:00,2.7,12.1,170.0,8.7,48,11.7,0.0,993.1,215.0
2025-11-18T04:00:00,5.1,17.0,183.0,8.1,53,8.8,0.0,994.3,135.0
2025-11-18T05:00:00,6.8,24.0,196.0,6.8,62,5.2,0.0,995.9,65.0
2025-11-18T06:00:00,9.5,36.7,226.0,6.8,61,7.1,0.0,996.5,50.0
2025-11-18T07:00:00,13.6,58.9,257.0,8.1,68,9.3,0.0,998.1,160.0
2025-11-18T08:00:00,16.7,54.9,272.0,9.3,78,11.3,0.0,999.5,825.0
2025-11-18T09:00:00,11.5,27.5,211.0,9.9,71,12.3,0.0,1000.2,915.0
2025-11-18T10:00:00,7.8,14.8,184.0,9.9,71,11.9,0.0,1000.7,970.0
2025-11-18T11:00:00,6.6,11.7,168.0,10.1,69,11.7,0.0,1000.6,950.0
2025-11-18T12:00:00,6.1,10.5,164.0,11.0,67,10.3,0.0,999.7,870.0
2025-11-18T13:00:00,5.9,12.5,164.0,11.2,63,7.9,0.0,999.2,975.0
2025-11-18T14:00:00,6.0,12.8,176.0,11.1,58,5.4,0.0,998.6,985.0
2025-11-18T15:00:00,9.5,27.7,208.0,10.4,68,2.1,0.0,998.3,975.0
2025-11-18T16:00:00,14.6,60.8,267.0,8.8,69,1.8,0.0,998.0,35.0
2025-11-18T17:00:00,20.2,74.8,375.0,7.8,74,4.4,0.0,998.1,55.0
2025-11-18T18:00:00,24.4,72.9,448.0,7.4,76,5.3,0.0,998.5,75.0
2025-11-18T19:00:00,32.7,66.9,436.0,7.4,78,4.5,0.0,998.8,65.0
2025-11-18T20:00:00,38.4,63.8,487.0,7.2,79,4.7,0.0,999.0,80.0
2025-11-18T21:00:00,39.6,62.9,547.0,6.9,80,5.1,0.0,999.1,105.0
2025-11-18T22:00:00,38.0,59.9,618.0,6.6,81,5.2,0.0,998.8,125.0
2025-11-18T23:00:00,42.9,56.2,635.0,6.3,81,5.7,0.0,998.7,145.0
2025-11-19T00:00:00,46.5,52.1,587.0,5.9,81,6.2,0.0,998.4,145.0
2025-11-19T01:00:00,44.1,51.1,535.0,5.4,82,6.5,0.0,998.4,150.0
2025-11-19T02:00:00,41.5,45.7,483.0,5.3,82,6.9,0.0,998.2,165.0
2025-11-19T03:00:00,37.5,42.5,437.0,4.8,84,7.0,0.0,997.6,160.0
2025-11-19T04:00:00,35.3,39.5,406.0,4.2,85,6.5,0.0,997.4,140.0
2025-11-19T05:00:00,35.5,39.5,405.0,4.1,84,6.2,0.0,997.4,140.0
2025-11-19T06:00:00,35.5,46.3,424.0,4.0,91,3.8,0.0,997.3,105.0
2025-11-19T07:00:00,38.5,57.7,478.0,4.4,89,4.5,0.0,997.3,100.0
2025-11-19T08:00:00,35.2,58.9,456.0,5.2,86,3.3,0.0,997.3,135.0
2025-11-19T09:00:00,28.9,48.4,365.0,6.1,79,3.9,0.0,997.1,240.0
2025-11-19T10:00:00,26.5,34.9,318.0,7.1,74,3.9,0.0,996.7,360.0
2025-11-19T11:00:00,22.2,26.7,268.0,7.9,73,3.3,0.0,996.2,475.0
2025-11-19T12:00:00,19.7,23.9,241.0,8.3,72,4.9,0.0,995.7,615.0
2025-11-19T13:00:00,18.9,20.3,233.0,8.7,68,5.7,0.0,994.8,660.0
2025-11-19T14:00:00,17.9,21.4,227.0,8.5,67,5.9,0.0,994.0,605.0
2025-11-19T15:00:00,19.5,31.2,238.0,8.0,70,5.5,0.0,993.6,465.0
2025-11-19T16:00:00,27.0,60.9,300.0,6.5,78,3.6,0.0,993.5,140.0
2025-11-19T17:00:00,32.7,69.4,346.0,6.6,78,4.7,0.0,993.4,145.0
2025-11-19T18:00:00,36.1,66.0,374.0,6.9,80,5.4,0.0,993.6,215.0
2025-11-19T19:00:00,36.1,72.7,404.0,7.0,80,5.0,0.0,993.3,280.0
2025-11-19T20:00:00,37.0,69.7,433.0,6.9,80,5.5,0.0,993.0,295.0
2025-11-19T21:00:00,37.8,57.0,445.0,6.8,81,5.7,0.0,992.8,335.0
2025-11-19T22:00:00,36.6,50.9,398.0,6.6,83,6.4,0.1,992.0,405.0
2025-11-19T23:00:00,31.7,42.3,366.0,6.5,82,6.3,0.0,991.8,480.0
2025-11-20T00:00:00,28.8,31.2,334.0,6.0,82,7.4,0.0,991.5,495.0
2025-11-20T01:00:00,27.7,23.4,337.0,5.8,81,4.1,0.0,991.2,395.0
2025-11-20T02:00:00,27.4,21.4,302.0,5.7,80,6.1,0.0,990.4,355.0
2025-11-20T03:00:00,24.9,20.9,291.0,5.6,82,2.5,0.1,989.8,330.0
2025-11-20T04:00:00,21.0,21.4,241.0,5.6,83,5.0,0.6,989.8,220.0
2025-11-20T05:00:00,21.4,22.6,240.0,5.1,88,6.8,1.5,989.8,385.0
2025-11-20T06:00:00,22.6,40.1,251.0,5.1,90,5.7,0.9,990.1,115.0
2025-11-20T07:00:00,18.6,52.6,281.0,4.9,94,6.5,0.0,990.3,105.0
2025-11-20T08:00:00,14.7,57.7,285.0,5.5,89,4.8,0.0,990.7,185.0
2025-11-20T09:00:00,14.9,42.9,244.0,6.5,82,3.6,0.0,991.1,375.0
2025-11-20T10:00:00,17.5,25.5,245.0,7.4,74,6.0,0.0,990.9,605.0
2025-11-20T11:00:00,19.3,18.5,231.0,8.2,69,6.3,0.0,990.4,700.0
2025-11-20T12:00:00,18.7,15.7,216.0,8.9,67,6.7,0.0,989.8,845.0
2025-11-20T13:00:00,18.8,15.5,216.0,9.3,64,4.4,0.0,989.6,875.0
2025-11-20T14:00:00,19.5,20.2,237.0,9.0,65,4.0,0.0,989.3,650.0
2025-11-20T15:00:00,22.3,30.7,246.0,8.3,78,1.3,0.0,989.2,135.0
2025-11-20T16:00:00,25.4,49.0,290.0,6.9,78,2.7,0.0,989.2,45.0
2025-11-20T17:00:00,29.9,55.8,359.0,6.6,79,3.8,0.0,989.5,55.0
2025-11-20T18:00:00,33.7,61.5,399.0,6.5,89,6.0,0.0,989.8,90.0
2025-11-20T19:00:00,38.1,64.5,441.0,6.1,89,6.8,0.0,989.8,105.0
2025-11-20T20:00:00,42.1,67.6,505.0,5.7,90,9.4,0.0,990.0,150.0
2025-11-20T21:00:00,43.6,70.3,568.0,5.5,88,8.7,0.2,989.8,160.0
2025-11-20T22:00:00,40.3,67.0,563.0,4.6,89,7.7,0.0,989.5,145.0
2025-11-20T23:00:00,36.1,66.9,562.0,4.4,87,8.1,0.0,989.3,150.0
2025-11-21T00:00:00,46.5,56.0,524.0,1.8,88,7.1,0.3,989.2,50.0
2025-11-21T01:00:00,39.8,54.6,505.0,2.8,88,9.9,1.3,989.0,55.0
2025-11-21T02:00:00,29.4,47.6,414.0,2.5,89,6.6,2.9,988.8,40.0
2025-11-21T03:00:00,17.1,27.4,311.0,2.4,93,6.7,0.9,988.6,40.0
2025-11-21T04:00:00,8.7,18.7,230.0,1.6,98,3.0,3.5,988.7,25.0
2025-11-21T05:00:00,9.3,25.3,218.0,1.0,98,2.6,3.9,989.3,40.0
2025-11-21T06:00:00,8.3,39.1,229.0,1.9,97,11.5,2.3,989.3,120.0
2025-11-21T07:00:00,9.1,59.5,222.0,0.8,97,11.7,3.8,989.7,130.0
2025-11-21T08:00:00,12.6,64.1,259.0,0.7,99,9.4,5.0,991.1,135.0
2025-11-21T09:00:00,13.2,67.2,295.0,0.8,100,7.9,3.0,991.9,115.0
2025-11-21T10:00:00,14.6,64.8,292.0,0.7,99,9.1,1.5,992.8,100.0
2025-11-21T11:00:00,16.0,60.5,307.0,1.0,97,7.8,1.1,992.9,60.0
2025-11-21T12:00:00,14.5,55.4,275.0,2.2,93,10.3,1.5,992.6,105.0
2025-11-21T13:00:00,13.8,50.5,273.0,2.3,90,6.5,0.3,992.9,60.0
2025-11-21T14:00:00,14.1,49.8,280.0,2.1,86,5.8,3.3,993.2,50.0
2025-11-21T15:00:00,14.9,52.5,286.0,2.1,87,6.9,2.2,993.6,60.0
2025-11-21T16:00:00,17.7,58.7,312.0,1.4,89,4.0,0.0,994.2,30.0
2025-11-21T17:00:00,22.8,59.9,413.0,1.4,89,8.7,0.0,994.8,55.0
2025-11-21T18:00:00,26.0,63.9,466.0,1.7,89,12.2,0.0,995.2,100.0
2025-11-21T19:00:00,30.6,65.8,511.0,2.0,90,10.4,0.0,995.4,110.0
2025-11-21T20:00:00,34.5,64.5,577.0,2.4,88,10.7,0.0,995.6,110.0
2025-11-21T21:00:00,36.6,58.9,601.0,2.9,79,12.1,0.0,995.7,140.0
2025-11-21T22:00:00,28.3,48.9,463.0,2.4,71,14.1,0.0,995.6,170.0
2025-11-21T23:00:00,16.2,38.3,308.0,1.9,68,12.2,0.0,996.1,135.0
2025-11-22T00:00:00,14.0,27.2,299.0,2.4,78,10.1,0.0,995.9,80.0
2025-11-22T01:00:00,9.3,25.7,223.0,2.0,75,13.2,0.0,996.1,130.0
2025-11-22T02:00:00,7.8,20.3,195.0,2.4,70,13.6,0.0,996.5,160.0
2025-11-22T03:00:00,7.0,16.0,197.0,2.3,67,13.1,0.0,996.3,170.0
2025-11-22T04:00:00,6.8,15.0,182.0,2.0,68,11.5,0.0,996.7,130.0
2025-11-22T05:00:00,8.2,19.3,183.0,1.8,68,12.5,0.0,997.1,125.0
2025-11-22T06:00:00,10.4,27.1,191.0,2.4,70,13.5,0.0,996.8,135.0
2025-11-22T07:00:00,13.2,43.4,218.0,2.3,67,14.3,0.0,997.4,160.0
2025-11-22T08:00:00,13.2,45.9,227.0,2.6,68,12.9,0.0,998.1,160.0
2025-11-22T09:00:00,15.9,39.6,220.0,3.1,68,10.4,0.0,998.6,145.0
2025-11-22T10:00:00,14.0,32.2,231.0,3.8,70,5.2,0.0,999.2,175.0
2025-11-22T11:00:00,15.1,35.1,241.0,4.7,64,3.7,0.0,999.6,235.0
2025-11-22T12:00:00,15.6,35.9,245.0,6.0,68,0.6,0.0,999.4,125.0
2025-11-22T13:00:00,16.4,38.7,239.0,5.0,69,0.4,0.0,999.0,95.0
2025-11-22T14:00:00,16.2,39.0,237.0,4.9,72,0.4,0.0,999.1,20.0
2025-11-22T15:00:00,16.3,35.6,274.0,3.3,81,1.5,0.0,999.2,30.0
2025-11-22T16:00:00,17.1,47.7,276.0,2.4,83,1.6,0.0,999.4,20.0
2025-11-22T17:00:00,19.7,47.8,347.0,1.8,84,1.0,0.0,999.8,15.0
2025-11-22T18:00:00,27.0,51.2,461.0,2.0,81,6.2,0.0,999.9,35.0
2025-11-22T19:00:00,33.6,65.5,623.0,0.8,82,2.7,0.0,1000.3,25.0
2025-11-22T20:00:00,41.2,85.4,839.0,-0.1,87,3.0,0.0,1000.7,20.0
2025-11-22T21:00:00,54.6,80.2,858.0,-0.9,91,3.6,0.0,1000.7,15.0
2025-11-22T22:00:00,60.3,75.7,881.0,-1.6,92,4.3,0.0,1000.6,20.0
2025-11-22T23:00:00,56.6,68.0,794.0,-1.0,92,5.0,0.0,1001.0,25.0
2025-11-23T00:00:00,54.1,65.5,745.0,-1.8,95,4.1,0.0,1000.6,25.0
2025-11-23T01:00:00,44.8,59.2,672.0,-2.7,92,3.3,0.0,1000.6,25.0
2025-11-23T02:00:00,35.9,51.9,462.0,-2.8,93,2.4,0.0,1000.5,20.0
2025-11-23T03:00:00,31.4,41.5,340.0,-3.1,94,1.9,0.0,1000.2,15.0
2025-11-23T04:00:00,25.9,37.7,298.0,-2.9,93,1.9,0.0,1000.1,20.0
2025-11-23T05:00:00,23.9,35.0,280.0,-2.7,92,1.0,0.0,1000.3,15.0
2025-11-23T06:00:00,26.7,39.3,270.0,-2.4,96,1.5,0.0,1000.6,30.0
2025-11-23T07:00:00,28.1,48.6,272.0,-2.6,93,1.4,0.0,1000.7,35.0
2025-11-23T08:00:00,27.2,51.0,285.0,-1.0,95,2.7,0.0,1001.1,40.0
2025-11-23T09:00:00,27.2,49.4,278.0,-0.1,94,2.7,0.0,1001.4,85.0
2025-11-23T10:00:00,29.2,43.4,274.0,0.9,95,1.0,0.0,1001.4,105.0
2025-11-23T11:00:00,28.5,40.8,279.0,2.0,91,2.3,0.0,1001.2,110.0
2025-11-23T12:00:00,28.0,37.5,271.0,3.4,85,4.9,0.0,1000.4,130.0
2025-11-23T13:00:00,29.5,42.7,290.0,3.9,83,3.2,0.0,999.6,130.0
2025-11-23T14:00:00,33.4,46.3,331.0,4.3,81,2.4,0.0,999.2,130.0
2025-11-23T15:00:00,37.4,53.9,344.0,4.0,86,3.2,0.0,999.2,75.0
2025-11-23T16:00:00,42.1,69.1,382.0,2.7,90,3.6,0.0,999.1,50.0
2025-11-23T17:00:00,48.2,73.1,464.0,2.5,90,3.0,0.0,999.1,40.0
2025-11-23T18:00:00,50.4,77.2,563.0,3.3,94,2.8,0.0,999.1,50.0
2025-11-23T19:00:00,54.9,79.3,680.0,3.3,94,4.2,0.0,999.0,45.0
2025-11-23T20:00:00,58.7,84.9,787.0,3.3,92,5.2,0.1,999.0,50.0
2025-11-23T21:00:00,62.7,82.6,840.0,3.3,91,6.0,0.0,998.5,65.0
2025-11-23T22:00:00,64.2,73.5,799.0,3.2,92,2.0,0.0,998.0,30.0
2025-11-23T23:00:00,62.8,64.7,794.0,3.2,90,1.9,0.1,997.9,20.0
2025-11-24T00:00:00,63.8,58.5,754.0,2.4,98,5.4,0.0,997.5,55.0
2025-11-24T01:00:00,63.7,57.7,720.0,2.4,98,3.2,0.1,996.7,40.0
2025-11-24T02:00:00,62.0,56.1,692.0,2.4,97,6.3,0.0,996.1,65.0
2025-11-24T03:00:00,59.8,54.0,685.0,2.5,95,4.0,0.0,995.4,70.0
2025-11-24T04:00:00,53.5,52.8,677.0,2.5,95,3.0,0.0,994.6,40.0
2025-11-24T05:00:00,59.9,52.7,590.0,2.6,95,2.2,0.0,993.9,30.0
2025-11-24T06:00:00,64.1,54.9,542.0,3.8,90,0.6,0.0,994.0,370.0
2025-11-24T07:00:00,67.4,58.7,527.0,2.9,95,5.2,0.0,993.9,110.0
2025-11-24T08:00:00,68.5,65.4,529.0,3.0,94,5.1,0.0,993.7,115.0
2025-11-24T09:00:00,64.7,64.0,530.0,3.3,90,2.5,0.1,993.5,105.0
2025-11-24T10:00:00,61.1,62.5,519.0,3.6,84,3.6,0.1,992.7,260.0
2025-11-24T11:00:00,51.6,59.7,434.0,3.7,83,3.1,0.1,991.7,245.0
2025-11-24T12:00:00,41.7,59.2,401.0,3.2,86,1.2,0.0,991.1,15.0
2025-11-24T13:00:00,35.1,59.1,362.0,3.6,85,2.2,0.0,990.1,290.0
2025-11-24T14:00:00,32.9,57.3,373.0,3.4,86,1.6,0.0,989.2,210.0
2025-11-24T15:00:00,33.9,61.8,371.0,3.2,87,1.5,0.0,988.8,140.0
2025-11-24T16:00:00,37.4,68.0,439.0,2.9,91,2.0,0.0,987.7,75.0
2025-11-24T17:00:00,39.0,71.9,517.0,2.9,91,1.8,0.0,987.8,55.0
2025-11-24T18:00:00,40.8,75.3,599.0,3.4,96,2.2,0.3,987.6,35.0
2025-11-24T19:00:00,42.5,76.6,654.0,3.3,99,3.0,0.7,987.1,40.0
2025-11-24T20:00:00,47.3,72.5,646.0,3.2,98,2.4,0.6,986.5,35.0
2025-11-24T21:00:00,47.6,67.1,675.0,3.0,94,2.2,0.1,985.9,30.0
2025-11-24T22:00:00,37.6,63.6,636.0,2.8,98,2.2,0.0,985.0,30.0
2025-11-24T23:00:00,34.9,60.1,566.0,2.8,99,3.0,0.0,984.4,40.0
2025-11-25T00:00:00,34.3,52.2,485.0,3.2,97,9.5,0.0,985.2,215.0
2025-11-25T01:00:00,34.5,51.6,458.0,3.3,99,5.2,0.0,984.0,125.0
2025-11-25T02:00:00,36.2,47.4,454.0,3.4,98,8.6,0.0,983.9,205.0
2025-11-25T03:00:00,32.5,41.9,486.0,3.5,96,7.7,0.0,983.0,190.0
2025-11-25T04:00:00,32.8,35.5,427.0,2.6,98,7.0,0.0,982.9,175.0
2025-11-25T05:00:00,27.7,35.6,396.0,2.2,97,8.7,0.0,982.9,155.0
2025-11-25T06:00:00,25.8,39.2,321.0,2.7,98,10.0,0.0,982.9,95.0
2025-11-25T07:00:00,25.2,41.7,328.0,2.2,99,8.8,0.0,983.1,130.0
2025-11-25T08:00:00,26.1,44.4,353.0,2.5,97,9.1,0.0,983.6,185.0
2025-11-25T09:00:00,22.3,31.5,317.0,3.4,92,8.8,0.0,983.5,180.0
2025-11-25T10:00:00,22.0,26.4,293.0,5.1,88,7.3,0.0,983.7,255.0
2025-11-25T11:00:00,23.1,21.2,271.0,6.8,79,8.7,0.0,983.0,345.0
2025-11-25T12:00:00,17.5,17.8,230.0,7.0,75,9.8,0.0,982.7,470.0
2025-11-25T13:00:00,12.9,18.0,206.0,7.9,72,9.3,0.0,982.0,375.0
2025-11-25T14:00:00,11.9,19.8,203.0,8.0,72,6.7,0.0,981.9,355.0
2025-11-25T15:00:00,15.1,29.0,242.0,7.0,81,3.0,0.0,982.4,150.0
2025-11-25T16:00:00,21.4,42.2,296.0,5.2,83,3.9,0.0,982.7,70.0
2025-11-25T17:00:00,28.1,49.9,375.0,5.4,82,7.3,0.0,983.0,125.0
2025-11-25T18:00:00,29.2,56.0,418.0,5.3,82,5.7,0.0,982.8,85.0
2025-11-25T19:00:00,34.5,60.2,503.0,6.8,63,10.5,0.0,983.1,150.0
2025-11-25T20:00:00,27.9,50.1,523.0,7.4,54,13.3,0.0,983.5,240.0
2025-11-25T21:00:00,19.7,41.0,387.0,7.7,49,17.2,0.0,983.9,315.0
2025-11-25T22:00:00,11.7,29.6,247.0,7.5,48,17.9,0.0,984.3,300.0
2025-11-25T23:00:00,9.7,19.7,204.0,7.0,50,16.6,0.0,984.7,290.0
2025-11-26T00:00:00,6.1,16.4,194.0,5.6,64,6.4,0.0,985.1,140.0
2025-11-26T01:00:00,5.1,14.2,181.0,5.9,59,9.4,0.0,985.4,130.0
2025-11-26T02:00:00,4.8,14.7,183.0,4.6,67,7.3,0.0,985.8,105.0
2025-11-26T03:00:00,4.8,14.7,181.0,3.3,70,3.1,0.0,986.2,60.0
2025-11-26T04:00:00,4.7,16.0,179.0,3.1,69,4.3,0.0,986.8,55.0
2025-11-26T05:00:00,5.4,20.1,177.0,2.9,70,6.3,0.0,987.4,65.0
2025-11-26T06:00:00,7.0,31.2,197.0,2.7,79,2.4,0.0,987.8,15.0
2025-11-26T07:00:00,9.5,41.9,220.0,2.2,80,4.1,0.0,988.3,25.0
2025-11-26T08:00:00,10.7,43.0,244.0,4.0,75,6.0,0.0,989.1,35.0
2025-11-26T09:00:00,9.5,32.7,211.0,8.0,59,9.6,0.0,989.9,235.0
2025-11-26T10:00:00,7.9,23.0,203.0,10.9,46,12.7,0.0,990.7,735.0
2025-11-26T11:00:00,5.5,15.7,176.0,11.5,42,13.5,0.0,991.0,770.0
2025-11-26T12:00:00,5.2,12.2,167.0,13.0,51,5.5,0.0,990.4,1080.0
2025-11-26T13:00:00,5.5,13.3,171.0,13.3,38,11.5,0.0,990.6,1255.0
2025-11-26T14:00:00,6.2,18.8,178.0,12.3,39,10.9,0.0,991.2,875.0
2025-11-26T15:00:00,6.8,22.4,192.0,10.1,50,7.8,0.0,992.1,240.0
2025-11-26T16:00:00,8.9,34.0,207.0,8.2,61,7.0,0.0,993.0,80.0
2025-11-26T17:00:00,12.1,41.6,263.0,7.3,55,10.1,0.0,993.9,170.0
2025-11-26T18:00:00,14.6,46.4,300.0,8.5,45,14.8,0.0,993.9,385.0
2025-11-26T19:00:00,15.0,46.7,293.0,7.9,44,17.2,0.0,994.4,360.0
2025-11-26T20:00:00,13.6,41.5,264.0,7.6,42,16.7,0.0,995.0,380.0
2025-11-26T21:00:00,12.4,32.7,242.0,7.1,44,14.2,0.0,995.9,340.0
2025-11-26T22:00:00,10.4,27.2,230.0,6.1,49,12.2,0.0,996.8,250.0
2025-11-26T23:00:00,8.3,25.2,208.0,5.2,54,10.0,0.0,997.5,165.0
2025-11-27T00:00:00,12.8,22.6,215.0,5.4,59,10.4,0.0,996.9,105.0
2025-11-27T01:00:00,11.5,23.7,208.0,4.8,60,11.8,0.0,996.8,100.0
2025-11-27T02:00:00,11.1,23.2,211.0,4.6,59,10.6,0.0,997.1,95.0
2025-11-27T03:00:00,10.8,22.6,223.0,4.2,61,8.7,0.0,997.4,85.0
2025-11-27T04:00:00,10.8,23.6,221.0,3.4,64,7.9,0.0,997.7,75.0
2025-11-27T05:00:00,11.9,32.1,232.0,2.6,68,8.6,0.0,998.5,65.0
2025-11-27T06:00:00,16.4,44.2,263.0,3.1,67,8.8,0.0,998.8,70.0
2025-11-27T07:00:00,17.6,60.5,327.0,3.2,64,8.8,0.0,999.4,80.0
2025-11-27T08:00:00,20.3,65.3,382.0,4.3,63,6.6,0.0,1000.1,75.0
2025-11-27T09:00:00,25.5,65.0,361.0,5.6,65,4.4,0.0,1000.6,70.0
2025-11-27T10:00:00,20.1,58.8,327.0,7.0,64,1.7,0.0,1001.0,120.0
2025-11-27T11:00:00,21.0,46.2,329.0,8.0,62,0.9,0.0,1001.1,190.0
2025-11-27T12:00:00,21.0,42.1,290.0,9.5,60,2.2,0.0,1000.3,295.0
2025-11-27T13:00:00,22.4,39.6,297.0,10.0,61,0.7,0.0,1000.2,365.0
2025-11-27T14:00:00,23.4,45.0,309.0,9.8,62,2.6,0.0,1000.1,300.0
2025-11-27T15:00:00,28.3,54.8,332.0,8.5,73,3.7,0.0,1000.4,125.0
2025-11-27T16:00:00,33.6,63.1,414.0,6.3,78,4.6,0.0,1000.9,65.0
2025-11-27T17:00:00,37.7,68.8,568.0,5.6,80,1.5,0.0,1001.5,20.0
2025-11-27T18:00:00,38.7,85.2,798.0,5.5,79,2.7,0.0,1001.6,30.0
2025-11-27T19:00:00,43.2,86.0,871.0,4.3,85,3.8,0.0,1002.0,25.0
2025-11-27T20:00:00,49.1,80.7,881.0,3.6,86,2.9,0.0,1002.2,20.0
2025-11-27T21:00:00,54.3,77.9,865.0,3.0,87,2.7,0.0,1002.2,15.0
2025-11-27T22:00:00,60.2,70.5,876.0,2.5,87,0.5,0.0,1002.4,10.0
2025-11-27T23:00:00,64.9,62.9,824.0,2.0,88,0.6,0.0,1002.6,10.0
2025-11-28T00:00:00,68.4,60.8,779.0,1.0,95,1.0,0.0,1002.4,10.0
2025-11-28T01:00:00,67.8,58.0,790.0,1.1,95,3.5,0.0,1002.3,20.0
2025-11-28T02:00:00,64.5,57.0,787.0,1.4,91,6.7,0.0,1002.3,50.0
2025-11-28T03:00:00,54.0,55.1,746.0,1.2,89,6.4,0.0,1002.0,45.0
2025-11-28T04:00:00,51.9,53.5,713.0,0.3,92,4.1,0.0,1001.9,30.0
2025-11-28T05:00:00,48.8,54.4,688.0,-0.2,93,5.6,0.0,1001.6,35.0
2025-11-28T06:00:00,57.9,55.8,694.0,-1.3,98,6.4,0.0,1002.0,45.0
2025-11-28T07:00:00,52.0,59.3,619.0,-1.2,98,4.5,0.0,1002.2,55.0
2025-11-28T08:00:00,51.5,60.6,636.0,-0.3,96,5.3,0.0,1002.6,70.0
2025-11-28T09:00:00,58.6,56.5,716.0,1.0,94,5.0,0.0,1003.1,105.0
2025-11-28T10:00:00,59.6,52.8,562.0,2.7,88,3.6,0.0,1003.2,160.0
2025-11-28T11:00:00,45.9,45.7,497.0,4.6,82,3.6,0.0,1002.5,195.0
2025-11-28T12:00:00,39.3,39.5,474.0,6.6,74,2.9,0.0,1001.8,215.0
2025-11-28T13:00:00,35.4,34.4,418.0,7.8,69,2.6,0.0,1000.9,225.0
2025-11-28T14:00:00,31.6,35.9,387.0,8.0,69,3.2,0.0,1000.3,240.0
2025-11-28T15:00:00,32.2,42.6,399.0,6.8,79,2.7,0.0,1000.0,55.0
2025-11-28T16:00:00,38.2,53.3,449.0,4.6,84,4.3,0.0,999.9,35.0
2025-11-28T17:00:00,39.8,54.1,475.0,3.6,86,5.2,0.0,999.9,40.0
2025-11-28T18:00:00,44.1,56.7,527.0,3.8,86,6.9,0.0,1000.3,40.0
2025-11-28T19:00:00,47.2,55.6,659.0,3.3,86,5.5,0.0,1000.4,50.0
2025-11-28T20:00:00,51.7,54.6,799.0,2.8,87,5.2,0.0,1000.4,55.0
2025-11-28T21:00:00,56.6,54.6,875.0,2.2,88,5.4,0.0,999.9,40.0
2025-11-28T22:00:00,59.7,55.2,900.0,1.6,89,6.1,0.0,999.4,40.0
2025-11-28T23:00:00,58.7,53.2,862.0,1.0,90,7.0,0.0,999.1,45.0
2025-11-29T00:00:00,55.5,48.8,817.0,0.6,91,7.9,0.0,998.7,30.0
2025-11-29T01:00:00,53.4,44.9,709.0,1.1,88,4.8,0.0,998.7,45.0
2025-11-29T02:00:00,50.6,43.2,665.0,1.1,88,6.3,0.0,998.7,65.0
2025-11-29T03:00:00,47.2,43.3,628.0,0.9,89,6.9,0.0,998.0,60.0
2025-11-29T04:00:00,44.5,43.9,611.0,0.5,91,6.0,0.0,997.6,55.0
2025-11-29T05:00:00,43.8,41.1,604.0,0.3,92,5.5,0.0,997.5,50.0
2025-11-29T06:00:00,44.8,40.6,601.0,0.1,95,3.6,0.0,997.8,30.0
2025-11-29T07:00:00,46.9,42.9,556.0,0.3,94,6.7,0.0,998.2,55.0
2025-11-29T08:00:00,49.2,39.7,535.0,0.9,93,4.9,0.0,998.4,75.0
2025-11-29T09:00:00,47.3,39.4,513.0,2.6,89,3.6,0.0,998.5,105.0
2025-11-29T10:00:00,45.5,36.7,499.0,4.7,80,3.1,0.0,998.4,140.0
2025-11-29T11:00:00,42.6,36.9,415.0,6.6,73,3.2,0.0,998.0,185.0
2025-11-29T12:00:00,37.6,36.3,382.0,7.8,71,2.2,0.0,997.5,200.0
2025-11-29T13:00:00,39.2,40.7,381.0,8.7,68,1.7,0.0,997.0,205.0
2025-11-29T14:00:00,40.5,43.8,372.0,8.9,67,1.6,0.0,996.6,210.0
2025-11-29T15:00:00,44.4,51.2,435.0,8.0,74,0.4,0.0,996.7,15.0
2025-11-29T16:00:00,56.7,65.1,512.0,6.3,76,0.9,0.0,996.6,20.0
2025-11-29T17:00:00,67.4,71.7,647.0,5.4,80,0.5,0.0,996.7,10.0
2025-11-29T18:00:00,74.2,76.9,748.0,4.5,87,1.5,0.0,997.1,15.0
2025-11-29T19:00:00,81.3,78.6,886.0,4.0,89,4.0,0.0,997.3,35.0
2025-11-29T20:00:00,89.3,71.1,1006.0,3.5,90,4.3,0.0,997.2,35.0
2025-11-29T21:00:00,88.8,68.7,1011.0,2.9,91,2.4,0.0,997.3,20.0
2025-11-29T22:00:00,82.3,70.5,983.0,2.1,94,0.2,0.0,997.3,10.0
2025-11-29T23:00:00,84.0,72.4,974.0,1.1,98,1.7,0.0,997.3,10.0
2025-11-30T00:00:00,95.2,75.1,1165.0,0.0,100,3.9,0.0,997.4,15.0
2025-11-30T01:00:00,92.8,75.1,1128.0,0.1,99,3.8,0.0,997.1,15.0
2025-11-30T02:00:00,88.3,71.9,1090.0,0.1,96,3.5,0.0,997.2,20.0
2025-11-30T03:00:00,85.5,62.1,1039.0,0.1,95,4.4,0.0,997.1,25.0
2025-11-30T04:00:00,81.9,54.7,977.0,0.1,95,4.5,0.0,997.1,30.0
2025-11-30T05:00:00,78.8,49.0,953.0,0.1,95,6.2,0.0,997.3,45.0
2025-11-30T06:00:00,75.8,48.1,837.0,0.5,92,4.9,0.0,997.6,40.0
2025-11-30T07:00:00,73.7,44.3,709.0,0.7,91,5.6,0.0,998.0,55.0
2025-11-30T08:00:00,72.2,40.5,658.0,1.6,89,5.2,0.0,998.6,65.0
2025-11-30T09:00:00,70.3,40.6,657.0,3.2,86,3.8,0.0,998.9,90.0
2025-11-30T10:00:00,69.6,36.3,657.0,4.9,82,3.2,0.0,999.1,115.0
2025-11-30T11:00:00,67.8,37.3,655.0,6.0,78,3.6,0.0,998.9,140.0
2025-11-30T12:00:00,67.2,35.4,498.0,5.8,81,5.7,0.0,998.4,105.0
2025-11-30T13:00:00,64.4,35.1,450.0,6.9,78,3.3,0.0,997.8,85.0
2025-11-30T14:00:00,65.5,37.0,496.0,7.4,79,3.6,0.0,997.6,100.0
2025-11-30T15:00:00,64.1,45.6,576.0,7.2,79,4.5,0.0,997.6,120.0
2025-11-30T16:00:00,60.2,55.7,568.0,6.2,80,5.6,0.0,997.4,70.0
2025-11-30T17:00:00,75.8,64.5,650.0,5.8,81,5.2,0.0,997.6,50.0
2025-11-30T18:00:00,76.7,67.7,770.0,6.3,83,3.6,0.0,997.6,40.0
2025-11-30T19:00:00,81.1,71.3,806.0,6.4,84,5.5,0.0,998.2,65.0
2025-11-30T20:00:00,83.6,71.9,856.0,6.4,84,5.4,0.0,998.3,55.0
2025-11-30T21:00:00,84.1,68.8,907.0,6.3,86,5.2,0.0,998.4,55.0
2025-11-30T22:00:00,83.3,64.0,884.0,6.1,88,5.1,0.0,998.0,45.0
2025-11-30T23:00:00,84.5,55.9,921.0,5.9,91,1.9,0.0,998.2,20.0
2025-12-01T00:00:00,79.4,61.8,979.0,6.1,89,4.4,0.5,998.2,40.0
2025-12-01T01:00:00,81.0,55.8,996.0,6.2,94,4.2,2.2,998.1,50.0
2025-12-01T02:00:00,74.8,53.8,1006.0,6.2,97,3.1,1.4,998.1,40.0
2025-12-01T03:00:00,74.4,51.6,1022.0,6.1,97,6.0,1.2,998.6,95.0
2025-12-01T04:00:00,70.3,51.0,961.0,6.1,96,5.9,1.0,998.9,125.0
2025-12-01T05:00:00,62.5,53.6,866.0,5.9,97,7.6,0.9,999.6,180.0
2025-12-01T06:00:00,60.6,53.9,881.0,5.9,96,8.1,0.8,1000.2,180.0
2025-12-01T07:00:00,59.0,60.9,847.0,5.8,96,4.9,0.4,1001.0,180.0
2025-12-01T08:00:00,50.6,60.5,798.0,6.1,93,5.2,0.1,1001.8,225.0
2025-12-01T09:00:00,39.6,49.4,727.0,6.3,91,5.9,0.1,1002.4,225.0
2025-12-01T10:00:00,37.3,45.0,663.0,6.2,90,7.2,0.2,1003.0,280.0
2025-12-01T11:00:00,35.8,42.0,560.0,6.0,91,5.8,0.2,1003.0,245.0
2025-12-01T12:00:00,34.1,43.5,483.0,7.1,87,7.3,0.1,1002.9,375.0
2025-12-01T13:00:00,33.0,45.7,437.0,7.1,87,3.6,0.0,1002.5,330.0
2025-12-01T14:00:00,34.5,50.2,451.0,7.2,87,2.1,0.0,1002.4,240.0
2025-12-01T15:00:00,43.8,55.7,525.0,6.9,88,2.2,0.0,1002.5,90.0
2025-12-01T16:00:00,55.2,70.7,671.0,6.5,93,2.2,0.0,1002.7,60.0
2025-12-01T17:00:00,56.5,80.2,774.0,6.5,93,1.2,0.0,1003.0,45.0
2025-12-01T18:00:00,60.0,86.1,892.0,6.6,93,4.8,0.0,1003.5,115.0
2025-12-01T19:00:00,72.3,86.8,894.0,6.7,92,5.9,0.0,1003.5,145.0
2025-12-01T20:00:00,70.7,79.6,879.0,6.9,92,4.9,0.0,1003.4,125.0
2025-12-01T21:00:00,67.3,70.5,869.0,6.9,93,4.8,0.1,1003.3,105.0
2025-12-01T22:00:00,64.5,64.1,963.0,6.8,93,4.7,0.2,1002.8,85.0
2025-12-01T23:00:00,71.4,61.5,1063.0,6.8,93,4.6,0.3,1002.6,65.0
2025-12-02T00:00:00,74.0,52.8,984.0,6.5,95,3.8,0.3,1002.4,40.0
2025-12-02T01:00:00,73.1,51.8,982.0,6.5,96,4.9,0.0,1001.8,60.0
2025-12-02T02:00:00,71.1,45.7,966.0,6.3,96,4.5,0.0,1001.7,80.0
2025-12-02T03:00:00,67.8,41.8,896.0,6.3,96,3.5,0.0,1001.2,60.0
2025-12-02T04:00:00,63.4,40.8,780.0,6.1,97,3.5,0.0,1000.8,50.0
2025-12-02T05:00:00,58.1,39.7,691.0,6.0,98,4.0,0.0,1000.7,75.0
2025-12-02T06:00:00,54.4,42.8,666.0,6.3,97,5.6,0.0,1000.9,60.0
2025-12-02T07:00:00,53.1,50.0,705.0,6.5,95,4.5,0.0,1001.0,80.0
2025-12-02T08:00:00,52.7,52.1,721.0,7.0,93,4.0,0.0,1001.3,120.0
2025-12-02T09:00:00,51.5,51.5,678.0,7.4,92,4.7,0.0,1001.3,120.0
2025-12-02T10:00:00,45.7,46.8,632.0,7.9,91,4.5,0.0,1001.0,110.0
2025-12-02T11:00:00,40.4,42.8,508.0,8.3,91,4.2,0.0,1000.4,135.0
2025-12-02T12:00:00,38.8,42.0,451.0,8.5,89,4.0,0.0,1000.0,155.0
2025-12-02T13:00:00,37.8,44.1,422.0,9.0,88,3.9,0.0,999.5,205.0
2025-12-02T14:00:00,37.6,43.9,400.0,9.0,88,3.7,0.0,998.9,155.0
2025-12-02T15:00:00,41.1,47.7,459.0,8.9,89,3.8,0.0,998.9,140.0
2025-12-02T16:00:00,43.2,53.1,525.0,8.6,90,4.1,0.0,999.0,145.0
2025-12-02T17:00:00,48.1,57.6,655.0,8.5,91,3.8,0.0,998.8,120.0
2025-12-02T18:00:00,57.0,62.4,836.0,7.7,95,4.7,0.0,998.7,65.0
2025-12-02T19:00:00,64.8,71.0,992.0,6.6,96,4.5,0.0,998.7,65.0
2025-12-02T20:00:00,67.6,72.4,1079.0,6.3,97,2.9,0.0,998.7,60.0
2025-12-02T21:00:00,71.0,74.1,1135.0,6.7,97,1.9,0.0,998.6,50.0
2025-12-02T22:00:00,68.8,74.5,1152.0,6.9,97,0.9,0.0,998.3,35.0
2025-12-02T23:00:00,65.7,71.5,1151.0,6.6,98,0.4,0.0,998.2,30.0
2025-12-03T00:00:00,59.5,66.2,1032.0,6.7,97,5.7,0.0,998.0,35.0
2025-12-03T01:00:00,58.1,63.6,1001.0,6.1,98,6.3,0.0,997.6,40.0
2025-12-03T02:00:00,59.5,56.8,950.0,5.6,99,3.4,0.0,997.3,40.0
2025-12-03T03:00:00,61.0,53.0,933.0,6.1,96,1.0,0.0,997.0,15.0
2025-12-03T04:00:00,58.6,53.2,892.0,6.6,95,3.0,0.0,996.9,55.0
2025-12-03T05:00:00,59.3,51.4,844.0,6.7,94,2.9,0.0,996.6,55.0
2025-12-03T06:00:00,58.0,55.8,821.0,6.7,93,2.1,0.0,996.7,30.0
2025-12-03T07:00:00,57.7,64.5,830.0,6.1,94,2.8,0.0,996.9,35.0
2025-12-03T08:00:00,54.7,72.2,834.0,6.9,94,4.6,0.0,997.2,45.0
2025-12-03T09:00:00,57.2,68.7,850.0,7.9,94,2.7,0.0,997.5,65.0
2025-12-03T10:00:00,56.6,67.6,765.0,9.2,89,2.2,0.0,997.5,105.0
2025-12-03T11:00:00,53.1,67.5,744.0,10.2,82,3.1,0.0,997.2,195.0
2025-12-03T12:00:00,50.1,67.7,686.0,9.4,90,2.0,0.0,996.8,85.0
2025-12-03T13:00:00,48.6,64.3,590.0,10.2,85,2.6,0.0,996.3,145.0
2025-12-03T14:00:00,47.9,62.8,571.0,10.2,83,3.9,0.0,996.1,175.0
2025-12-03T15:00:00,48.6,64.4,591.0,9.8,88,2.9,0.0,995.9,105.0
2025-12-03T16:00:00,54.9,73.6,658.0,8.5,91,2.3,0.0,995.9,40.0
2025-12-03T17:00:00,61.5,79.1,769.0,8.0,92,1.8,0.0,996.1,25.0
2025-12-03T18:00:00,72.2,82.9,946.0,8.4,92,3.8,0.0,996.2,40.0
2025-12-03T19:00:00,80.7,84.9,1103.0,8.5,90,5.1,0.0,996.2,35.0
2025-12-03T20:00:00,87.6,82.9,1130.0,8.2,92,4.0,0.1,996.4,40.0
2025-12-03T21:00:00,90.8,72.5,1128.0,8.2,92,7.7,0.0,996.4,95.0
2025-12-03T22:00:00,86.8,64.5,1007.0,8.0,94,5.8,0.1,996.3,120.0
2025-12-03T23:00:00,75.0,56.0,865.0,7.9,95,6.2,0.1,996.0,100.0
2025-12-04T00:00:00,76.6,55.1,834.0,8.1,92,6.7,0.0,996.1,95.0
2025-12-04T01:00:00,74.2,53.9,815.0,8.3,92,6.2,0.0,995.7,90.0
2025-12-04T02:00:00,68.2,50.9,867.0,7.9,94,6.0,0.0,995.5,80.0
2025-12-04T03:00:00,57.8,47.8,729.0,8.1,93,6.6,0.0,994.9,80.0
2025-12-04T04:00:00,59.7,41.4,677.0,8.3,92,6.5,0.0,994.3,85.0
2025-12-04T05:00:00,56.9,39.8,623.0,8.3,91,6.3,0.0,993.9,85.0
2025-12-04T06:00:00,54.6,49.4,593.0,8.2,91,7.1,0.0,994.1,75.0
2025-12-04T07:00:00,53.5,61.5,612.0,8.1,91,7.8,0.1,994.0,75.0
2025-12-04T08:00:00,48.3,81.3,615.0,8.3,90,9.0,0.1,993.8,110.0
2025-12-04T09:00:00,49.2,81.2,631.0,8.9,86,9.3,0.0,993.8,175.0
2025-12-04T10:00:00,45.9,69.9,584.0,9.2,88,8.2,0.0,993.1,185.0
2025-12-04T11:00:00,33.1,61.9,452.0,9.5,87,7.7,0.0,992.3,175.0
2025-12-04T12:00:00,27.3,54.0,357.0,10.1,86,5.1,0.0,991.5,190.0
2025-12-04T13:00:00,22.6,48.4,338.0,10.6,85,3.6,0.0,990.6,195.0
2025-12-04T14:00:00,22.3,50.8,327.0,10.6,85,3.9,0.0,990.1,160.0
2025-12-04T15:00:00,22.2,62.8,401.0,9.9,88,3.9,0.0,989.6,90.0
2025-12-04T16:00:00,26.5,75.7,438.0,9.3,89,3.1,0.1,989.3,65.0
2025-12-04T17:00:00,33.3,83.9,581.0,9.0,88,5.3,0.5,989.2,75.0
2025-12-04T18:00:00,37.6,76.5,688.0,9.1,88,6.6,0.3,988.7,65.0
2025-12-04T19:00:00,44.6,74.8,752.0,9.0,88,7.7,0.0,988.4,75.0
2025-12-04T20:00:00,48.1,80.9,776.0,8.7,88,7.3,0.0,988.1,80.0
2025-12-04T21:00:00,53.1,75.1,831.0,8.6,87,6.4,0.0,987.9,85.0
2025-12-04T22:00:00,56.1,67.0,870.0,8.4,88,4.6,0.1,987.6,65.0
2025-12-04T23:00:00,57.4,61.3,827.0,7.9,91,2.3,0.1,987.4,30.0
2025-12-05T00:00:00,56.9,54.2,796.0,8.3,93,5.2,0.1,987.2,75.0
2025-12-05T01:00:00,55.4,51.9,726.0,8.2,93,4.1,0.2,987.2,70.0
2025-12-05T02:00:00,51.6,48.6,744.0,8.1,92,3.5,0.1,987.2,50.0
2025-12-05T03:00:00,47.4,46.6,708.0,7.9,91,4.9,0.3,987.3,50.0
2025-12-05T04:00:00,43.3,45.6,702.0,7.7,94,1.8,0.8,987.6,25.0
2025-12-05T05:00:00,41.5,46.1,708.0,7.4,94,3.4,0.8,988.2,30.0
2025-12-05T06:00:00,40.6,57.7,754.0,7.9,93,7.0,0.3,988.4,60.0
2025-12-05T07:00:00,40.0,66.6,666.0,8.0,93,7.0,0.0,988.9,65.0
2025-12-05T08:00:00,38.7,66.1,584.0,8.4,91,5.3,0.0,989.7,65.0
2025-12-05T09:00:00,37.0,67.3,539.0,9.2,92,5.5,0.0,990.6,115.0
2025-12-05T10:00:00,34.0,61.1,476.0,9.8,89,6.5,0.0,991.2,260.0
2025-12-05T11:00:00,27.8,60.5,434.0,10.1,89,6.7,0.0,991.7,300.0
2025-12-05T12:00:00,23.4,57.6,336.0,10.9,83,5.8,0.0,991.7,385.0
2025-12-05T13:00:00,18.5,45.6,327.0,11.1,81,4.3,0.0,991.8,435.0
2025-12-05T14:00:00,19.2,42.6,363.0,10.9,81,3.4,0.0,992.1,415.0
2025-12-05T15:00:00,25.2,57.3,403.0,10.1,86,0.4,0.0,992.8,15.0
2025-12-05T16:00:00,36.5,66.7,471.0,8.3,90,2.3,0.0,993.2,25.0
2025-12-05T17:00:00,39.4,71.8,534.0,7.6,92,4.2,0.0,993.6,35.0
2025-12-05T18:00:00,47.6,72.3,612.0,7.6,95,4.7,0.0,994.2,40.0
2025-12-05T19:00:00,62.3,67.0,709.0,7.6,93,6.6,0.0,994.8,55.0
2025-12-05T20:00:00,63.0,64.9,825.0,6.9,92,4.8,0.0,995.3,50.0
2025-12-05T21:00:00,63.1,61.9,893.0,5.8,94,4.0,0.0,995.6,30.0
2025-12-05T22:00:00,62.5,58.9,961.0,5.4,94,4.0,0.0,995.8,30.0
2025-12-05T23:00:00,63.8,54.0,999.0,5.0,94,2.8,0.0,995.8,30.0
2025-12-06T00:00:00,61.6,51.1,898.0,5.0,100,3.2,0.0,996.0,35.0
2025-12-06T01:00:00,67.4,48.7,967.0,4.9,100,5.1,0.0,996.0,60.0
2025-12-06T02:00:00,70.4,48.8,1021.0,4.6,100,5.2,0.0,995.9,55.0
2025-12-06T03:00:00,71.6,52.3,1034.0,4.3,100,5.3,0.0,995.8,60.0
2025-12-06T04:00:00,59.4,47.2,881.0,3.8,100,4.8,0.0,995.8,65.0
2025-12-06T05:00:00,58.2,40.5,805.0,3.2,99,6.5,0.0,996.5,85.0
2025-12-06T06:00:00,55.6,36.9,722.0,2.8,100,3.1,0.0,996.9,45.0
2025-12-06T07:00:00,56.4,43.7,739.0,2.6,100,4.1,0.0,997.3,70.0
2025-12-06T08:00:00,47.4,41.8,604.0,2.8,98,4.7,0.0,997.7,85.0
2025-12-06T09:00:00,39.9,38.4,528.0,3.2,95,5.5,0.0,998.1,105.0
2025-12-06T10:00:00,30.5,34.8,470.0,4.3,92,5.1,0.0,998.2,145.0
2025-12-06T11:00:00,30.2,32.4,391.0,5.8,89,3.3,0.0,997.4,160.0
2025-12-06T12:00:00,28.0,31.8,355.0,7.1,87,4.7,0.0,996.8,185.0
2025-12-06T13:00:00,23.9,32.6,329.0,8.1,83,3.8,0.0,996.2,185.0
2025-12-06T14:00:00,24.4,36.3,328.0,8.6,81,3.8,0.0,995.9,170.0
2025-12-06T15:00:00,21.1,34.8,319.0,7.8,86,3.8,0.0,995.7,110.0
2025-12-06T16:00:00,21.8,39.7,358.0,6.5,89,5.1,0.0,995.7,75.0
2025-12-06T17:00:00,29.0,51.5,427.0,5.9,91,6.9,0.0,995.7,80.0
2025-12-06T18:00:00,44.5,59.5,470.0,5.8,94,7.0,0.0,995.9,65.0
2025-12-06T19:00:00,49.8,60.2,556.0,5.1,96,7.3,0.0,996.2,65.0
2025-12-06T20:00:00,53.7,63.5,639.0,4.7,97,7.8,0.0,996.2,65.0
2025-12-06T21:00:00,63.1,74.6,709.0,4.3,98,8.0,0.0,996.5,70.0
2025-12-06T22:00:00,72.5,72.9,757.0,3.3,99,4.4,0.0,996.6,50.0
2025-12-06T23:00:00,78.4,70.8,782.0,3.5,99,4.7,0.0,996.9,50.0
2025-12-07T00:00:00,58.0,50.8,715.0,3.3,100,6.1,0.0,997.1,50.0
2025-12-07T01:00:00,57.9,46.2,714.0,3.1,100,4.2,0.0,997.0,55.0
2025-12-07T02:00:00,58.2,45.7,712.0,2.8,100,5.1,0.0,997.3,60.0
2025-12-07T03:00:00,59.3,46.0,695.0,2.5,100,4.7,0.0,997.2,55.0
2025-12-07T04:00:00,59.5,44.2,661.0,2.5,100,3.1,0.0,997.2,50.0
2025-12-07T05:00:00,57.5,43.4,636.0,2.5,100,3.2,0.0,997.4,45.0
2025-12-07T06:00:00,56.5,43.0,641.0,2.5,100,2.0,0.0,998.1,15.0
2025-12-07T07:00:00,59.9,44.2,688.0,2.2,100,2.2,0.0,998.6,20.0
2025-12-07T08:00:00,64.2,42.2,723.0,2.8,99,3.2,0.0,999.4,45.0
2025-12-07T09:00:00,66.1,45.0,760.0,3.7,95,3.7,0.0,999.7,90.0
2025-12-07T10:00:00,58.1,41.9,680.0,4.5,95,5.0,0.0,1000.2,120.0
2025-12-07T11:00:00,53.2,39.6,650.0,5.8,91,3.3,0.0,1000.3,125.0
2025-12-07T12:00:00,48.2,41.5,655.0,6.6,93,4.9,0.0,1000.0,110.0
2025-12-07T13:00:00,46.5,38.5,625.0,7.2,91,3.1,0.0,999.5,105.0
2025-12-07T14:00:00,45.9,39.1,626.0,8.0,89,5.0,0.7,999.8,130.0
2025-12-07T15:00:00,46.1,48.2,640.0,7.5,92,4.2,0.3,999.4,80.0
2025-12-07T16:00:00,62.5,50.6,669.0,6.6,95,6.9,0.0,999.6,80.0
2025-12-07T17:00:00,56.0,55.1,759.0,5.7,95,7.8,0.0,999.7,100.0
2025-12-07T18:00:00,59.1,55.9,800.0,5.8,95,7.7,0.0,1000.1,75.0
2025-12-07T19:00:00,65.6,60.1,742.0,5.1,97,6.4,0.0,1000.2,55.0
2025-12-07T20:00:00,65.8,60.5,771.0,4.5,97,6.1,0.0,1000.6,65.0
2025-12-07T21:00:00,66.4,56.9,780.0,3.5,97,4.8,0.0,1000.6,55.0
2025-12-07T22:00:00,76.6,53.0,840.0,3.5,97,4.7,0.0,1000.6,45.0
2025-12-07T23:00:00,74.7,45.4,778.0,3.4,98,5.9,0.0,1001.0,60.0
2025-12-08T00:00:00,59.1,44.1,786.0,2.9,98,9.0,0.0,1001.1,60.0
2025-12-08T01:00:00,50.8,41.0,657.0,3.2,98,7.8,0.0,1001.1,80.0
2025-12-08T02:00:00,49.1,39.4,520.0,3.0,99,7.5,0.0,1001.5,75.0
2025-12-08T03:00:00,50.8,39.4,489.0,2.9,99,6.8,0.0,1001.4,80.0
2025-12-08T04:00:00,51.8,39.0,519.0,2.8,99,5.0,0.0,1001.5,55.0
2025-12-08T05:00:00,52.2,39.8,515.0,2.8,98,4.1,0.0,1001.6,45.0
2025-12-08T06:00:00,49.3,42.7,517.0,2.3,97,4.0,0.0,1001.9,35.0
2025-12-08T07:00:00,46.0,52.3,510.0,2.3,96,8.6,0.0,1002.5,65.0
2025-12-08T08:00:00,45.6,54.3,530.0,3.1,93,9.5,0.0,1003.3,105.0
2025-12-08T09:00:00,46.8,55.2,542.0,4.9,89,5.3,0.0,1004.1,115.0
2025-12-08T10:00:00,40.1,46.8,532.0,7.0,83,2.2,0.0,1004.8,130.0
2025-12-08T11:00:00,39.0,41.1,470.0,8.7,79,3.1,0.0,1004.9,160.0
2025-12-08T12:00:00,36.7,41.1,429.0,9.8,75,3.3,0.0,1004.5,180.0
2025-12-08T13:00:00,33.9,41.7,378.0,10.7,74,3.1,0.0,1003.9,145.0
2025-12-08T14:00:00,36.7,46.9,445.0,10.8,76,2.2,0.0,1003.9,135.0
2025-12-08T15:00:00,41.4,60.4,518.0,9.8,82,0.0,0.0,1004.5,10.0
2025-12-08T16:00:00,48.2,76.7,637.0,8.3,85,0.6,0.0,1004.9,15.0
2025-12-08T17:00:00,54.0,82.6,729.0,7.8,87,0.9,0.0,1005.2,15.0
2025-12-08T18:00:00,67.9,90.1,885.0,7.4,90,0.9,0.0,1005.5,15.0
2025-12-08T19:00:00,81.4,95.7,1084.0,7.0,92,3.2,0.0,1006.0,25.0
2025-12-08T20:00:00,100.0,92.1,1333.0,6.0,94,4.9,0.0,1006.4,35.0
2025-12-08T21:00:00,105.4,85.9,1390.0,5.3,95,4.2,0.0,1006.5,30.0
2025-12-08T22:00:00,115.1,78.3,1206.0,4.8,95,3.0,0.0,1006.4,20.0
2025-12-08T23:00:00,102.9,70.2,1229.0,4.6,96,1.2,0.0,1006.7,10.0
2025-12-09T00:00:00,98.4,66.5,1148.0,3.7,98,1.3,0.0,1007.0,10.0
2025-12-09T01:00:00,92.2,63.3,1132.0,3.4,99,4.3,0.0,1007.0,20.0
2025-12-09T02:00:00,87.0,63.9,1103.0,2.1,98,3.4,0.0,1006.8,15.0
2025-12-09T03:00:00,84.5,66.9,1032.0,1.7,99,1.2,0.0,1006.7,10.0
2025-12-09T04:00:00,81.0,64.1,973.0,1.5,100,4.2,0.0,1006.7,20.0
2025-12-09T05:00:00,86.2,63.6,1019.0,1.6,100,4.6,0.0,1006.6,30.0
2025-12-09T06:00:00,95.8,66.3,936.0,1.6,100,6.8,0.0,1006.9,30.0
2025-12-09T07:00:00,92.8,72.7,927.0,1.5,100,6.9,0.0,1007.1,55.0
2025-12-09T08:00:00,90.0,74.2,962.0,1.9,99,6.2,0.0,1007.5,60.0
2025-12-09T09:00:00,86.9,70.1,928.0,3.2,98,4.0,0.0,1007.8,55.0
2025-12-09T10:00:00,81.7,64.1,908.0,5.0,95,3.8,0.0,1008.0,70.0
2025-12-09T11:00:00,77.4,61.8,866.0,6.6,94,3.5,0.0,1007.9,110.0
2025-12-09T12:00:00,75.2,56.9,791.0,8.8,92,2.1,0.0,1006.9,115.0
2025-12-09T13:00:00,77.2,53.8,803.0,10.3,87,2.8,0.0,1006.5,155.0
2025-12-09T14:00:00,67.9,57.0,789.0,10.7,84,3.5,0.0,1006.2,165.0
2025-12-09T15:00:00,65.2,60.5,801.0,9.5,88,3.1,0.0,1006.0,80.0
2025-12-09T16:00:00,67.0,67.3,827.0,7.8,90,4.7,0.0,1006.0,45.0
2025-12-09T17:00:00,76.3,73.0,849.0,7.2,90,4.9,0.0,1006.1,40.0
2025-12-09T18:00:00,84.7,87.2,992.0,7.1,91,6.2,0.0,1006.4,40.0
2025-12-09T19:00:00,101.7,83.6,1039.0,6.9,90,5.0,0.0,1006.3,45.0
2025-12-09T20:00:00,106.8,76.7,1175.0,6.6,91,5.4,0.0,1006.1,40.0
2025-12-09T21:00:00,108.8,73.2,1263.0,6.4,92,6.0,0.0,1006.1,35.0
2025-12-09T22:00:00,106.2,67.2,1334.0,5.8,92,5.4,0.0,1005.8,35.0
2025-12-09T23:00:00,105.3,58.7,1168.0,6.0,91,7.8,0.0,1005.7,40.0
2025-12-10T00:00:00,96.1,54.9,1059.0,4.5,94,4.4,0.0,1005.7,35.0
2025-12-10T01:00:00,88.2,53.2,1099.0,5.1,93,4.0,0.0,1005.6,35.0
2025-12-10T02:00:00,81.6,46.4,993.0,5.1,92,2.9,0.0,1005.8,40.0
2025-12-10T03:00:00,73.5,44.5,863.0,5.6,91,6.5,0.0,1005.5,45.0
2025-12-10T04:00:00,69.1,42.9,761.0,5.2,93,4.2,0.0,1005.5,40.0
2025-12-10T05:00:00,64.5,45.7,677.0,4.5,94,2.8,0.0,1005.7,40.0
2025-12-10T06:00:00,61.5,46.2,617.0,4.4,93,2.9,0.0,1005.9,35.0
2025-12-10T07:00:00,61.4,54.6,605.0,4.2,94,2.7,0.0,1006.2,30.0
2025-12-10T08:00:00,56.7,58.9,596.0,5.4,90,4.4,0.0,1006.7,55.0
2025-12-10T09:00:00,55.6,59.2,608.0,6.5,92,3.1,0.0,1007.2,60.0
2025-12-10T10:00:00,53.2,61.3,617.0,7.7,89,3.6,0.0,1007.4,95.0
2025-12-10T11:00:00,49.9,60.0,617.0,9.0,85,3.4,0.0,1007.3,125.0
2025-12-10T12:00:00,44.8,55.5,527.0,9.4,86,3.3,0.0,1007.0,110.0
2025-12-10T13:00:00,42.7,51.7,513.0,9.8,84,4.2,0.0,1006.6,115.0
2025-12-10T14:00:00,43.8,55.4,489.0,9.8,84,3.5,0.0,1006.5,100.0
2025-12-10T15:00:00,47.6,61.8,545.0,9.8,85,3.8,0.0,1006.7,90.0
2025-12-10T16:00:00,50.2,69.3,675.0,8.7,88,4.7,0.0,1006.9,80.0
2025-12-10T17:00:00,57.1,69.7,812.0,7.8,90,4.5,0.0,1007.3,55.0
2025-12-10T18:00:00,66.1,77.3,850.0,7.5,90,5.3,0.0,1007.4,45.0
2025-12-10T19:00:00,86.2,78.0,944.0,6.8,91,4.9,0.0,1007.5,40.0
2025-12-10T20:00:00,95.1,76.2,1023.0,6.6,91,6.1,0.0,1007.7,40.0
2025-12-10T21:00:00,102.6,71.4,1111.0,6.3,92,6.9,0.0,1007.8,40.0
2025-12-10T22:00:00,107.4,71.8,1203.0,6.1,92,6.5,0.0,1007.5,35.0
2025-12-10T23:00:00,106.1,68.5,1242.0,6.0,94,5.9,0.0,1007.7,35.0
2025-12-11T00:00:00,89.7,59.8,1141.0,6.7,92,5.3,0.0,1007.6,40.0
2025-12-11T01:00:00,80.3,55.2,1042.0,6.7,92,4.6,0.0,1007.3,40.0
2025-12-11T02:00:00,76.6,50.0,1016.0,6.7,92,1.8,0.0,1007.2,30.0
2025-12-11T03:00:00,74.4,44.7,943.0,6.2,92,3.5,0.0,1006.9,35.0
2025-12-11T04:00:00,71.5,44.6,853.0,5.6,93,4.7,0.0,1006.5,40.0
2025-12-11T05:00:00,68.6,47.1,782.0,5.1,94,4.4,0.0,1006.6,40.0
2025-12-11T06:00:00,66.0,50.2,722.0,4.8,95,2.8,0.0,1006.6,35.0
2025-12-11T07:00:00,69.1,56.4,694.0,4.8,96,4.6,0.0,1006.9,55.0
2025-12-11T08:00:00,67.1,70.1,667.0,5.2,97,2.8,0.0,1007.1,40.0
2025-12-11T09:00:00,62.6,62.3,675.0,6.1,96,1.9,0.0,1007.4,55.0
2025-12-11T10:00:00,60.1,63.5,603.0,7.3,92,2.1,0.0,1007.4,75.0
2025-12-11T11:00:00,57.3,59.6,593.0,8.4,91,1.0,0.0,1007.2,105.0
2025-12-11T12:00:00,55.1,55.0,525.0,8.6,91,0.2,0.0,1006.8,100.0
2025-12-11T13:00:00,48.5,58.8,482.0,8.8,91,1.3,0.0,1006.5,115.0
2025-12-11T14:00:00,47.8,58.5,466.0,8.8,91,0.7,0.0,1006.3,105.0
2025-12-11T15:00:00,60.6,67.4,571.0,8.7,92,1.1,0.0,1006.2,60.0
2025-12-11T16:00:00,67.7,79.1,760.0,7.8,95,1.8,0.0,1006.4,40.0
2025-12-11T17:00:00,77.0,71.5,823.0,7.4,95,2.9,0.0,1006.6,35.0
2025-12-11T18:00:00,93.3,95.7,1013.0,7.4,96,6.6,0.0,1006.6,50.0
2025-12-11T19:00:00,105.0,98.9,1228.0,7.5,95,7.6,0.0,1007.0,80.0
2025-12-11T20:00:00,107.3,94.6,1230.0,7.7,94,6.6,0.0,1007.1,90.0
2025-12-11T21:00:00,112.7,91.8,1251.0,7.7,93,6.9,0.0,1007.0,70.0
2025-12-11T22:00:00,117.9,77.1,1332.0,7.5,93,8.2,0.0,1006.7,65.0
2025-12-11T23:00:00,122.3,70.4,1377.0,7.1,93,7.3,0.0,1006.4,60.0
2025-12-12T00:00:00,113.3,66.4,1148.0,6.8,95,6.5,0.0,1006.4,65.0
2025-12-12T01:00:00,103.8,59.7,1157.0,6.4,96,4.2,0.0,1006.3,55.0
2025-12-12T02:00:00,93.8,53.6,1118.0,6.0,96,6.6,0.0,1006.3,65.0
2025-12-12T03:00:00,80.8,48.3,993.0,5.6,97,8.5,0.0,1005.8,85.0
2025-12-12T04:00:00,73.6,47.2,920.0,5.0,97,7.4,0.0,1005.7,90.0
2025-12-12T05:00:00,67.8,45.0,785.0,4.6,97,6.3,0.0,1005.7,95.0
2025-12-12T06:00:00,65.8,45.2,691.0,3.8,98,6.7,0.0,1006.0,70.0
2025-12-12T07:00:00,59.2,49.1,640.0,3.1,97,4.9,0.0,1006.2,65.0
2025-12-12T08:00:00,56.3,48.0,634.0,4.0,97,6.7,0.0,1006.5,75.0
2025-12-12T09:00:00,56.3,47.0,602.0,5.3,94,4.0,0.0,1007.2,95.0
2025-12-12T10:00:00,53.0,41.6,536.0,6.7,92,3.4,0.0,1007.5,115.0
2025-12-12T11:00:00,50.2,36.2,463.0,8.4,86,3.3,0.0,1007.3,145.0
2025-12-12T12:00:00,47.8,34.0,468.0,10.1,81,3.0,0.0,1007.1,165.0
2025-12-12T13:00:00,49.9,38.2,475.0,11.1,78,2.3,0.0,1006.9,170.0
2025-12-12T14:00:00,42.8,47.4,475.0,11.2,78,1.3,0.0,1006.8,130.0
2025-12-12T15:00:00,51.9,57.5,517.0,10.3,84,0.6,0.0,1006.8,15.0
2025-12-12T16:00:00,54.8,69.2,572.0,8.9,86,0.7,0.0,1006.9,15.0
2025-12-12T17:00:00,59.6,74.7,692.0,8.2,89,0.6,0.0,1007.2,10.0
2025-12-12T18:00:00,65.9,85.3,805.0,7.3,92,3.1,0.0,1007.7,25.0
2025-12-12T19:00:00,80.7,100.5,991.0,6.5,93,2.7,0.0,1007.9,20.0
2025-12-12T20:00:00,95.9,86.4,1168.0,6.2,92,3.8,0.0,1008.2,20.0
2025-12-12T21:00:00,108.2,76.3,1291.0,5.7,92,5.1,0.0,1008.3,25.0
2025-12-12T22:00:00,110.2,70.2,1357.0,4.9,93,4.4,0.0,1008.3,30.0
2025-12-12T23:00:00,108.3,62.1,1226.0,4.2,94,4.5,0.0,1008.3,35.0
2025-12-13T00:00:00,100.5,55.8,1111.0,3.8,95,6.1,0.0,1008.7,35.0
2025-12-13T01:00:00,91.4,54.2,1051.0,3.8,94,5.4,0.0,1008.6,45.0
2025-12-13T02:00:00,90.7,56.0,887.0,3.5,94,5.3,0.0,1008.6,45.0
2025-12-13T03:00:00,85.8,51.7,864.0,3.1,95,6.2,0.0,1008.2,45.0
2025-12-13T04:00:00,74.8,49.0,765.0,2.6,97,7.2,0.0,1008.2,55.0
2025-12-13T05:00:00,61.7,46.5,693.0,2.3,98,6.3,0.0,1008.1,55.0
2025-12-13T06:00:00,51.0,43.8,633.0,1.4,99,6.1,0.0,1008.7,40.0
2025-12-13T07:00:00,47.0,43.2,593.0,1.2,99,5.2,0.0,1009.1,50.0
2025-12-13T08:00:00,45.2,43.3,593.0,2.4,97,7.9,0.0,1009.8,70.0
2025-12-13T09:00:00,44.9,39.8,567.0,3.9,96,5.8,0.0,1010.1,85.0
2025-12-13T10:00:00,40.0,35.3,542.0,5.7,90,5.1,0.0,1010.2,115.0
2025-12-13T11:00:00,37.9,32.0,485.0,7.6,85,4.7,0.0,1010.0,140.0
2025-12-13T12:00:00,36.5,30.3,492.0,9.5,81,3.8,0.0,1009.3,120.0
2025-12-13T13:00:00,36.0,31.7,470.0,10.6,77,4.0,0.0,1008.7,145.0
2025-12-13T14:00:00,37.9,32.4,479.0,10.8,77,3.8,0.0,1008.3,135.0
2025-12-13T15:00:00,40.6,35.6,497.0,9.5,85,3.5,0.0,1008.2,70.0
2025-12-13T16:00:00,45.7,48.5,547.0,7.7,87,5.0,0.0,1008.0,45.0
2025-12-13T17:00:00,55.5,63.0,650.0,7.0,87,5.9,0.0,1008.0,50.0
2025-12-13T18:00:00,64.2,71.1,799.0,6.5,88,7.4,0.0,1008.4,55.0
2025-12-13T19:00:00,71.8,77.2,866.0,6.2,88,6.3,0.0,1008.4,55.0
2025-12-13T20:00:00,77.3,73.4,899.0,5.8,87,6.0,0.0,1008.6,60.0
2025-12-13T21:00:00,85.2,61.3,927.0,5.3,88,6.0,0.0,1008.8,55.0
2025-12-13T22:00:00,90.3,51.3,993.0,4.9,88,6.9,0.0,1008.7,55.0
2025-12-13T23:00:00,89.2,52.1,833.0,4.4,89,7.5,0.0,1008.5,55.0
2025-12-14T00:00:00,78.2,52.3,828.0,2.8,96,7.0,0.0,1008.6,35.0
2025-12-14T01:00:00,73.7,51.1,798.0,2.9,96,7.5,0.0,1008.5,55.0
2025-12-14T02:00:00,75.0,51.3,757.0,2.5,98,7.7,0.0,1008.6,60.0
2025-12-14T03:00:00,73.9,52.5,722.0,2.0,100,7.3,0.0,1008.3,55.0
2025-12-14T04:00:00,74.6,48.5,670.0,1.6,100,6.5,0.0,1008.2,50.0
2025-12-14T05:00:00,73.5,46.9,636.0,1.1,100,5.7,0.0,1008.2,40.0
2025-12-14T06:00:00,70.0,46.0,654.0,0.6,98,4.3,0.0,1008.8,55.0
2025-12-14T07:00:00,63.7,47.1,686.0,0.2,99,5.2,0.0,1008.9,55.0
2025-12-14T08:00:00,58.9,38.0,692.0,0.6,99,5.6,0.0,1009.2,60.0
2025-12-14T09:00:00,57.2,40.9,650.0,1.9,97,6.1,0.0,1009.7,80.0
2025-12-14T10:00:00,56.9,42.5,633.0,3.5,93,4.5,0.0,1010.0,90.0
2025-12-14T11:00:00,56.9,38.9,590.0,5.5,88,3.1,0.0,1009.8,105.0
2025-12-14T12:00:00,56.0,43.6,593.0,7.1,90,3.1,0.0,1009.6,115.0
2025-12-14T13:00:00,56.7,44.1,605.0,8.5,83,1.9,0.0,1009.1,145.0
2025-12-14T14:00:00,59.4,53.4,582.0,8.9,82,1.4,0.0,1008.6,130.0
2025-12-14T15:00:00,61.4,59.9,664.0,8.1,88,1.1,0.0,1008.5,35.0
2025-12-14T16:00:00,63.7,64.6,775.0,6.8,90,0.4,0.0,1008.5,10.0
2025-12-14T17:00:00,67.3,65.1,847.0,6.2,92,0.2,0.0,1008.5,10.0
2025-12-14T18:00:00,81.1,64.7,910.0,5.1,99,0.4,0.0,1009.0,10.0
2025-12-14T19:00:00,95.4,63.6,997.0,4.8,99,0.6,0.0,1009.0,10.0
2025-12-14T20:00:00,106.2,62.3,1068.0,4.2,98,2.3,0.0,1009.2,15.0
2025-12-14T21:00:00,105.8,60.5,1025.0,3.8,99,0.7,0.0,1009.2,10.0
2025-12-14T22:00:00,106.1,58.7,976.0,3.1,100,1.0,0.0,1009.0,10.0
2025-12-14T23:00:00,105.7,53.3,960.0,2.8,100,3.8,0.0,1009.1,20.0
2025-12-15T00:00:00,105.1,51.5,947.0,2.1,100,2.1,0.0,1009.5,20.0
2025-12-15T01:00:00,97.3,49.9,943.0,2.1,100,2.1,0.0,1009.6,30.0
2025-12-15T02:00:00,91.8,48.2,922.0,1.8,100,1.7,0.0,1009.3,30.0
2025-12-15T03:00:00,89.5,49.3,901.0,1.7,100,0.7,0.0,1009.2,30.0
2025-12-15T04:00:00,93.9,48.8,887.0,1.4,100,2.2,0.0,1008.8,30.0
2025-12-15T05:00:00,98.7,48.5,874.0,1.5,100,2.4,0.0,1008.5,55.0
2025-12-15T06:00:00,102.3,51.9,888.0,1.3,100,4.1,0.0,1008.9,15.0
2025-12-15T07:00:00,108.8,56.1,997.0,1.5,100,3.9,0.0,1009.3,60.0
2025-12-15T08:00:00,115.7,61.4,1110.0,1.5,100,4.2,0.0,1009.6,85.0
2025-12-15T09:00:00,116.5,63.4,1002.0,1.9,100,3.3,0.0,1009.7,80.0
2025-12-15T10:00:00,100.1,60.9,978.0,3.1,98,1.3,0.0,1009.8,40.0
2025-12-15T11:00:00,90.0,57.5,990.0,4.1,92,1.8,0.0,1009.2,65.0
2025-12-15T12:00:00,85.6,57.1,935.0,5.1,95,3.1,0.0,1008.3,135.0
2025-12-15T13:00:00,86.4,59.9,762.0,5.9,91,2.1,0.0,1007.9,200.0
2025-12-15T14:00:00,99.8,65.2,706.0,6.1,90,1.5,0.0,1007.5,195.0
2025-12-15T15:00:00,95.3,65.8,754.0,5.9,91,1.5,0.0,1007.4,140.0
2025-12-15T16:00:00,86.9,84.6,825.0,4.9,96,0.7,0.0,1007.4,25.0
2025-12-15T17:00:00,112.3,91.7,1010.0,4.5,97,0.9,0.0,1007.5,20.0
2025-12-15T18:00:00,125.5,92.1,1080.0,4.9,100,3.2,0.0,1007.7,75.0
2025-12-15T19:00:00,135.7,88.9,1244.0,5.5,99,1.8,0.0,1008.0,50.0
2025-12-15T20:00:00,112.4,70.8,1177.0,5.5,98,5.9,0.0,1007.2,200.0
2025-12-15T21:00:00,110.3,68.6,1188.0,5.6,97,6.3,0.0,1006.9,190.0
2025-12-15T22:00:00,105.1,63.1,1214.0,5.5,97,6.5,0.0,1006.4,245.0
2025-12-15T23:00:00,97.0,58.0,1106.0,5.3,96,6.9,0.0,1006.2,275.0
2025-12-16T00:00:00,98.7,55.3,1011.0,4.7,99,4.8,0.0,1006.0,175.0
2025-12-16T01:00:00,83.6,52.6,820.0,4.6,99,7.0,0.0,1005.8,205.0
2025-12-16T02:00:00,77.3,49.6,792.0,4.5,98,8.1,0.0,1005.3,265.0
2025-12-16T03:00:00,76.4,48.3,829.0,4.6,98,7.0,0.0,1005.0,245.0
2025-12-16T04:00:00,75.4,49.5,862.0,4.7,97,7.6,0.5,1005.0,200.0
2025-12-16T05:00:00,69.8,50.5,856.0,4.9,97,9.3,0.9,1004.5,230.0
2025-12-16T06:00:00,62.9,50.2,782.0,4.9,95,6.6,1.0,1004.7,175.0
2025-12-16T07:00:00,59.1,58.1,697.0,5.2,95,8.1,0.7,1004.9,190.0
2025-12-16T08:00:00,57.3,63.2,678.0,5.4,95,8.7,0.9,1004.7,135.0
2025-12-16T09:00:00,52.1,62.5,682.0,5.7,95,7.9,1.1,1004.8,110.0
2025-12-16T10:00:00,49.9,60.4,633.0,6.1,94,9.7,1.2,1004.4,110.0
2025-12-16T11:00:00,41.9,62.2,554.0,7.2,92,7.6,0.6,1004.2,135.0
2025-12-16T12:00:00,35.8,62.9,489.0,6.2,98,7.4,0.7,1004.0,100.0
2025-12-16T13:00:00,32.7,62.8,436.0,6.4,98,7.9,1.3,1003.2,135.0
2025-12-16T14:00:00,28.2,62.2,383.0,6.6,96,4.5,2.4,1002.9,90.0
2025-12-16T15:00:00,21.6,59.9,364.0,6.7,95,7.7,2.0,1002.8,105.0
2025-12-16T16:00:00,18.4,60.7,377.0,6.9,94,7.7,1.5,1002.5,95.0
2025-12-16T17:00:00,21.8,65.3,413.0,6.9,94,8.8,1.6,1002.5,95.0
2025-12-16T18:00:00,28.6,69.0,505.0,7.2,93,10.4,2.0,1002.7,115.0
2025-12-16T19:00:00,35.6,71.2,620.0,7.2,94,7.1,1.8,1002.9,125.0
2025-12-16T20:00:00,40.6,70.4,693.0,7.3,94,6.0,1.4,1002.9,105.0
2025-12-16T21:00:00,41.7,65.7,712.0,7.5,92,3.1,1.7,1003.0,50.0
2025-12-16T22:00:00,39.9,60.2,699.0,7.6,92,3.8,2.4,1002.9,50.0
2025-12-16T23:00:00,36.1,56.0,637.0,7.7,92,8.5,1.8,1002.7,80.0
2025-12-17T00:00:00,19.6,43.0,419.0,7.6,93,9.4,2.1,1002.7,90.0
2025-12-17T01:00:00,16.3,34.7,343.0,7.6,93,8.0,1.3,1002.4,95.0
2025-12-17T02:00:00,11.9,25.3,315.0,7.6,94,6.4,1.4,1002.5,90.0
2025-12-17T03:00:00,8.1,21.6,246.0,7.4,94,4.4,1.3,1002.5,65.0
2025-12-17T04:00:00,7.3,23.8,227.0,7.3,95,4.6,1.1,1002.6,60.0
2025-12-17T05:00:00,8.4,32.7,231.0,7.3,94,3.7,0.8,1002.7,55.0
2025-12-17T06:00:00,12.1,52.5,260.0,7.7,94,8.2,0.6,1003.2,70.0
2025-12-17T07:00:00,14.3,67.0,371.0,7.9,94,7.5,0.5,1003.6,70.0
2025-12-17T08:00:00,16.5,75.5,426.0,7.9,94,2.3,0.4,1004.3,35.0
2025-12-17T09:00:00,16.0,61.7,378.0,8.2,95,6.9,0.2,1005.0,80.0
2025-12-17T10:00:00,18.0,48.8,338.0,8.5,95,6.9,0.1,1005.7,130.0
2025-12-17T11:00:00,18.4,43.1,322.0,8.6,96,5.0,0.2,1005.7,120.0
2025-12-17T12:00:00,16.2,43.2,287.0,8.9,95,4.5,0.1,1005.6,145.0
2025-12-17T13:00:00,16.1,39.5,290.0,9.2,94,3.9,0.1,1005.4,140.0
2025-12-17T14:00:00,17.3,38.1,321.0,9.3,94,3.3,0.1,1005.4,125.0
2025-12-17T15:00:00,22.2,55.8,417.0,9.0,96,2.2,0.0,1005.7,75.0
2025-12-17T16:00:00,28.0,66.8,493.0,8.2,98,3.6,0.0,1006.0,45.0
2025-12-17T17:00:00,41.0,70.8,682.0,8.0,99,3.2,0.0,1006.7,55.0
2025-12-17T18:00:00,67.8,74.3,848.0,8.6,99,3.6,0.2,1007.0,60.0
2025-12-17T19:00:00,65.0,70.5,947.0,8.9,99,4.9,0.4,1007.5,90.0
2025-12-17T20:00:00,59.1,64.6,967.0,8.9,98,4.7,0.4,1008.0,125.0
2025-12-17T21:00:00,62.6,65.9,993.0,8.7,99,3.1,0.1,1008.6,95.0
2025-12-17T22:00:00,68.1,66.0,1047.0,8.6,99,2.4,0.0,1009.0,55.0
2025-12-17T23:00:00,74.9,64.6,1069.0,8.6,99,0.5,0.0,1008.9,20.0
2025-12-18T00:00:00,83.3,57.4,1021.0,8.4,100,4.5,0.0,1009.3,45.0
2025-12-18T01:00:00,81.9,55.6,1025.0,8.4,100,4.2,0.0,1009.6,85.0
2025-12-18T02:00:00,79.2,51.5,940.0,8.4,100,2.6,0.0,1009.9,85.0
2025-12-18T03:00:00,89.8,49.4,884.0,8.3,100,4.2,0.0,1009.8,95.0
2025-12-18T04:00:00,81.6,50.5,913.0,8.1,100,3.9,0.0,1009.8,50.0
2025-12-18T05:00:00,71.3,52.3,932.0,8.1,100,4.1,0.0,1010.3,50.0
2025-12-18T06:00:00,67.9,58.7,952.0,7.9,100,3.3,0.0,1010.7,55.0
2025-12-18T07:00:00,69.2,59.9,987.0,8.1,100,1.9,0.0,1011.1,25.0
2025-12-18T08:00:00,58.8,70.2,1025.0,8.3,99,3.0,0.0,1011.7,40.0
2025-12-18T09:00:00,56.5,69.4,1037.0,8.7,99,2.5,0.0,1012.2,40.0
2025-12-18T10:00:00,55.7,65.9,894.0,9.3,95,2.3,0.0,1012.1,80.0
2025-12-18T11:00:00,52.6,54.4,828.0,9.8,93,2.6,0.0,1011.5,160.0
2025-12-18T12:00:00,50.4,61.0,776.0,9.8,95,3.8,0.0,1011.1,165.0
2025-12-18T13:00:00,49.6,58.8,783.0,10.1,93,2.7,0.0,1010.8,230.0
2025-12-18T14:00:00,54.9,64.8,669.0,10.2,90,2.7,0.0,1010.8,255.0
2025-12-18T15:00:00,62.8,67.1,652.0,10.2,88,1.9,0.0,1010.8,110.0
2025-12-18T16:00:00,74.5,71.4,669.0,9.7,91,0.7,0.0,1010.8,35.0
2025-12-18T17:00:00,73.3,80.4,816.0,9.5,92,1.7,0.0,1011.1,40.0
2025-12-18T18:00:00,81.8,94.1,991.0,8.9,96,1.3,0.0,1011.4,20.0
2025-12-18T19:00:00,79.6,97.9,1098.0,8.9,97,0.4,0.0,1011.4,10.0
2025-12-18T20:00:00,76.0,90.9,813.0,9.0,97,0.2,0.0,1011.5,10.0
2025-12-18T21:00:00,73.0,80.1,784.0,9.3,97,3.1,0.0,1011.6,30.0
2025-12-18T22:00:00,63.0,72.8,776.0,9.1,97,5.2,0.0,1011.3,55.0
2025-12-18T23:00:00,57.1,64.0,764.0,9.0,97,4.8,0.0,1011.4,60.0
2025-12-19T00:00:00,64.3,62.2,835.0,9.0,98,2.7,0.0,1011.5,35.0
2025-12-19T01:00:00,65.0,58.6,768.0,9.1,97,2.4,0.0,1011.1,35.0
2025-12-19T02:00:00,71.8,55.2,677.0,9.0,98,0.4,0.0,1011.0,15.0
2025-12-19T03:00:00,80.0,52.1,630.0,8.8,99,1.8,0.0,1010.5,30.0
2025-12-19T04:00:00,76.6,51.8,620.0,8.5,100,1.3,0.0,1010.2,20.0
2025-12-19T05:00:00,74.0,52.7,649.0,7.8,100,1.3,0.0,1010.0,25.0
2025-12-19T06:00:00,73.4,54.3,691.0,8.1,100,1.5,0.0,1010.3,30.0
2025-12-19T07:00:00,69.5,58.4,751.0,8.5,100,1.0,0.0,1010.3,30.0
2025-12-19T08:00:00,68.6,78.3,822.0,8.5,98,2.3,0.0,1010.4,55.0
2025-12-19T09:00:00,68.6,74.7,775.0,8.7,98,0.6,0.0,1010.7,15.0
2025-12-19T10:00:00,69.7,67.5,689.0,9.2,97,1.3,0.0,1010.5,60.0
2025-12-19T11:00:00,55.3,57.8,603.0,9.9,95,3.3,0.0,1010.1,140.0
2025-12-19T12:00:00,56.6,50.9,546.0,10.7,89,4.8,0.0,1008.9,315.0
2025-12-19T13:00:00,49.1,44.5,504.0,11.5,84,4.8,0.0,1008.5,385.0
2025-12-19T14:00:00,45.4,41.5,473.0,11.7,82,3.3,0.0,1008.2,395.0
2025-12-19T15:00:00,46.3,48.4,497.0,10.8,87,1.1,0.0,1007.8,30.0
2025-12-19T16:00:00,51.1,66.7,531.0,9.5,90,1.3,0.0,1007.6,20.0
2025-12-19T17:00:00,55.4,79.0,592.0,9.7,90,0.4,0.0,1007.4,10.0
2025-12-19T18:00:00,65.8,84.5,687.0,10.3,91,0.5,0.0,1007.4,15.0
2025-12-19T19:00:00,67.1,76.7,798.0,9.9,94,2.3,0.0,1007.4,30.0
2025-12-19T20:00:00,65.2,73.7,923.0,9.6,95,1.5,0.0,1007.5,20.0
2025-12-19T21:00:00,71.6,73.9,1032.0,9.5,96,1.5,0.0,1007.2,20.0
2025-12-19T22:00:00,81.5,72.4,1049.0,9.5,97,2.0,0.0,1006.8,25.0
2025-12-19T23:00:00,94.4,73.3,1064.0,9.4,97,2.6,0.0,1006.4,30.0
2025-12-20T00:00:00,86.7,62.0,1144.0,9.4,99,1.3,0.1,1006.0,25.0
2025-12-20T01:00:00,87.0,64.3,1180.0,9.3,100,1.2,0.1,1005.6,30.0
2025-12-20T02:00:00,87.5,59.4,1148.0,9.3,100,2.2,0.0,1005.4,35.0
2025-12-20T03:00:00,85.6,55.9,1069.0,9.2,100,1.4,0.0,1004.9,20.0
2025-12-20T04:00:00,77.7,54.2,951.0,9.3,100,2.0,0.0,1004.1,35.0
2025-12-20T05:00:00,75.5,53.6,916.0,9.3,100,1.5,0.0,1003.8,20.0
2025-12-20T06:00:00,76.3,54.0,885.0,9.5,100,0.5,0.0,1003.9,10.0
2025-12-20T07:00:00,75.3,55.4,901.0,9.5,100,1.3,0.0,1004.0,15.0
2025-12-20T08:00:00,77.2,52.4,913.0,9.5,100,4.0,0.0,1003.9,70.0
2025-12-20T09:00:00,75.6,51.3,860.0,9.6,98,4.1,0.0,1003.9,95.0
2025-12-20T10:00:00,72.0,51.0,807.0,9.6,98,2.8,0.1,1003.9,70.0
2025-12-20T11:00:00,66.3,50.7,706.0,9.7,98,2.2,0.1,1003.3,65.0
2025-12-20T12:00:00,65.5,49.1,692.0,10.0,93,1.5,0.0,1002.5,205.0
2025-12-20T13:00:00,63.3,52.0,653.0,10.4,89,3.2,0.0,1001.8,305.0
2025-12-20T14:00:00,61.7,53.0,658.0,10.4,88,2.2,0.0,1001.3,290.0
2025-12-20T15:00:00,61.5,53.1,600.0,10.1,89,2.7,0.0,1000.8,135.0
2025-12-20T16:00:00,64.4,56.0,611.0,8.7,93,2.8,0.0,1000.4,45.0
2025-12-20T17:00:00,64.0,61.4,671.0,8.7,93,2.6,0.0,1000.1,35.0
2025-12-20T18:00:00,69.3,63.2,835.0,7.9,96,3.7,0.0,1000.0,30.0
2025-12-20T19:00:00,76.3,68.7,1067.0,8.5,94,3.9,0.0,1000.0,40.0
2025-12-20T20:00:00,91.1,65.7,1102.0,8.0,95,3.9,0.0,1000.0,35.0
2025-12-20T21:00:00,106.3,67.1,1129.0,7.8,97,4.2,0.0,999.8,35.0
2025-12-20T22:00:00,106.5,66.7,1125.0,7.6,98,4.5,0.0,999.7,55.0
2025-12-20T23:00:00,100.9,65.1,1086.0,7.3,99,4.4,0.0,999.3,55.0
2025-12-21T00:00:00,86.0,63.9,1000.0,7.9,99,2.1,0.0,999.6,15.0
2025-12-21T01:00:00,80.8,64.3,969.0,8.2,99,3.1,0.0,999.5,55.0
2025-12-21T02:00:00,74.7,61.9,954.0,8.2,100,3.8,0.0,999.3,70.0
2025-12-21T03:00:00,72.4,56.3,889.0,8.1,100,3.0,0.0,999.1,50.0
2025-12-21T04:00:00,69.4,55.7,877.0,7.7,100,0.9,0.0,999.0,20.0
2025-12-21T05:00:00,69.2,55.1,836.0,7.6,100,2.2,0.0,998.8,30.0
2025-12-21T06:00:00,77.6,55.0,813.0,7.2,99,4.4,0.0,998.9,50.0
2025-12-21T07:00:00,80.2,55.8,789.0,7.0,99,3.9,0.0,999.0,65.0
2025-12-21T08:00:00,73.5,44.1,724.0,7.2,98,5.9,0.0,999.2,110.0
2025-12-21T09:00:00,81.7,42.8,724.0,7.8,94,4.8,0.0,999.3,130.0
2025-12-21T10:00:00,81.0,46.2,656.0,8.7,92,4.7,0.0,999.4,225.0
2025-12-21T11:00:00,68.9,43.6,544.0,9.3,86,5.6,0.0,999.1,315.0
2025-12-21T12:00:00,60.4,40.9,491.0,9.2,84,5.6,0.0,998.3,360.0
2025-12-21T13:00:00,57.1,35.8,439.0,9.8,80,4.5,0.0,998.0,430.0
2025-12-21T14:00:00,50.8,34.4,410.0,9.8,81,4.5,0.0,997.9,455.0
2025-12-21T15:00:00,50.9,40.3,440.0,9.1,87,2.0,0.0,997.9,210.0
2025-12-21T16:00:00,52.8,48.2,452.0,7.8,90,2.9,0.0,997.9,80.0
2025-12-21T17:00:00,55.3,51.6,482.0,7.4,92,3.5,0.0,998.0,95.0
2025-12-21T18:00:00,58.0,51.2,509.0,7.6,91,5.0,0.0,998.0,155.0
2025-12-21T19:00:00,57.2,50.4,506.0,7.8,91,5.9,0.0,998.2,205.0
2025-12-21T20:00:00,57.2,45.9,509.0,7.7,92,6.0,0.0,998.5,170.0
2025-12-21T21:00:00,60.8,42.0,485.0,7.4,93,4.8,0.0,998.8,125.0
2025-12-21T22:00:00,56.8,39.9,457.0,7.2,93,4.7,0.0,998.7,105.0
2025-12-21T23:00:00,53.7,36.0,423.0,6.7,93,4.5,0.0,998.4,85.0
2025-12-22T00:00:00,58.1,38.2,473.0,6.7,92,3.5,0.0,998.4,40.0
2025-12-22T01:00:00,62.6,39.5,467.0,7.5,89,4.0,0.0,998.1,65.0
2025-12-22T02:00:00,63.4,37.7,462.0,7.5,90,3.3,0.0,998.0,70.0
2025-12-22T03:00:00,51.4,36.6,506.0,7.7,88,6.2,0.0,997.6,90.0
2025-12-22T04:00:00,49.1,37.0,462.0,7.4,87,5.8,0.0,997.4,90.0
2025-12-22T05:00:00,50.1,39.4,479.0,6.8,89,3.9,0.0,997.4,80.0
2025-12-22T06:00:00,52.8,40.7,485.0,6.9,91,3.2,0.0,997.5,55.0
2025-12-22T07:00:00,55.7,57.2,504.0,6.8,91,3.6,0.0,997.7,55.0
2025-12-22T08:00:00,56.7,63.2,518.0,7.5,89,5.0,0.1,998.0,80.0
2025-12-22T09:00:00,49.3,60.2,509.0,7.9,90,5.1,0.0,998.3,130.0
2025-12-22T10:00:00,44.2,53.9,451.0,8.4,84,4.9,0.0,998.6,245.0
2025-12-22T11:00:00,40.1,54.3,389.0,8.8,80,5.0,0.0,998.2,280.0
2025-12-22T12:00:00,39.2,54.8,350.0,9.2,78,2.7,0.0,997.6,200.0
2025-12-22T13:00:00,43.5,57.8,355.0,9.7,75,4.2,0.0,997.2,295.0
2025-12-22T14:00:00,46.7,58.8,362.0,9.8,76,3.6,0.0,996.9,285.0
2025-12-22T15:00:00,46.8,57.2,374.0,9.1,84,0.7,0.0,996.7,20.0
2025-12-22T16:00:00,50.4,73.4,480.0,8.3,86,1.3,0.0,996.9,25.0
2025-12-22T17:00:00,58.1,79.6,549.0,8.7,82,5.2,0.0,997.0,235.0
2025-12-22T18:00:00,64.9,80.9,698.0,8.4,84,2.7,0.0,997.3,275.0
2025-12-22T19:00:00,69.4,79.4,721.0,7.8,84,3.6,0.0,997.4,75.0
2025-12-22T20:00:00,71.6,80.3,787.0,8.0,84,6.4,0.0,997.4,115.0
2025-12-22T21:00:00,65.8,79.3,790.0,7.7,85,6.6,0.0,997.1,85.0
2025-12-22T22:00:00,65.7,75.7,725.0,7.8,85,6.2,0.0,996.6,75.0
2025-12-22T23:00:00,65.0,69.9,692.0,7.8,85,6.2,0.0,996.2,65.0
2025-12-23T00:00:00,66.6,60.2,601.0,7.7,87,4.7,0.0,996.3,45.0
2025-12-23T01:00:00,68.9,57.3,645.0,7.5,89,3.9,0.2,996.2,40.0
2025-12-23T02:00:00,75.3,49.7,695.0,7.4,91,5.0,0.3,996.0,45.0
2025-12-23T03:00:00,57.4,47.5,709.0,7.4,92,6.0,0.0,995.6,50.0
2025-12-23T04:00:00,61.1,44.9,632.0,7.5,91,6.5,0.0,995.1,60.0
2025-12-23T05:00:00,64.4,43.6,609.0,7.5,91,4.9,0.0,994.7,60.0
2025-12-23T06:00:00,56.5,51.3,566.0,7.6,91,5.0,0.0,995.1,70.0
2025-12-23T07:00:00,57.6,66.0,656.0,7.3,94,6.0,1.0,995.2,70.0
2025-12-23T08:00:00,56.1,73.3,680.0,7.3,93,8.3,1.6,995.2,85.0
2025-12-23T09:00:00,52.3,65.8,643.0,7.7,90,7.3,0.2,995.5,90.0
2025-12-23T10:00:00,48.8,63.1,587.0,8.4,88,5.9,0.0,995.6,95.0
2025-12-23T11:00:00,45.6,74.4,518.0,8.5,89,4.8,0.0,995.2,80.0
2025-12-23T12:00:00,44.1,65.8,443.0,7.9,91,6.2,0.0,994.9,105.0
2025-12-23T13:00:00,41.6,69.2,423.0,8.5,89,5.7,0.1,994.5,105.0
2025-12-23T14:00:00,38.1,66.5,390.0,8.5,88,6.0,0.0,994.2,110.0
2025-12-23T15:00:00,35.0,68.6,444.0,8.4,89,4.1,0.0,994.0,75.0
2025-12-23T16:00:00,41.8,78.3,541.0,8.1,91,3.0,0.0,993.8,40.0
2025-12-23T17:00:00,51.5,85.0,721.0,7.8,93,2.4,0.0,993.7,35.0
2025-12-23T18:00:00,57.9,84.9,800.0,8.2,94,6.8,0.0,993.8,70.0
2025-12-23T19:00:00,65.1,86.0,862.0,8.3,94,6.8,0.0,993.7,75.0
2025-12-23T20:00:00,69.8,86.4,960.0,8.2,93,5.9,0.0,993.4,65.0
2025-12-23T21:00:00,67.6,84.6,915.0,7.5,94,3.3,0.0,993.1,55.0
2025-12-23T22:00:00,67.3,79.9,838.0,6.5,95,1.8,0.0,992.6,20.0
2025-12-23T23:00:00,64.4,69.3,816.0,5.9,98,2.3,0.0,992.3,20.0
2025-12-24T00:00:00,65.1,61.3,761.0,7.6,93,7.6,0.0,992.0,50.0
2025-12-24T01:00:00,62.5,58.1,704.0,7.7,93,8.8,0.0,991.4,80.0
2025-12-24T02:00:00,65.6,57.5,675.0,7.7,92,9.4,0.0,991.1,115.0
2025-12-24T03:00:00,63.1,54.1,706.0,7.3,91,6.9,0.0,990.5,80.0
2025-12-24T04:00:00,64.0,50.8,740.0,6.4,91,2.1,0.0,990.0,50.0
2025-12-24T05:00:00,63.4,50.1,742.0,5.6,92,3.4,0.0,989.2,40.0
2025-12-24T06:00:00,60.9,53.8,705.0,6.3,92,7.6,0.0,989.1,40.0
2025-12-24T07:00:00,59.5,57.8,689.0,5.6,94,9.3,0.0,990.0,135.0
2025-12-24T08:00:00,57.6,60.3,623.0,7.3,93,9.3,0.0,990.7,335.0
2025-12-24T09:00:00,36.2,47.5,394.0,8.0,89,14.5,0.1,991.6,620.0
2025-12-24T10:00:00,27.0,35.6,272.0,7.8,86,16.1,0.2,992.0,785.0
2025-12-24T11:00:00,15.2,19.9,217.0,7.1,86,18.4,0.7,992.1,915.0
2025-12-24T12:00:00,9.9,14.0,214.0,7.2,91,17.1,0.2,991.5,840.0
2025-12-24T13:00:00,8.2,13.6,206.0,6.6,89,20.9,0.7,991.6,770.0
2025-12-24T14:00:00,7.9,18.5,196.0,6.1,89,20.2,0.5,992.1,720.0
2025-12-24T15:00:00,8.1,23.5,226.0,5.7,89,19.2,0.7,992.9,645.0
2025-12-24T16:00:00,11.2,31.1,276.0,5.6,91,18.2,0.7,993.6,700.0
2025-12-24T17:00:00,12.6,40.8,296.0,5.6,91,16.5,0.9,994.2,735.0
2025-12-24T18:00:00,16.8,47.3,317.0,5.9,89,11.8,0.9,995.1,565.0
2025-12-24T19:00:00,19.5,54.8,370.0,5.7,92,8.2,0.5,995.9,510.0
2025-12-24T20:00:00,25.3,57.1,496.0,5.7,92,4.9,0.3,997.0,685.0
2025-12-24T21:00:00,26.8,56.0,551.0,5.6,92,4.4,0.6,998.1,700.0
2025-12-24T22:00:00,27.9,48.5,471.0,5.6,94,5.4,0.5,998.8,85.0
2025-12-24T23:00:00,25.3,41.3,424.0,5.5,96,8.9,0.6,999.6,125.0
2025-12-25T00:00:00,24.3,41.8,543.0,5.3,95,7.3,0.5,1000.3,160.0
2025-12-25T01:00:00,22.4,38.8,462.0,5.3,94,6.4,0.8,1000.9,260.0
2025-12-25T02:00:00,20.9,36.4,385.0,5.5,90,7.6,0.2,1001.4,230.0
2025-12-25T03:00:00,20.2,32.3,356.0,5.3,93,6.2,0.2,1001.8,175.0
2025-12-25T04:00:00,20.3,30.6,343.0,5.3,93,5.7,0.3,1002.1,115.0
2025-12-25T05:00:00,21.6,37.7,360.0,5.2,95,3.1,0.2,1002.7,70.0
2025-12-25T06:00:00,20.1,37.6,347.0,5.3,96,5.5,0.1,1003.7,55.0
2025-12-25T07:00:00,18.3,39.8,329.0,5.4,95,4.8,0.1,1004.2,40.0
2025-12-25T08:00:00,13.9,50.8,284.0,5.5,94,5.1,0.1,1004.8,40.0
2025-12-25T09:00:00,13.5,46.0,279.0,6.0,93,4.3,0.1,1005.2,50.0
2025-12-25T10:00:00,16.2,40.1,288.0,6.8,83,3.1,0.0,1005.4,195.0
2025-12-25T11:00:00,13.2,39.6,278.0,7.3,80,2.5,0.0,1005.5,270.0
2025-12-25T12:00:00,12.5,34.3,253.0,5.8,93,4.1,0.0,1005.4,155.0
2025-12-25T13:00:00,13.6,33.9,257.0,6.3,90,3.3,0.0,1005.3,180.0
2025-12-25T14:00:00,14.9,40.6,264.0,6.4,90,4.3,0.0,1005.3,235.0
2025-12-25T15:00:00,15.4,42.0,283.0,6.5,90,3.6,0.0,1005.9,210.0
2025-12-25T16:00:00,17.4,52.7,325.0,6.1,92,3.2,0.2,1006.0,155.0
2025-12-25T17:00:00,25.2,57.6,400.0,5.8,95,6.6,0.3,1006.4,165.0
2025-12-25T18:00:00,33.8,59.2,501.0,5.7,96,6.2,0.3,1006.7,190.0
2025-12-25T19:00:00,41.5,61.3,631.0,5.9,93,8.9,0.0,1006.9,180.0
2025-12-25T20:00:00,50.2,60.8,721.0,6.1,91,9.6,0.0,1007.3,195.0
2025-12-25T21:00:00,55.4,54.8,808.0,6.1,89,10.4,0.0,1007.6,160.0
2025-12-25T22:00:00,55.2,54.3,649.0,6.1,87,10.3,0.0,1007.8,115.0
2025-12-25T23:00:00,44.6,48.9,537.0,6.0,89,7.4,0.0,1008.3,80.0
2025-12-26T00:00:00,37.0,46.0,570.0,5.8,94,4.2,0.0,1008.8,35.0
2025-12-26T01:00:00,38.2,42.0,487.0,5.9,93,4.7,0.1,1008.9,40.0
2025-12-26T02:00:00,36.2,39.3,442.0,5.8,91,5.6,0.0,1009.3,70.0
2025-12-26T03:00:00,27.2,27.1,379.0,4.9,93,3.3,0.0,1009.4,35.0
2025-12-26T04:00:00,21.4,23.6,309.0,4.6,91,1.8,0.0,1009.4,20.0
2025-12-26T05:00:00,19.9,25.5,278.0,3.8,87,2.2,0.0,1009.3,30.0
2025-12-26T06:00:00,20.5,31.4,315.0,3.7,91,1.8,0.0,1009.7,20.0
2025-12-26T07:00:00,22.4,53.7,328.0,3.1,89,2.2,0.0,1010.3,30.0
2025-12-26T08:00:00,24.6,59.0,391.0,3.8,87,2.6,0.0,1010.5,20.0
2025-12-26T09:00:00,19.5,53.7,338.0,4.9,83,3.1,0.0,1010.9,130.0
2025-12-26T10:00:00,17.3,40.9,274.0,5.9,78,1.1,0.0,1010.7,175.0
2025-12-26T11:00:00,17.2,31.4,249.0,6.9,73,1.3,0.0,1010.2,290.0
2025-12-26T12:00:00,14.6,26.4,240.0,7.2,70,0.9,0.0,1009.9,410.0
2025-12-26T13:00:00,16.2,25.9,246.0,7.8,69,0.0,0.0,1009.2,465.0
2025-12-26T14:00:00,17.6,29.6,261.0,7.7,70,2.0,0.0,1008.9,435.0
2025-12-26T15:00:00,17.8,43.2,297.0,7.0,77,3.1,0.0,1009.2,180.0
2025-12-26T16:00:00,21.4,62.2,352.0,5.4,83,3.2,0.0,1009.2,60.0
2025-12-26T17:00:00,31.6,71.6,487.0,5.0,84,2.6,0.0,1009.3,40.0
2025-12-26T18:00:00,41.2,88.3,562.0,5.8,84,1.1,0.0,1009.7,30.0
2025-12-26T19:00:00,55.9,97.4,631.0,5.3,88,3.4,0.0,1010.2,35.0
2025-12-26T20:00:00,71.0,96.6,760.0,4.5,90,3.2,0.0,1010.7,30.0
2025-12-26T21:00:00,74.7,81.2,910.0,4.3,91,4.5,0.0,1011.2,40.0
2025-12-26T22:00:00,72.3,66.3,891.0,3.8,94,4.3,0.0,1011.4,45.0
2025-12-26T23:00:00,76.7,64.8,942.0,3.6,95,5.0,0.0,1011.7,45.0
2025-12-27T00:00:00,71.2,51.6,858.0,3.5,93,3.8,0.0,1011.7,35.0
2025-12-27T01:00:00,65.2,47.3,788.0,3.3,94,3.5,0.0,1011.9,30.0
2025-12-27T02:00:00,57.8,43.0,712.0,3.1,95,4.3,0.0,1011.9,30.0
2025-12-27T03:00:00,50.6,38.7,602.0,2.7,94,8.3,0.0,1011.7,45.0
2025-12-27T04:00:00,43.0,34.4,458.0,2.2,95,7.3,0.0,1011.3,50.0
2025-12-27T05:00:00,38.7,34.0,434.0,1.6,95,7.0,0.0,1010.6,55.0
2025-12-27T06:00:00,38.0,38.5,419.0,1.7,97,8.1,0.0,1010.8,60.0
2025-12-27T07:00:00,43.0,40.1,457.0,1.3,99,7.2,0.0,1011.0,75.0
2025-12-27T08:00:00,46.5,36.4,539.0,1.8,99,8.1,0.0,1011.3,100.0
2025-12-27T09:00:00,38.6,25.4,489.0,3.1,93,6.9,0.0,1011.4,135.0
2025-12-27T10:00:00,36.5,23.5,410.0,4.6,90,5.2,0.0,1011.1,175.0
2025-12-27T11:00:00,33.8,22.8,351.0,6.3,84,5.5,0.0,1010.6,225.0
2025-12-27T12:00:00,30.6,22.9,316.0,7.6,77,6.1,0.0,1010.0,220.0
2025-12-27T13:00:00,29.5,24.4,299.0,8.7,73,5.4,0.0,1009.2,235.0
2025-12-27T14:00:00,30.0,30.3,323.0,9.0,72,3.8,0.0,1008.7,220.0
2025-12-27T15:00:00,31.1,35.7,369.0,7.8,82,3.2,0.0,1008.1,85.0
2025-12-27T16:00:00,33.0,40.7,410.0,6.2,82,5.5,0.0,1007.6,60.0
2025-12-27T17:00:00,38.5,50.6,500.0,5.7,81,7.5,0.0,1007.2,75.0
2025-12-27T18:00:00,47.0,52.7,537.0,5.3,85,8.0,0.0,1007.2,70.0
2025-12-27T19:00:00,56.0,55.1,616.0,4.7,86,9.5,0.0,1006.9,100.0
2025-12-27T20:00:00,62.5,57.3,764.0,4.1,87,9.9,0.0,1006.4,105.0
2025-12-27T21:00:00,60.4,56.3,844.0,3.6,88,10.6,0.0,1006.0,110.0
2025-12-27T22:00:00,60.7,54.4,851.0,3.4,86,10.6,0.0,1005.2,115.0
2025-12-27T23:00:00,59.0,50.7,806.0,3.3,86,10.5,0.0,1004.4,115.0
2025-12-28T00:00:00,55.3,51.7,729.0,2.1,91,10.0,0.0,1003.7,75.0
2025-12-28T01:00:00,51.6,40.0,633.0,1.9,92,9.4,0.0,1003.3,90.0
2025-12-28T02:00:00,49.6,38.8,524.0,1.5,91,10.4,0.0,1002.4,90.0
2025-12-28T03:00:00,48.0,38.3,531.0,1.0,91,10.4,0.0,1002.0,95.0
2025-12-28T04:00:00,45.7,37.4,479.0,0.9,89,9.9,0.0,1001.4,75.0
2025-12-28T05:00:00,44.0,36.8,484.0,0.9,87,7.8,0.0,1000.8,60.0
2025-12-28T06:00:00,46.9,39.5,477.0,0.2,90,6.8,0.0,1000.9,50.0
2025-12-28T07:00:00,43.4,41.4,474.0,0.3,89,4.7,0.0,1001.1,65.0
2025-12-28T08:00:00,41.7,45.4,372.0,0.2,92,7.1,0.0,1001.3,65.0
2025-12-28T09:00:00,44.6,43.5,427.0,1.4,91,6.9,0.0,1001.7,75.0
2025-12-28T10:00:00,49.6,40.1,445.0,3.7,89,2.5,0.0,1001.9,75.0
2025-12-28T11:00:00,53.9,39.9,441.0,5.9,80,2.4,0.0,1002.3,95.0
2025-12-28T12:00:00,43.3,33.2,436.0,8.3,73,1.5,0.0,1001.8,165.0
2025-12-28T13:00:00,44.9,33.5,405.0,8.9,73,4.9,0.0,1002.0,225.0
2025-12-28T14:00:00,45.4,35.4,416.0,8.9,74,3.6,0.0,1002.1,160.0
2025-12-28T15:00:00,45.1,40.8,429.0,8.0,81,5.0,0.0,1002.7,165.0
2025-12-28T16:00:00,49.0,47.1,502.0,6.2,84,5.2,0.0,1003.1,100.0
2025-12-28T17:00:00,54.9,59.6,697.0,5.8,83,6.1,0.0,1003.7,75.0
2025-12-28T18:00:00,62.1,71.6,839.0,5.3,81,5.6,0.0,1004.4,55.0
2025-12-28T19:00:00,67.7,75.0,847.0,4.7,82,4.7,0.0,1005.1,30.0
2025-12-28T20:00:00,76.7,64.4,949.0,4.2,84,4.0,0.0,1005.8,25.0
2025-12-28T21:00:00,77.1,57.9,920.0,3.6,86,3.6,0.0,1006.2,25.0
2025-12-28T22:00:00,72.3,51.8,824.0,3.1,87,2.5,0.0,1006.1,20.0
2025-12-28T23:00:00,74.1,51.9,840.0,2.3,89,2.1,0.0,1005.8,15.0
2025-12-29T00:00:00,69.1,53.2,855.0,2.3,87,3.7,0.0,1005.7,25.0
2025-12-29T01:00:00,69.9,49.7,822.0,2.1,89,6.1,0.0,1005.8,60.0
2025-12-29T02:00:00,69.3,47.5,787.0,1.4,93,6.7,0.0,1006.2,65.0
2025-12-29T03:00:00,69.3,45.1,769.0,0.7,96,7.3,0.0,1006.0,65.0
2025-12-29T04:00:00,66.2,43.6,729.0,0.5,96,7.3,0.0,1005.5,70.0
2025-12-29T05:00:00,64.1,43.3,714.0,0.6,93,6.4,0.0,1004.7,75.0
2025-12-29T06:00:00,63.8,48.6,709.0,0.5,93,6.7,0.0,1004.4,75.0
2025-12-29T07:00:00,65.7,54.7,691.0,0.1,94,7.4,0.0,1004.3,90.0
2025-12-29T08:00:00,74.1,49.7,669.0,0.4,93,9.1,0.0,1004.3,115.0
2025-12-29T09:00:00,67.8,39.9,625.0,1.5,94,8.8,0.0,1004.1,135.0
2025-12-29T10:00:00,66.9,32.5,569.0,2.8,94,7.3,0.0,1003.5,155.0
2025-12-29T11:00:00,56.5,28.3,455.0,4.1,92,7.0,0.0,1002.8,175.0
2025-12-29T12:00:00,49.9,26.5,431.0,5.5,89,6.8,0.0,1001.6,175.0
2025-12-29T13:00:00,47.5,29.6,416.0,6.7,85,4.7,0.0,1000.6,195.0
2025-12-29T14:00:00,45.2,33.4,415.0,7.1,83,4.3,0.0,999.8,180.0
2025-12-29T15:00:00,48.2,43.6,433.0,6.5,87,4.1,0.0,999.2,120.0
2025-12-29T16:00:00,54.0,53.9,559.0,5.1,88,5.6,0.0,998.7,60.0
2025-12-29T17:00:00,67.4,62.8,651.0,4.2,88,6.4,0.0,998.4,50.0
2025-12-29T18:00:00,71.9,63.6,710.0,4.1,87,7.4,0.0,998.2,65.0
2025-12-29T19:00:00,76.8,66.8,830.0,4.6,84,7.0,0.0,998.0,60.0
2025-12-29T20:00:00,84.6,67.5,892.0,4.3,83,7.7,0.0,997.7,60.0
2025-12-29T21:00:00,88.0,61.8,1006.0,4.0,83,7.4,0.0,997.5,65.0
2025-12-29T22:00:00,86.0,56.2,1095.0,3.9,82,8.6,0.0,996.9,65.0
2025-12-29T23:00:00,81.1,53.0,1099.0,3.4,81,8.6,0.0,996.5,65.0
2025-12-30T00:00:00,73.5,51.0,907.0,3.2,76,8.7,0.0,996.3,55.0
2025-12-30T01:00:00,64.1,50.0,801.0,3.2,78,9.3,0.0,995.8,75.0
2025-12-30T02:00:00,57.1,47.8,690.0,3.0,79,9.7,0.0,995.6,65.0
2025-12-30T03:00:00,48.3,45.1,604.0,2.7,80,9.4,0.0,994.9,60.0
2025-12-30T04:00:00,48.3,42.4,563.0,2.2,81,8.7,0.0,994.5,55.0
2025-12-30T05:00:00,47.2,44.1,574.0,1.7,82,7.1,0.0,993.9,45.0
2025-12-30T06:00:00,45.5,44.6,597.0,1.2,87,8.3,0.0,994.2,50.0
2025-12-30T07:00:00,50.0,55.3,612.0,0.4,88,8.6,0.0,994.2,45.0
2025-12-30T08:00:00,52.4,74.3,632.0,0.9,88,4.2,0.0,994.7,30.0
2025-12-30T09:00:00,56.7,53.9,581.0,2.2,90,2.7,0.0,995.8,30.0
2025-12-30T10:00:00,51.3,44.0,534.0,3.8,87,5.8,0.0,996.9,135.0
2025-12-30T11:00:00,43.2,37.3,422.0,4.7,90,8.2,0.0,997.3,220.0
2025-12-30T12:00:00,40.5,35.5,540.0,4.6,95,7.8,0.0,996.7,225.0
2025-12-30T13:00:00,43.6,32.8,610.0,3.5,97,10.8,0.0,997.3,260.0
2025-12-30T14:00:00,47.5,38.4,490.0,2.9,95,8.3,0.0,997.6,235.0
2025-12-30T15:00:00,41.8,37.8,428.0,3.5,89,7.0,0.0,998.0,190.0
2025-12-30T16:00:00,41.7,54.6,455.0,2.3,93,7.8,0.0,998.6,90.0
2025-12-30T17:00:00,47.4,66.8,526.0,2.0,92,7.6,0.0,999.5,70.0
2025-12-30T18:00:00,52.4,76.8,632.0,2.6,94,9.0,0.0,999.0,50.0
2025-12-30T19:00:00,59.6,80.6,712.0,2.9,93,8.7,0.0,999.7,60.0
2025-12-30T20:00:00,70.4,72.9,861.0,2.6,93,8.7,0.0,1000.5,55.0
2025-12-30T21:00:00,77.0,71.2,937.0,2.3,93,8.5,0.0,1000.9,45.0
2025-12-30T22:00:00,75.9,65.2,948.0,2.3,92,9.2,0.0,1001.2,55.0
2025-12-30T23:00:00,75.3,62.3,887.0,2.8,90,9.2,0.0,1001.8,70.0
2025-12-31T00:00:00,60.7,52.0,820.0,2.2,90,5.2,0.0,1001.7,30.0
2025-12-31T01:00:00,52.6,48.8,709.0,1.9,91,5.4,0.1,1002.0,30.0
2025-12-31T02:00:00,45.7,43.5,613.0,1.2,94,3.4,0.1,1002.3,20.0
2025-12-31T03:00:00,41.9,39.8,517.0,2.3,88,6.3,0.0,1002.5,40.0
2025-12-31T04:00:00,38.7,36.7,459.0,2.7,83,8.7,0.0,1002.5,185.0
2025-12-31T05:00:00,36.4,40.2,433.0,1.9,85,7.9,0.0,1002.5,140.0
2025-12-31T06:00:00,33.2,46.8,441.0,1.6,89,6.1,0.0,1002.4,50.0
2025-12-31T07:00:00,34.2,60.5,453.0,1.1,93,4.3,0.0,1002.5,35.0
2025-12-31T08:00:00,36.8,63.9,496.0,1.8,92,3.6,0.0,1003.0,25.0
2025-12-31T09:00:00,36.3,65.1,504.0,3.2,93,3.0,0.0,1003.5,40.0
2025-12-31T10:00:00,28.0,60.4,380.0,4.5,88,2.1,0.0,1004.0,205.0
2025-12-31T11:00:00,24.0,45.7,330.0,5.3,78,2.0,0.0,1003.6,330.0
2025-12-31T12:00:00,22.4,36.0,284.0,5.8,75,1.7,0.0,1002.6,310.0
2025-12-31T13:00:00,18.6,32.9,247.0,6.6,70,0.9,0.0,1002.1,460.0
2025-12-31T14:00:00,18.9,35.9,250.0,6.7,69,1.0,0.0,1001.9,460.0
2025-12-31T15:00:00,21.1,48.8,296.0,5.9,77,3.0,0.0,1002.0,80.0
2025-12-31T16:00:00,28.3,73.4,380.0,4.0,83,4.5,0.0,1002.1,60.0
2025-12-31T17:00:00,37.1,75.5,510.0,3.2,82,1.8,0.0,1002.4,25.0
2025-12-31T18:00:00,41.6,75.8,603.0,3.3,84,1.2,0.0,1002.5,15.0
2025-12-31T19:00:00,49.8,82.4,771.0,2.5,87,1.5,0.0,1002.6,15.0
2025-12-31T20:00:00,53.2,101.4,891.0,1.6,89,2.7,0.0,1002.6,20.0
2025-12-31T21:00:00,56.7,93.8,1035.0,1.0,90,2.0,0.0,1002.9,15.0
2025-12-31T22:00:00,62.3,91.1,1019.0,0.6,90,1.4,0.0,1002.7,15.0
2025-12-31T23:00:00,80.3,83.5,1024.0,0.2,89,0.7,0.0,1002.5,10.0
2026-01-01T00:00:00,66.5,77.2,987.0,-0.3,90,2.7,0.0,1002.2,15.0
2026-01-01T01:00:00,67.6,72.8,991.0,-0.6,92,2.3,0.0,1002.0,20.0
2026-01-01T02:00:00,74.0,70.1,974.0,-1.0,94,2.4,0.0,1002.0,20.0
2026-01-01T03:00:00,75.2,66.9,949.0,-0.6,94,4.0,0.0,1001.4,35.0
2026-01-01T04:00:00,70.1,64.2,893.0,-0.8,94,3.3,0.0,1001.2,45.0
2026-01-01T05:00:00,69.6,62.1,864.0,-0.9,95,2.9,0.0,1000.8,40.0
2026-01-01T06:00:00,70.8,65.4,847.0,-1.0,94,4.1,0.0,1000.8,50.0
2026-01-01T07:00:00,73.4,70.0,834.0,-0.8,94,3.5,0.0,1000.5,55.0
2026-01-01T08:00:00,74.3,82.5,864.0,0.2,92,3.9,0.0,1000.7,75.0
2026-01-01T09:00:00,74.4,86.2,868.0,0.8,91,2.7,0.0,1000.7,85.0
2026-01-01T10:00:00,73.2,71.4,815.0,1.6,87,2.3,0.0,1000.8,95.0
2026-01-01T11:00:00,69.3,70.4,804.0,2.2,85,2.1,0.0,1000.1,85.0
2026-01-01T12:00:00,57.9,70.6,716.0,2.4,87,1.5,0.0,999.1,120.0
2026-01-01T13:00:00,56.8,70.4,706.0,2.9,86,1.9,0.0,998.2,125.0
2026-01-01T14:00:00,53.9,68.9,702.0,3.1,86,3.5,0.0,997.7,155.0
2026-01-01T15:00:00,53.3,71.6,715.0,3.0,87,3.5,0.0,997.2,140.0
2026-01-01T16:00:00,66.9,79.0,873.0,2.9,89,3.6,0.1,996.6,135.0
2026-01-01T17:00:00,67.3,85.5,1020.0,2.7,90,4.9,0.0,996.3,135.0
2026-01-01T18:00:00,72.1,89.4,1096.0,2.6,94,5.2,0.0,996.4,115.0
2026-01-01T19:00:00,81.6,85.7,1197.0,2.6,95,5.8,0.1,995.8,105.0
2026-01-01T20:00:00,96.1,78.0,1282.0,2.6,94,4.2,0.1,995.5,85.0
2026-01-01T21:00:00,107.8,68.2,1338.0,2.7,94,3.2,0.1,994.9,55.0
2026-01-01T22:00:00,108.2,60.2,1289.0,2.6,95,4.5,0.1,994.2,80.0
2026-01-01T23:00:00,93.9,54.4,1180.0,2.5,94,5.7,0.0,993.5,115.0
2026-01-02T00:00:00,73.6,50.8,903.0,2.6,92,6.4,0.0,993.0,130.0
2026-01-02T01:00:00,64.9,48.9,834.0,2.6,91,5.1,0.0,992.4,110.0
2026-01-02T02:00:00,63.3,46.1,768.0,2.4,93,4.1,0.0,992.0,80.0
2026-01-02T03:00:00,59.7,43.2,699.0,2.4,94,5.8,0.0,991.3,120.0
2026-01-02T04:00:00,51.3,41.2,612.0,2.3,94,6.4,0.0,990.3,145.0
2026-01-02T05:00:00,44.1,40.2,524.0,1.9,95,6.9,0.0,989.6,150.0
2026-01-02T06:00:00,44.4,41.0,520.0,2.1,94,6.7,0.0,989.2,120.0
2026-01-02T07:00:00,42.7,44.5,551.0,2.0,95,5.5,0.0,988.9,90.0
2026-01-02T08:00:00,38.5,48.9,542.0,1.7,96,5.7,0.0,988.6,80.0
2026-01-02T09:00:00,38.7,45.8,479.0,2.4,93,3.8,0.0,988.4,100.0
2026-01-02T10:00:00,31.1,40.0,420.0,3.8,87,3.7,0.0,988.0,130.0
2026-01-02T11:00:00,27.2,33.6,329.0,5.2,79,4.4,0.0,987.3,210.0
2026-01-02T12:00:00,23.9,29.3,264.0,6.1,73,3.6,0.0,986.2,225.0
2026-01-02T13:00:00,21.9,26.0,246.0,6.6,71,5.1,0.0,985.2,215.0
2026-01-02T14:00:00,21.3,31.1,246.0,6.8,71,0.4,0.0,984.8,165.0
2026-01-02T15:00:00,24.1,43.7,365.0,5.9,78,3.9,0.0,984.4,140.0
2026-01-02T16:00:00,27.9,58.8,380.0,3.3,85,4.1,0.0,984.1,60.0
2026-01-02T17:00:00,37.1,63.3,477.0,2.5,86,3.1,0.0,984.0,40.0
2026-01-02T18:00:00,43.1,65.8,612.0,2.7,89,3.8,0.0,984.3,30.0
2026-01-02T19:00:00,55.1,68.3,674.0,3.4,89,6.5,0.0,984.3,55.0
2026-01-02T20:00:00,61.4,69.5,810.0,3.8,88,5.2,0.0,983.8,60.0
2026-01-02T21:00:00,61.4,69.5,922.0,3.7,90,0.9,0.0,983.7,30.0
2026-01-02T22:00:00,65.2,71.5,1000.0,3.5,90,2.2,0.0,983.8,30.0
2026-01-02T23:00:00,65.0,62.8,977.0,2.7,92,3.3,0.0,983.9,25.0
2026-01-03T00:00:00,61.1,59.3,900.0,1.0,97,1.2,0.0,984.0,15.0
2026-01-03T01:00:00,59.3,59.2,866.0,1.6,95,3.8,0.0,983.4,35.0
2026-01-03T02:00:00,57.7,59.1,829.0,0.5,95,1.8,0.0,984.4,25.0
2026-01-03T03:00:00,50.5,54.2,733.0,-0.7,98,3.8,0.0,984.1,25.0
2026-01-03T04:00:00,36.2,41.7,643.0,-1.0,99,8.8,0.0,984.4,65.0
2026-01-03T05:00:00,32.3,37.9,558.0,-1.3,93,9.7,0.0,984.6,90.0
2026-01-03T06:00:00,38.0,46.2,493.0,-1.4,95,2.2,0.0,985.6,25.0
2026-01-03T07:00:00,41.9,51.7,529.0,-1.2,95,0.7,0.0,986.4,10.0
2026-01-03T08:00:00,41.9,53.1,514.0,-0.6,94,4.8,0.0,987.2,90.0
2026-01-03T09:00:00,42.2,44.0,555.0,0.3,91,3.2,0.0,987.8,115.0
2026-01-03T10:00:00,39.1,42.3,520.0,1.5,87,0.9,0.0,988.3,165.0
2026-01-03T11:00:00,42.4,48.6,502.0,2.7,83,2.3,0.0,987.9,175.0
2026-01-03T12:00:00,43.2,46.1,489.0,3.6,84,3.6,0.0,987.6,255.0
2026-01-03T13:00:00,41.7,35.2,463.0,4.4,82,5.5,0.0,987.1,270.0
2026-01-03T14:00:00,43.2,47.0,435.0,4.8,82,6.0,0.0,986.9,255.0
2026-01-03T15:00:00,46.2,53.6,442.0,4.4,85,4.3,0.0,986.8,235.0
2026-01-03T16:00:00,50.5,62.7,522.0,2.7,89,4.5,0.0,986.7,125.0
2026-01-03T17:00:00,73.3,81.4,755.0,1.6,92,4.2,0.0,986.6,90.0
2026-01-03T18:00:00,83.3,90.4,812.0,1.6,96,2.3,0.0,986.8,30.0
2026-01-03T19:00:00,89.3,89.8,954.0,1.0,99,2.3,0.0,987.0,25.0
2026-01-03T20:00:00,91.7,76.7,910.0,0.6,100,3.2,0.0,987.1,30.0
2026-01-03T21:00:00,88.5,71.8,987.0,0.7,100,4.7,0.0,987.1,30.0
2026-01-03T22:00:00,89.9,69.4,1032.0,1.3,96,4.5,0.0,987.0,40.0
2026-01-03T23:00:00,91.8,67.9,1070.0,1.0,95,3.1,0.0,987.1,40.0
2026-01-04T00:00:00,92.9,68.4,1041.0,-0.4,97,3.9,0.0,987.0,30.0
2026-01-04T01:00:00,86.3,65.4,1002.0,-0.1,97,4.5,0.0,987.3,55.0
2026-01-04T02:00:00,81.5,57.8,939.0,0.3,95,3.8,0.0,987.8,50.0
2026-01-04T03:00:00,81.0,54.5,888.0,0.1,93,0.8,0.0,988.0,20.0
2026-01-04T04:00:00,84.7,61.3,887.0,-0.4,95,1.0,0.0,988.2,25.0
2026-01-04T05:00:00,85.7,60.5,872.0,-1.2,97,2.3,0.0,988.7,30.0
2026-01-04T06:00:00,82.5,59.7,857.0,-1.3,100,3.1,0.0,989.7,50.0
2026-01-04T07:00:00,78.0,55.9,842.0,-2.0,99,2.0,0.0,990.2,35.0
2026-01-04T08:00:00,62.7,54.7,619.0,-0.8,99,2.7,0.0,991.0,35.0
2026-01-04T09:00:00,61.1,46.1,621.0,0.2,98,2.7,0.0,991.8,55.0
2026-01-04T10:00:00,59.7,35.3,665.0,0.9,98,2.9,0.0,992.9,80.0
2026-01-04T11:00:00,59.9,36.5,580.0,1.8,96,1.5,0.0,993.0,75.0
2026-01-04T12:00:00,57.8,39.6,496.0,3.3,93,2.6,0.0,992.6,165.0
2026-01-04T13:00:00,53.5,43.4,495.0,4.1,88,2.8,0.0,992.1,180.0
2026-01-04T14:00:00,50.8,48.1,478.0,4.3,87,1.7,0.0,992.0,165.0
2026-01-04T15:00:00,45.8,57.1,483.0,2.9,91,0.3,0.0,992.1,10.0
2026-01-04T16:00:00,58.3,66.6,528.0,0.9,94,1.8,0.0,992.1,15.0
2026-01-04T17:00:00,57.0,78.6,570.0,0.6,93,4.0,0.0,992.3,25.0
2026-01-04T18:00:00,58.1,92.9,670.0,0.2,89,5.2,0.0,992.5,35.0
2026-01-04T19:00:00,62.9,91.9,800.0,-0.5,90,4.5,0.0,992.9,30.0
2026-01-04T20:00:00,64.0,87.9,831.0,-0.7,90,4.3,0.0,993.3,30.0
2026-01-04T21:00:00,66.9,75.7,845.0,-0.7,89,5.2,0.0,993.3,30.0
2026-01-04T22:00:00,75.3,60.8,885.0,-0.9,87,4.6,0.0,993.4,30.0
2026-01-04T23:00:00,75.1,57.5,845.0,-0.3,83,5.4,0.0,993.6,35.0
2026-01-05T00:00:00,77.3,55.6,854.0,-0.2,78,4.2,0.0,993.5,45.0
2026-01-05T01:00:00,75.5,56.3,779.0,-0.7,77,5.1,0.0,993.1,45.0
2026-01-05T02:00:00,62.7,50.6,712.0,-0.8,74,4.2,0.0,993.0,40.0
2026-01-05T03:00:00,53.9,46.9,630.0,-0.5,72,2.5,0.0,992.8,35.0
2026-01-05T04:00:00,47.9,46.0,566.0,-0.5,70,2.3,0.0,992.6,90.0
2026-01-05T05:00:00,44.2,46.3,501.0,-1.0,73,4.1,0.0,992.5,110.0
2026-01-05T06:00:00,45.1,58.1,462.0,-0.7,73,3.2,0.0,992.3,70.0
2026-01-05T07:00:00,48.3,71.1,528.0,-1.4,78,3.4,0.0,992.5,60.0
2026-01-05T08:00:00,52.7,87.8,595.0,-0.7,76,3.6,0.0,992.7,50.0
2026-01-05T09:00:00,55.2,96.8,650.0,0.2,73,3.5,0.0,992.8,55.0
2026-01-05T10:00:00,43.2,63.9,439.0,1.8,61,1.9,0.0,993.0,225.0
2026-01-05T11:00:00,32.9,52.8,351.0,2.7,55,1.8,0.0,992.7,280.0
2026-01-05T12:00:00,28.1,46.6,305.0,3.1,58,2.0,0.0,991.4,320.0
2026-01-05T13:00:00,24.0,44.0,285.0,3.5,59,2.2,0.0,990.7,335.0
2026-01-05T14:00:00,24.8,44.5,302.0,3.4,59,2.0,0.0,990.4,330.0
2026-01-05T15:00:00,26.1,56.2,361.0,2.3,69,1.5,0.0,990.4,35.0
2026-01-05T16:00:00,35.9,74.9,434.0,0.9,68,1.9,0.0,990.3,25.0
2026-01-05T17:00:00,48.1,78.3,516.0,0.5,68,1.9,0.0,990.2,25.0
2026-01-05T18:00:00,54.7,88.5,593.0,0.1,74,3.7,0.0,990.1,35.0
2026-01-05T19:00:00,63.8,84.8,688.0,0.4,73,4.9,0.0,990.7,55.0
2026-01-05T20:00:00,79.4,90.8,876.0,-0.2,75,4.2,0.0,990.6,40.0
2026-01-05T21:00:00,91.3,96.8,1032.0,-0.7,79,3.7,0.0,990.7,30.0
2026-01-05T22:00:00,92.7,95.0,1083.0,-1.0,78,1.7,0.0,990.8,20.0
2026-01-05T23:00:00,88.0,86.8,1022.0,-1.4,79,1.4,0.0,991.0,15.0
2026-01-06T00:00:00,73.8,75.8,856.0,-1.7,81,3.8,0.0,991.3,25.0
2026-01-06T01:00:00,76.4,73.9,855.0,-1.5,80,3.1,0.0,991.1,20.0
2026-01-06T02:00:00,70.8,64.3,882.0,-1.6,84,1.9,0.0,991.1,15.0
2026-01-06T03:00:00,69.9,61.4,896.0,-1.6,85,0.3,0.0,990.9,10.0
2026-01-06T04:00:00,67.2,59.5,870.0,-1.7,84,1.2,0.0,991.1,15.0
2026-01-06T05:00:00,64.4,58.6,871.0,-1.8,85,1.7,0.0,991.1,25.0
2026-01-06T06:00:00,67.3,62.9,866.0,-2.3,88,1.7,0.0,991.1,15.0
2026-01-06T07:00:00,67.3,77.3,900.0,-2.7,87,1.4,0.0,991.3,15.0
2026-01-06T08:00:00,61.4,93.1,927.0,-1.8,80,3.9,0.0,991.7,25.0
2026-01-06T09:00:00,61.4,84.0,941.0,0.3,67,2.2,0.0,992.2,35.0
2026-01-06T10:00:00,57.1,61.2,798.0,2.2,58,1.0,0.0,992.6,140.0
2026-01-06T11:00:00,39.1,52.6,507.0,3.2,57,1.6,0.0,992.2,240.0
2026-01-06T12:00:00,34.8,41.4,400.0,4.1,55,1.4,0.0,991.6,315.0
2026-01-06T13:00:00,34.2,41.2,347.0,4.5,50,1.7,0.0,990.8,310.0
2026-01-06T14:00:00,31.8,45.7,358.0,4.1,53,4.9,0.0,990.7,345.0
2026-01-06T15:00:00,33.7,61.8,368.0,2.2,65,5.0,0.0,990.8,155.0
2026-01-06T16:00:00,37.1,76.8,468.0,0.4,72,6.6,0.0,991.1,150.0
2026-01-06T17:00:00,46.5,98.7,616.0,-0.2,78,7.4,0.0,991.8,190.0
2026-01-06T18:00:00,52.1,105.1,686.0,-0.3,82,5.4,0.0,992.5,90.0
2026-01-06T19:00:00,55.6,101.1,735.0,-0.3,85,5.9,0.0,993.2,105.0
2026-01-06T20:00:00,59.4,94.0,814.0,-0.7,88,5.2,0.0,993.6,95.0
2026-01-06T21:00:00,63.4,88.9,914.0,-1.1,90,4.6,0.0,993.8,65.0
2026-01-06T22:00:00,72.8,90.3,1019.0,-1.2,90,4.9,0.0,994.0,55.0
2026-01-06T23:00:00,80.0,71.3,1055.0,-1.3,90,4.8,0.0,994.6,50.0
2026-01-07T00:00:00,77.5,70.7,996.0,-1.1,88,5.4,0.0,994.1,45.0
2026-01-07T01:00:00,79.3,69.8,940.0,-1.0,88,5.8,0.0,993.8,55.0
2026-01-07T02:00:00,77.6,65.9,837.0,-1.2,88,4.9,0.0,993.8,50.0
2026-01-07T03:00:00,73.4,63.3,899.0,-1.3,87,5.2,0.0,993.5,50.0
2026-01-07T04:00:00,56.2,59.7,817.0,-1.5,87,6.2,0.0,993.7,50.0
2026-01-07T05:00:00,63.2,55.5,808.0,-1.8,87,6.0,0.0,994.0,55.0
2026-01-07T06:00:00,66.9,72.4,838.0,-2.2,88,6.5,0.0,994.2,65.0
2026-01-07T07:00:00,64.0,78.9,813.0,-2.7,84,6.6,0.0,994.6,70.0
2026-01-07T08:00:00,49.9,98.3,708.0,-2.1,73,7.0,0.0,995.0,80.0
2026-01-07T09:00:00,44.6,80.6,678.0,-0.6,62,4.5,0.0,995.3,115.0
2026-01-07T10:00:00,37.4,66.7,582.0,1.3,52,4.0,0.0,995.6,175.0
2026-01-07T11:00:00,30.5,46.6,404.0,2.8,47,3.8,0.0,995.2,280.0
2026-01-07T12:00:00,24.4,37.7,322.0,3.0,56,4.5,0.0,994.7,370.0
2026-01-07T13:00:00,21.2,36.1,280.0,3.8,46,5.0,0.0,994.0,500.0
2026-01-07T14:00:00,19.4,36.5,269.0,3.9,42,4.1,0.0,993.6,405.0
2026-01-07T15:00:00,21.3,49.4,312.0,2.1,56,4.5,0.0,993.4,130.0
2026-01-07T16:00:00,24.7,69.5,392.0,-0.2,60,4.3,0.0,993.1,45.0
2026-01-07T17:00:00,35.4,62.7,466.0,-0.5,58,6.1,0.0,993.3,55.0
2026-01-07T18:00:00,45.8,65.4,594.0,-0.4,71,6.8,0.0,993.2,60.0
2026-01-07T19:00:00,54.0,76.8,751.0,-1.2,76,5.1,0.0,993.3,50.0
2026-01-07T20:00:00,69.3,82.9,899.0,-1.9,80,3.2,0.0,993.4,35.0
2026-01-07T21:00:00,80.9,84.8,965.0,-2.5,82,3.9,0.0,993.3,30.0
2026-01-07T22:00:00,87.4,74.7,1041.0,-2.6,82,4.1,0.0,993.3,30.0
2026-01-07T23:00:00,74.1,65.0,999.0,-2.4,77,5.3,0.0,993.5,35.0
2026-01-08T00:00:00,68.2,57.1,927.0,-2.5,75,4.0,0.0,993.5,35.0
2026-01-08T01:00:00,68.0,53.3,914.0,-3.3,75,4.0,0.0,993.3,30.0
2026-01-08T02:00:00,65.3,51.2,899.0,-3.1,69,8.0,0.0,994.1,60.0
2026-01-08T03:00:00,64.3,51.0,861.0,-3.5,69,6.5,0.0,994.0,65.0
2026-01-08T04:00:00,58.7,51.9,784.0,-3.8,71,8.5,0.0,994.0,70.0
2026-01-08T05:00:00,51.5,51.9,694.0,-3.9,70,9.4,0.0,994.5,85.0
2026-01-08T06:00:00,49.5,57.5,643.0,-4.6,79,4.1,0.0,994.5,55.0
2026-01-08T07:00:00,53.6,61.9,644.0,-5.0,80,3.6,0.0,995.5,50.0
2026-01-08T08:00:00,54.6,64.0,602.0,-4.0,74,6.5,0.0,995.9,55.0
2026-01-08T09:00:00,46.4,60.4,528.0,-2.0,62,4.8,0.0,996.5,115.0
2026-01-08T10:00:00,36.1,57.5,435.0,0.2,50,4.5,0.0,996.7,140.0
2026-01-08T11:00:00,23.2,49.4,419.0,1.8,42,5.2,0.0,996.3,140.0
2026-01-08T12:00:00,20.9,47.0,392.0,3.0,45,1.3,0.0,996.1,145.0
2026-01-08T13:00:00,20.1,50.7,389.0,4.2,41,1.7,0.0,995.5,140.0
2026-01-08T14:00:00,24.8,56.4,351.0,4.2,47,3.2,0.0,995.1,100.0
2026-01-08T15:00:00,28.1,61.5,429.0,2.9,59,3.8,0.0,994.6,55.0
2026-01-08T16:00:00,30.9,72.4,539.0,0.7,68,4.4,0.0,993.9,35.0
2026-01-08T17:00:00,36.3,66.4,511.0,1.1,61,8.0,0.0,994.5,55.0
2026-01-08T18:00:00,44.2,67.1,593.0,0.3,72,5.1,0.0,994.5,45.0
2026-01-08T19:00:00,48.9,72.0,751.0,0.4,73,2.1,0.0,994.3,30.0
2026-01-08T20:00:00,61.5,74.2,982.0,-0.1,77,3.5,0.0,993.9,30.0
2026-01-08T21:00:00,76.0,82.3,1258.0,0.3,79,4.4,0.0,993.8,50.0
2026-01-08T22:00:00,92.1,82.6,1369.0,0.1,82,2.9,0.0,993.9,30.0
2026-01-08T23:00:00,103.6,73.7,1382.0,-0.4,81,2.4,0.0,993.3,25.0
2026-01-09T00:00:00,90.7,66.8,1202.0,0.1,81,5.2,0.0,993.3,60.0
2026-01-09T01:00:00,91.1,58.0,1159.0,0.7,81,8.6,0.0,992.5,125.0
2026-01-09T02:00:00,87.8,51.3,1081.0,0.7,79,6.3,0.0,992.2,190.0
2026-01-09T03:00:00,74.7,46.8,972.0,0.3,78,6.9,0.0,991.8,180.0
2026-01-09T04:00:00,63.1,44.9,848.0,-0.1,81,6.1,0.0,991.2,160.0
2026-01-09T05:00:00,59.5,44.5,847.0,-0.4,84,6.1,0.0,989.5,160.0
2026-01-09T06:00:00,60.3,52.1,799.0,-0.2,87,4.9,0.0,989.8,175.0
2026-01-09T07:00:00,62.5,61.9,723.0,-0.1,88,5.7,0.0,990.0,170.0
2026-01-09T08:00:00,63.3,64.6,729.0,0.1,87,4.4,0.0,989.5,150.0
2026-01-09T09:00:00,63.1,62.7,748.0,0.4,86,0.4,0.0,988.7,155.0
2026-01-09T10:00:00,59.3,59.0,741.0,1.0,86,2.9,0.0,988.2,190.0
2026-01-09T11:00:00,51.6,48.9,517.0,2.0,83,4.8,0.0,987.3,225.0
2026-01-09T12:00:00,52.9,46.9,469.0,2.2,79,3.4,0.0,986.8,200.0
2026-01-09T13:00:00,46.7,42.9,448.0,2.8,75,3.0,0.0,985.7,200.0
2026-01-09T14:00:00,45.3,47.3,439.0,3.5,73,3.2,0.0,984.7,200.0
2026-01-09T15:00:00,49.6,55.7,485.0,2.5,80,3.6,0.0,984.5,175.0
2026-01-09T16:00:00,58.8,67.5,558.0,1.1,80,5.7,0.0,984.5,95.0
2026-01-09T17:00:00,64.5,69.5,639.0,0.3,83,7.2,0.0,984.4,80.0
2026-01-09T18:00:00,69.4,74.8,826.0,1.3,83,6.5,0.0,983.9,60.0
2026-01-09T19:00:00,78.6,75.9,1002.0,0.9,84,6.2,0.0,983.2,50.0
2026-01-09T20:00:00,93.7,72.7,1139.0,0.3,87,6.2,0.0,983.3,50.0
2026-01-09T21:00:00,97.3,70.6,1224.0,0.1,87,5.9,0.0,982.9,55.0
2026-01-09T22:00:00,97.5,66.5,1283.0,-0.5,90,5.6,0.0,982.8,60.0
2026-01-09T23:00:00,84.0,57.3,1157.0,-0.7,92,9.2,0.0,982.8,80.0
2026-01-10T00:00:00,58.5,54.2,841.0,-0.9,92,8.4,0.0,982.8,85.0
2026-01-10T01:00:00,52.3,49.0,612.0,-0.7,91,9.7,0.0,982.5,105.0
2026-01-10T02:00:00,47.5,47.3,576.0,-1.1,93,8.3,0.0,982.8,120.0
2026-01-10T03:00:00,41.0,40.2,510.0,-1.9,93,4.4,0.0,982.6,65.0
2026-01-10T04:00:00,40.6,39.9,551.0,-2.1,95,2.7,0.0,983.2,30.0
2026-01-10T05:00:00,40.6,39.8,551.0,-2.7,98,2.1,0.0,983.6,15.0
2026-01-10T06:00:00,40.4,41.7,525.0,-2.7,99,1.9,0.0,984.2,20.0
2026-01-10T07:00:00,37.7,41.5,465.0,-2.9,98,2.9,0.0,984.8,30.0
2026-01-10T08:00:00,37.0,44.7,490.0,-2.0,98,6.5,0.0,985.6,60.0
2026-01-10T09:00:00,29.9,43.0,450.0,0.1,90,1.4,0.0,986.2,55.0
2026-01-10T10:00:00,27.7,42.2,399.0,2.0,82,3.4,0.0,987.1,115.0
2026-01-10T11:00:00,25.6,36.3,347.0,3.8,77,4.9,0.0,987.3,170.0
2026-01-10T12:00:00,19.4,28.3,275.0,3.5,80,5.7,0.0,987.0,165.0
2026-01-10T13:00:00,14.9,27.0,223.0,5.1,66,4.9,0.0,986.4,155.0
2026-01-10T14:00:00,12.3,24.9,219.0,5.7,61,6.5,0.0,986.4,125.0
2026-01-10T15:00:00,14.7,30.4,281.0,4.8,63,10.3,0.0,986.7,135.0
2026-01-10T16:00:00,17.5,40.6,320.0,3.8,59,11.6,0.0,987.5,145.0
2026-01-10T17:00:00,22.1,48.6,382.0,3.5,49,8.4,0.0,988.3,125.0
2026-01-10T18:00:00,35.3,52.2,444.0,4.1,56,12.5,0.0,988.6,105.0
2026-01-10T19:00:00,43.4,54.7,521.0,3.5,47,11.4,0.0,989.3,110.0
2026-01-10T20:00:00,40.1,55.4,572.0,4.9,33,13.9,0.0,990.3,220.0
2026-01-10T21:00:00,42.8,46.3,499.0,4.0,34,10.3,0.0,991.0,150.0
2026-01-10T22:00:00,26.6,38.9,490.0,4.4,31,13.6,0.0,991.9,215.0
2026-01-10T23:00:00,13.8,31.5,264.0,4.2,31,13.6,0.0,992.7,160.0
2026-01-11T00:00:00,7.0,17.4,208.0,5.5,38,18.9,0.0,992.6,315.0
2026-01-11T01:00:00,5.2,18.4,197.0,6.0,37,18.2,0.0,993.5,455.0
2026-01-11T02:00:00,4.6,11.1,190.0,5.2,40,16.9,0.0,994.4,355.0
2026-01-11T03:00:00,4.0,11.5,190.0,4.9,40,17.5,0.0,995.2,415.0
2026-01-11T04:00:00,3.8,9.9,189.0,4.6,41,17.0,0.0,996.1,460.0
2026-01-11T05:00:00,3.6,11.4,193.0,4.1,43,14.3,0.0,996.9,380.0
2026-01-11T06:00:00,5.0,17.0,204.0,5.7,39,17.7,0.0,997.1,520.0
2026-01-11T07:00:00,6.2,26.6,211.0,4.9,42,14.4,0.0,997.8,460.0
2026-01-11T08:00:00,6.4,31.5,217.0,5.6,41,14.6,0.0,998.9,560.0
2026-01-11T09:00:00,8.3,23.4,224.0,7.1,38,16.7,0.0,999.9,565.0
2026-01-11T10:00:00,9.3,24.9,222.0,8.1,38,15.5,0.0,1001.2,550.0
2026-01-11T11:00:00,9.6,20.1,229.0,9.0,39,10.7,0.0,1001.3,620.0
2026-01-11T12:00:00,8.2,19.6,226.0,10.7,42,3.9,0.0,1001.2,1200.0
2026-01-11T13:00:00,9.1,18.3,245.0,11.2,30,8.2,0.0,1001.2,1520.0
2026-01-11T14:00:00,10.8,24.4,260.0,10.7,36,6.9,0.0,1001.3,1115.0
2026-01-11T15:00:00,15.8,38.9,310.0,9.0,45,7.2,0.0,1001.4,155.0
2026-01-11T16:00:00,24.5,49.6,362.0,6.8,52,9.6,0.0,1002.2,85.0
2026-01-11T17:00:00,33.9,53.7,488.0,5.2,56,9.8,0.0,1002.9,80.0
2026-01-11T18:00:00,50.0,57.1,749.0,4.7,60,10.2,0.0,1003.0,95.0
2026-01-11T19:00:00,62.0,63.4,936.0,3.6,64,7.9,0.0,1003.8,70.0
2026-01-11T20:00:00,62.9,62.0,910.0,2.7,66,7.4,0.0,1004.3,65.0
2026-01-11T21:00:00,60.8,58.4,939.0,1.8,70,5.6,0.0,1004.5,60.0
2026-01-11T22:00:00,72.2,54.3,982.0,0.9,72,4.7,0.0,1004.7,55.0
2026-01-11T23:00:00,71.6,49.2,930.0,0.5,74,4.0,0.0,1004.2,35.0
2026-01-12T00:00:00,67.3,49.2,898.0,0.5,67,0.6,0.0,1005.1,15.0
2026-01-12T01:00:00,66.7,49.1,887.0,0.7,68,5.2,0.0,1005.0,40.0
2026-01-12T02:00:00,62.1,47.6,823.0,0.4,67,7.9,0.0,1005.0,55.0
2026-01-12T03:00:00,56.0,43.9,740.0,-0.1,68,1.1,0.0,1005.1,30.0
2026-01-12T04:00:00,52.3,36.7,694.0,-0.7,72,1.7,0.0,1005.1,25.0
2026-01-12T05:00:00,51.0,43.4,679.0,-0.5,73,0.7,0.0,1004.9,15.0
2026-01-12T06:00:00,48.7,49.9,655.0,-0.9,78,1.0,0.0,1005.0,20.0
2026-01-12T07:00:00,45.5,60.7,629.0,-1.1,81,1.4,0.0,1005.2,20.0
2026-01-12T08:00:00,43.8,67.0,632.0,-0.5,77,5.0,0.0,1005.5,35.0
2026-01-12T09:00:00,47.9,68.8,650.0,1.5,68,4.2,0.0,1006.0,60.0
2026-01-12T10:00:00,42.6,66.7,547.0,3.5,60,1.8,0.0,1006.2,105.0
2026-01-12T11:00:00,37.9,59.6,533.0,4.9,56,1.9,0.0,1006.1,165.0
2026-01-12T12:00:00,35.1,58.2,488.0,5.3,55,0.7,0.0,1005.4,180.0
2026-01-12T13:00:00,32.6,57.8,460.0,6.0,57,2.4,0.0,1005.0,175.0
2026-01-12T14:00:00,31.6,57.3,426.0,6.0,60,3.2,0.0,1004.5,130.0
2026-01-12T15:00:00,37.1,65.9,458.0,5.6,68,3.2,0.0,1004.6,100.0
2026-01-12T16:00:00,46.9,67.0,685.0,3.8,72,3.8,0.0,1004.4,55.0
2026-01-12T17:00:00,55.4,74.9,819.0,2.9,73,4.5,0.0,1004.2,45.0
2026-01-12T18:00:00,63.9,73.1,889.0,3.4,75,5.0,0.0,1004.6,50.0
2026-01-12T19:00:00,72.1,63.8,974.0,3.4,76,5.0,0.0,1004.4,55.0
2026-01-12T20:00:00,80.0,65.4,1111.0,2.6,78,6.6,0.0,1004.4,60.0
2026-01-12T21:00:00,85.6,66.2,1239.0,2.2,75,5.8,0.0,1004.2,60.0
2026-01-12T22:00:00,85.8,66.2,1268.0,1.8,73,6.2,0.0,1004.1,60.0
2026-01-12T23:00:00,84.9,63.6,1094.0,2.0,71,6.0,0.0,1003.8,55.0
2026-01-13T00:00:00,77.9,55.7,1119.0,2.9,74,2.3,0.0,1003.8,20.0
2026-01-13T01:00:00,74.1,53.8,1048.0,3.2,74,2.8,0.0,1003.7,30.0
2026-01-13T02:00:00,66.6,52.1,1007.0,3.0,78,2.8,0.0,1003.7,30.0
2026-01-13T03:00:00,64.3,49.3,934.0,3.1,77,4.0,0.0,1003.5,40.0
2026-01-13T04:00:00,61.6,47.0,907.0,3.0,77,4.6,0.0,1003.4,45.0
2026-01-13T05:00:00,61.3,46.2,891.0,3.0,75,5.1,0.0,1003.3,55.0
2026-01-13T06:00:00,64.6,51.1,902.0,3.1,74,6.2,0.0,1003.8,50.0
2026-01-13T07:00:00,69.6,58.5,920.0,3.5,72,6.1,0.0,1003.9,60.0
2026-01-13T08:00:00,68.5,60.9,936.0,3.8,74,4.7,0.0,1004.3,60.0
2026-01-13T09:00:00,60.1,60.0,952.0,4.3,74,5.5,0.0,1004.8,70.0
2026-01-13T10:00:00,57.4,56.4,922.0,4.7,75,4.9,0.0,1005.1,115.0
2026-01-13T11:00:00,54.1,51.0,875.0,5.2,73,3.9,0.0,1005.0,125.0
2026-01-13T12:00:00,53.3,50.0,839.0,4.4,76,2.9,0.0,1005.0,95.0
2026-01-13T13:00:00,55.3,50.2,735.0,4.7,78,2.0,0.0,1004.4,80.0
2026-01-13T14:00:00,52.6,53.4,693.0,5.1,81,1.4,0.0,1004.2,80.0
2026-01-13T15:00:00,56.3,62.2,774.0,5.2,82,1.7,0.0,1004.2,65.0
2026-01-13T16:00:00,62.7,80.7,909.0,4.8,84,2.9,0.0,1004.4,80.0
2026-01-13T17:00:00,65.2,93.1,1021.0,4.3,83,3.8,0.0,1004.8,75.0
2026-01-13T18:00:00,69.5,96.3,1152.0,3.8,88,4.1,0.0,1004.8,45.0
2026-01-13T19:00:00,78.5,98.2,1287.0,4.1,83,4.8,0.0,1005.2,55.0
2026-01-13T20:00:00,88.1,89.7,1192.0,4.1,83,3.4,0.0,1005.5,40.0
2026-01-13T21:00:00,83.3,77.8,1134.0,3.9,85,4.1,0.0,1005.6,35.0
2026-01-13T22:00:00,78.5,69.5,1209.0,3.8,90,1.4,0.0,1005.9,15.0
2026-01-13T23:00:00,81.9,63.2,1242.0,3.8,88,1.8,0.0,1006.0,15.0
2026-01-14T00:00:00,73.7,62.0,1059.0,3.6,93,0.4,0.1,1005.8,15.0
2026-01-14T01:00:00,73.7,59.0,1074.0,3.6,92,1.8,0.0,1005.7,30.0
2026-01-14T02:00:00,77.5,55.7,1103.0,3.5,93,4.2,0.1,1005.9,60.0
2026-01-14T03:00:00,77.6,52.9,1110.0,3.5,93,4.7,0.3,1005.7,55.0
2026-01-14T04:00:00,75.4,50.3,1085.0,3.5,94,5.1,0.2,1005.5,60.0
2026-01-14T05:00:00,75.6,50.0,1072.0,3.4,95,5.5,0.2,1005.5,65.0
2026-01-14T06:00:00,71.1,52.7,1029.0,3.5,97,7.7,0.1,1005.6,90.0
2026-01-14T07:00:00,66.2,64.5,979.0,3.7,96,7.3,0.2,1005.9,115.0
2026-01-14T08:00:00,69.0,60.6,865.0,3.8,97,7.6,0.1,1006.0,110.0
2026-01-14T09:00:00,67.5,56.9,807.0,4.2,96,6.0,0.1,1006.3,125.0
2026-01-14T10:00:00,60.6,48.6,695.0,4.7,92,5.2,0.0,1006.6,135.0
2026-01-14T11:00:00,56.0,45.5,631.0,5.4,90,4.5,0.0,1006.4,150.0
2026-01-14T12:00:00,48.0,43.9,558.0,4.9,89,5.2,0.0,1006.0,135.0
2026-01-14T13:00:00,46.9,42.9,571.0,5.6,89,3.5,0.0,1005.2,115.0
2026-01-14T14:00:00,47.9,45.7,543.0,6.0,87,3.5,0.0,1004.9,135.0
2026-01-14T15:00:00,49.7,50.1,592.0,6.1,87,3.4,0.0,1004.9,135.0
2026-01-14T16:00:00,56.8,60.5,677.0,5.5,88,3.8,0.0,1005.0,80.0
2026-01-14T17:00:00,65.8,65.1,771.0,4.8,89,4.9,0.0,1005.2,85.0
2026-01-14T18:00:00,74.1,68.6,937.0,5.1,91,5.5,0.0,1005.5,55.0
2026-01-14T19:00:00,81.7,77.2,1136.0,5.4,90,5.1,0.0,1005.5,65.0
2026-01-14T20:00:00,89.6,71.5,1126.0,5.7,89,5.3,0.0,1005.5,70.0
2026-01-14T21:00:00,94.7,60.1,1082.0,5.7,88,5.8,0.1,1005.7,85.0
2026-01-14T22:00:00,92.2,54.5,1024.0,5.7,89,3.8,0.1,1005.8,75.0
2026-01-14T23:00:00,86.3,51.7,999.0,5.5,90,3.3,0.2,1005.6,45.0
2026-01-15T00:00:00,73.3,50.7,981.0,5.5,89,0.9,0.2,1005.5,35.0
2026-01-15T01:00:00,74.0,49.6,968.0,5.4,92,2.2,0.3,1005.3,50.0
2026-01-15T02:00:00,68.5,49.0,979.0,5.3,91,0.6,0.2,1005.2,15.0
2026-01-15T03:00:00,72.3,47.0,999.0,5.1,93,1.5,0.1,1004.5,20.0
2026-01-15T04:00:00,76.0,50.8,967.0,4.8,95,1.3,0.0,1004.3,15.0
2026-01-15T05:00:00,67.0,52.0,992.0,4.9,96,0.9,0.2,1004.3,15.0
2026-01-15T06:00:00,70.5,55.6,1057.0,5.0,97,4.4,0.2,1004.6,50.0
2026-01-15T07:00:00,74.7,68.4,1140.0,5.0,97,0.6,0.0,1004.9,15.0
2026-01-15T08:00:00,76.9,75.2,1245.0,5.1,99,2.2,0.2,1005.2,30.0
2026-01-15T09:00:00,77.6,71.6,1230.0,5.4,99,5.0,0.1,1005.3,70.0
2026-01-15T10:00:00,71.9,68.6,1181.0,6.0,97,4.0,0.2,1005.4,120.0
2026-01-15T11:00:00,70.2,62.5,1097.0,6.2,95,2.3,0.3,1005.3,105.0
2026-01-15T12:00:00,64.7,58.0,966.0,5.5,96,0.5,0.2,1004.7,80.0
2026-01-15T13:00:00,60.5,57.8,893.0,5.9,94,1.1,0.2,1004.3,105.0
2026-01-15T14:00:00,59.3,60.2,857.0,5.9,95,3.7,0.2,1003.9,125.0
2026-01-15T15:00:00,58.0,68.1,862.0,5.8,96,2.8,0.1,1003.7,80.0
2026-01-15T16:00:00,59.4,72.0,921.0,5.5,99,1.8,0.0,1003.9,60.0
2026-01-15T17:00:00,64.9,72.6,1068.0,5.3,99,1.7,0.0,1004.1,55.0
2026-01-15T18:00:00,66.6,76.6,1168.0,5.3,100,1.8,0.0,1004.4,35.0
2026-01-15T19:00:00,72.2,70.6,1267.0,5.3,99,2.3,0.0,1004.7,35.0
2026-01-15T20:00:00,76.8,67.8,1248.0,5.4,99,4.4,0.0,1004.9,60.0
2026-01-15T21:00:00,77.3,68.2,1184.0,5.6,99,3.6,0.0,1004.9,70.0
2026-01-15T22:00:00,83.5,64.3,1279.0,5.4,99,3.5,0.0,1004.8,70.0
2026-01-15T23:00:00,83.3,59.7,1323.0,5.1,100,1.7,0.0,1004.6,35.0
2026-01-16T00:00:00,81.0,55.2,1157.0,5.2,99,3.2,0.0,1004.5,40.0
2026-01-16T01:00:00,82.6,53.9,1134.0,5.8,98,1.3,0.1,1004.6,35.0
2026-01-16T02:00:00,79.4,52.3,1076.0,5.8,98,1.8,0.0,1004.4,30.0
2026-01-16T03:00:00,75.6,50.4,1058.0,5.6,99,2.9,0.0,1004.1,35.0
2026-01-16T04:00:00,73.6,48.4,1041.0,5.4,99,2.3,0.0,1003.9,40.0
2026-01-16T05:00:00,71.7,49.7,1029.0,5.3,99,1.5,0.0,1004.0,25.0
2026-01-16T06:00:00,69.7,54.6,1061.0,5.6,98,2.9,0.0,1004.3,55.0
2026-01-16T07:00:00,72.2,60.6,1146.0,5.5,99,3.5,0.0,1004.4,65.0
2026-01-16T08:00:00,74.5,67.2,1150.0,5.7,98,4.9,0.0,1004.5,60.0
2026-01-16T09:00:00,85.7,71.8,1115.0,6.4,97,4.1,0.0,1004.8,75.0
2026-01-16T10:00:00,76.5,62.9,942.0,6.9,95,3.6,0.0,1005.0,95.0
2026-01-16T11:00:00,70.9,67.4,774.0,7.5,92,5.2,0.0,1005.0,165.0
2026-01-16T12:00:00,65.0,61.6,636.0,6.7,95,3.7,0.0,1004.3,130.0
2026-01-16T13:00:00,57.8,56.0,573.0,6.9,95,5.1,0.0,1004.0,165.0
2026-01-16T14:00:00,52.5,55.8,542.0,7.0,94,3.4,0.0,1003.8,160.0
2026-01-16T15:00:00,51.5,54.6,523.0,6.9,94,1.4,0.0,1003.6,75.0
2026-01-16T16:00:00,56.6,68.9,624.0,6.7,96,2.3,0.0,1003.6,90.0
2026-01-16T17:00:00,64.2,88.1,922.0,6.4,98,3.0,0.0,1003.6,60.0
2026-01-16T18:00:00,80.7,93.4,1056.0,6.4,99,2.1,0.1,1003.9,40.0
2026-01-16T19:00:00,82.3,90.2,1124.0,6.6,99,3.1,0.1,1004.5,60.0
2026-01-16T20:00:00,94.8,81.9,1106.0,6.8,98,5.0,0.0,1004.6,85.0
2026-01-16T21:00:00,92.7,75.5,1091.0,6.9,97,5.6,0.2,1004.8,110.0
2026-01-16T22:00:00,83.6,73.1,1040.0,6.8,98,5.4,0.0,1004.8,145.0
2026-01-16T23:00:00,82.3,68.3,935.0,6.8,98,5.2,0.0,1004.8,170.0
2026-01-17T00:00:00,86.8,61.9,897.0,6.6,99,1.8,0.0,1004.5,70.0
2026-01-17T01:00:00,87.0,58.9,1003.0,6.7,99,2.0,0.0,1004.7,70.0
2026-01-17T02:00:00,82.0,52.8,878.0,6.7,99,4.3,0.0,1004.9,115.0
2026-01-17T03:00:00,80.1,43.8,732.0,6.7,99,4.1,0.0,1004.8,105.0
2026-01-17T04:00:00,77.1,41.9,662.0,6.7,99,5.7,0.0,1004.8,140.0
2026-01-17T05:00:00,72.8,40.0,632.0,6.7,98,6.5,0.0,1005.0,180.0
2026-01-17T06:00:00,65.1,40.3,643.0,6.8,97,6.9,0.0,1005.0,215.0
2026-01-17T07:00:00,63.0,45.8,531.0,6.8,96,7.3,0.0,1005.3,215.0
2026-01-17T08:00:00,52.3,49.9,463.0,7.0,94,7.3,0.1,1005.6,175.0
2026-01-17T09:00:00,49.3,49.0,450.0,7.7,91,7.7,0.1,1006.0,235.0
2026-01-17T10:00:00,40.8,47.8,390.0,8.4,89,7.0,0.0,1006.2,310.0
2026-01-17T11:00:00,35.4,45.9,372.0,9.1,86,6.3,0.2,1006.0,330.0
2026-01-17T12:00:00,37.7,43.6,368.0,8.7,92,5.5,0.1,1005.6,170.0
2026-01-17T13:00:00,34.6,43.1,373.0,9.7,87,7.2,0.0,1004.9,255.0
2026-01-17T14:00:00,35.2,47.0,365.0,10.4,83,5.5,0.0,1004.9,290.0
2026-01-17T15:00:00,41.0,55.8,391.0,9.9,89,1.2,0.0,1004.6,75.0
2026-01-17T16:00:00,44.5,60.0,485.0,9.0,89,0.6,0.0,1004.5,15.0
2026-01-17T17:00:00,47.0,65.3,535.0,8.3,92,0.9,0.0,1004.5,20.0
2026-01-17T18:00:00,51.3,67.6,596.0,8.2,92,3.3,0.0,1005.2,40.0
2026-01-17T19:00:00,66.8,70.0,707.0,8.5,89,6.5,0.0,1005.4,60.0
2026-01-17T20:00:00,71.1,69.5,682.0,8.5,87,6.3,0.0,1005.5,65.0
2026-01-17T21:00:00,74.0,71.1,742.0,8.0,88,6.2,0.0,1005.8,65.0
2026-01-17T22:00:00,79.9,67.2,816.0,7.7,89,6.6,0.0,1005.8,70.0
2026-01-17T23:00:00,83.3,62.4,864.0,7.5,89,6.3,0.0,1005.9,55.0
2026-01-18T00:00:00,81.1,58.8,853.0,6.8,92,5.5,0.0,1006.1,45.0
2026-01-18T01:00:00,80.2,54.4,836.0,7.3,90,5.9,0.0,1005.9,50.0
2026-01-18T02:00:00,72.1,45.1,671.0,7.1,89,6.0,0.0,1005.9,55.0
2026-01-18T03:00:00,64.0,40.2,579.0,7.3,87,6.5,0.0,1006.1,85.0
2026-01-18T04:00:00,60.5,35.3,552.0,7.4,88,5.6,0.0,1006.2,90.0
2026-01-18T05:00:00,58.3,31.0,470.0,7.1,88,6.2,0.0,1006.1,335.0
2026-01-18T06:00:00,46.1,33.8,388.0,7.1,86,6.5,0.0,1006.3,245.0
2026-01-18T07:00:00,48.5,36.7,328.0,7.0,84,8.1,0.0,1006.6,300.0
2026-01-18T08:00:00,44.3,36.1,311.0,7.2,80,9.0,0.0,1007.2,385.0
2026-01-18T09:00:00,37.2,28.3,293.0,7.6,76,8.6,0.0,1007.8,450.0
2026-01-18T10:00:00,31.1,23.3,283.0,8.1,72,12.3,0.0,1008.1,525.0
2026-01-18T11:00:00,27.2,19.1,260.0,8.1,70,12.2,0.0,1007.8,545.0
2026-01-18T12:00:00,27.4,19.9,249.0,8.6,75,7.5,0.0,1007.0,550.0
2026-01-18T13:00:00,28.5,19.4,257.0,9.2,70,7.4,0.0,1006.6,640.0
2026-01-18T14:00:00,27.9,18.2,261.0,9.6,67,8.3,0.0,1006.3,705.0
2026-01-18T15:00:00,29.7,19.5,271.0,9.2,70,8.6,0.0,1006.4,750.0
2026-01-18T16:00:00,31.1,30.2,283.0,8.1,72,8.1,0.0,1006.6,605.0
2026-01-18T17:00:00,31.6,37.9,320.0,7.8,72,7.4,0.0,1007.2,560.0
2026-01-18T18:00:00,33.6,46.6,387.0,7.6,74,7.0,0.0,1007.4,505.0
2026-01-18T19:00:00,40.8,50.9,426.0,7.7,73,8.0,0.0,1007.5,570.0
2026-01-18T20:00:00,46.8,49.7,416.0,7.5,71,8.2,0.0,1007.6,595.0
2026-01-18T21:00:00,45.3,47.3,414.0,7.2,71,8.4,0.0,1007.9,580.0
2026-01-18T22:00:00,31.9,40.8,404.0,6.9,73,8.2,0.0,1008.0,465.0
2026-01-18T23:00:00,32.6,31.9,375.0,6.7,74,7.9,0.1,1007.9,380.0
2026-01-19T00:00:00,34.5,30.7,360.0,7.1,74,6.7,0.0,1007.8,285.0
2026-01-19T01:00:00,33.5,30.4,385.0,7.1,74,7.3,0.0,1007.7,355.0
2026-01-19T02:00:00,32.7,26.0,385.0,6.9,74,7.7,0.0,1007.9,380.0
2026-01-19T03:00:00,34.5,26.8,411.0,6.7,74,7.4,0.0,1007.7,330.0
2026-01-19T04:00:00,36.6,28.1,405.0,6.3,71,8.4,0.0,1007.8,330.0
2026-01-19T05:00:00,36.3,30.7,411.0,5.8,66,8.4,0.0,1007.8,325.0
2026-01-19T06:00:00,36.8,35.3,370.0,5.5,69,6.9,0.0,1008.0,330.0
2026-01-19T07:00:00,29.6,50.1,328.0,4.6,67,7.7,0.0,1008.5,350.0
2026-01-19T08:00:00,22.4,50.8,288.0,4.7,62,8.5,0.0,1009.0,360.0
2026-01-19T09:00:00,20.1,40.8,253.0,5.2,59,6.6,0.0,1009.6,395.0
2026-01-19T10:00:00,19.3,32.3,250.0,5.7,56,7.0,0.0,1009.9,470.0
2026-01-19T11:00:00,18.6,23.5,245.0,6.1,55,7.6,0.0,1009.6,465.0
2026-01-19T12:00:00,19.3,20.0,242.0,6.3,62,5.9,0.0,1009.2,385.0
2026-01-19T13:00:00,20.6,24.6,248.0,6.9,60,7.0,0.0,1009.0,515.0
2026-01-19T14:00:00,22.0,26.5,257.0,6.8,56,8.8,0.0,1009.0,740.0
2026-01-19T15:00:00,24.5,31.8,290.0,6.4,55,7.8,0.0,1009.0,625.0
2026-01-19T16:00:00,28.4,57.8,342.0,5.2,60,6.0,0.0,1009.1,340.0
2026-01-19T17:00:00,34.6,82.3,454.0,4.1,66,5.4,0.0,1009.3,155.0
2026-01-19T18:00:00,46.4,98.0,618.0,3.1,75,3.9,0.0,1009.2,75.0
2026-01-19T19:00:00,53.4,97.7,772.0,3.5,75,3.8,0.0,1009.6,75.0
2026-01-19T20:00:00,59.0,91.6,879.0,4.0,74,4.3,0.0,1009.9,80.0
2026-01-19T21:00:00,65.2,84.0,916.0,4.1,72,5.0,0.0,1009.9,145.0
2026-01-19T22:00:00,68.4,77.9,980.0,4.5,67,5.0,0.0,1010.1,205.0
2026-01-19T23:00:00,69.5,67.1,870.0,4.6,67,4.9,0.0,1010.1,195.0
2026-01-20T00:00:00,58.1,57.0,598.0,4.1,70,3.4,0.0,1010.0,125.0
2026-01-20T01:00:00,57.3,53.9,546.0,3.7,71,2.1,0.0,1009.9,70.0
2026-01-20T02:00:00,50.1,50.8,539.0,3.8,68,1.2,0.0,1010.1,100.0
2026-01-20T03:00:00,49.6,43.0,551.0,3.8,64,3.4,0.0,1009.9,210.0
2026-01-20T04:00:00,45.1,42.2,543.0,3.4,63,6.1,0.0,1009.6,195.0
2026-01-20T05:00:00,44.2,41.1,514.0,3.0,63,5.2,0.0,1009.4,170.0
2026-01-20T06:00:00,41.2,41.7,460.0,2.6,71,2.4,0.0,1009.3,190.0
2026-01-20T07:00:00,39.9,56.7,460.0,2.4,69,2.2,0.0,1009.6,100.0
2026-01-20T08:00:00,37.2,59.7,377.0,2.6,66,4.5,0.0,1009.6,190.0
2026-01-20T09:00:00,30.5,48.2,325.0,3.0,63,4.4,0.0,1009.6,240.0
2026-01-20T10:00:00,28.6,42.4,314.0,3.6,61,3.5,0.0,1009.4,260.0
2026-01-20T11:00:00,28.3,32.2,297.0,3.9,60,1.7,0.0,1009.1,270.0
2026-01-20T12:00:00,29.2,30.6,283.0,4.2,59,1.0,0.0,1008.2,260.0
2026-01-20T13:00:00,27.7,29.8,284.0,4.8,61,1.0,0.0,1007.1,300.0
2026-01-20T14:00:00,29.9,32.2,293.0,5.1,63,1.5,0.0,1006.3,320.0
2026-01-20T15:00:00,34.6,41.7,337.0,5.0,65,2.2,0.0,1005.7,280.0
2026-01-20T16:00:00,38.2,58.4,401.0,4.4,73,2.0,0.0,1005.4,120.0
2026-01-20T17:00:00,41.7,71.2,479.0,4.2,73,2.2,0.0,1005.0,85.0
2026-01-20T18:00:00,50.0,76.3,580.0,4.0,78,1.3,0.0,1004.9,45.0
2026-01-20T19:00:00,59.1,79.1,727.0,3.8,77,0.6,0.0,1004.4,15.0
2026-01-20T20:00:00,67.8,92.4,873.0,3.2,82,1.8,0.0,1003.6,30.0
2026-01-20T21:00:00,76.0,84.3,982.0,2.1,85,2.7,0.0,1003.0,25.0
2026-01-20T22:00:00,84.1,80.4,1067.0,1.6,88,4.0,0.0,1002.3,35.0
2026-01-20T23:00:00,94.5,80.4,1134.0,1.5,89,3.5,0.0,1001.7,30.0
2026-01-21T00:00:00,93.8,77.7,1097.0,1.3,87,3.1,0.0,1001.1,40.0
2026-01-21T01:00:00,94.9,72.8,1032.0,0.8,86,2.4,0.0,1000.2,35.0
2026-01-21T02:00:00,98.7,68.8,1068.0,0.2,88,3.9,0.0,999.7,40.0
2026-01-21T03:00:00,93.0,60.3,1122.0,0.1,88,4.4,0.0,998.7,45.0
2026-01-21T04:00:00,88.0,56.5,1070.0,-0.4,89,3.6,0.0,997.7,35.0
2026-01-21T05:00:00,86.4,53.1,992.0,-0.8,92,3.3,0.0,997.0,30.0
2026-01-21T06:00:00,87.1,57.5,984.0,-1.1,94,0.9,0.0,996.0,15.0
2026-01-21T07:00:00,91.0,61.6,987.0,-1.2,94,0.9,0.0,995.6,20.0
2026-01-21T08:00:00,95.9,87.3,1008.0,-0.2,95,4.1,0.0,995.4,40.0
2026-01-21T09:00:00,99.2,66.2,1049.0,1.5,93,1.1,0.0,995.2,65.0
2026-01-21T10:00:00,78.9,62.2,912.0,3.5,87,1.0,0.0,995.0,130.0
2026-01-21T11:00:00,67.0,56.3,717.0,5.1,81,1.9,0.0,994.4,205.0
2026-01-21T12:00:00,57.8,48.1,514.0,5.4,78,4.2,0.0,993.4,305.0
2026-01-21T13:00:00,50.3,44.6,455.0,6.3,74,4.3,0.0,992.1,340.0
2026-01-21T14:00:00,44.5,42.5,435.0,6.7,71,3.9,0.0,991.4,375.0
2026-01-21T15:00:00,45.8,49.8,434.0,6.4,73,3.5,0.0,990.7,320.0
2026-01-21T16:00:00,64.2,68.6,549.0,4.6,83,3.1,0.0,990.2,75.0
2026-01-21T17:00:00,70.6,76.6,680.0,3.8,87,5.8,0.0,989.8,105.0
2026-01-21T18:00:00,80.4,74.8,751.0,2.8,92,4.9,0.0,989.4,95.0
2026-01-21T19:00:00,82.4,80.7,829.0,2.4,93,5.3,0.0,989.0,80.0
2026-01-21T20:00:00,81.8,81.1,954.0,1.9,93,6.1,0.0,988.7,85.0
2026-01-21T21:00:00,87.4,80.9,1058.0,1.2,92,6.0,0.0,988.5,80.0
2026-01-21T22:00:00,97.0,78.1,1115.0,0.7,91,5.2,0.0,988.0,65.0
2026-01-21T23:00:00,106.7,73.9,1175.0,0.3,90,4.8,0.0,987.6,55.0
2026-01-22T00:00:00,102.5,60.9,1233.0,-0.4,92,1.7,0.0,987.1,20.0
2026-01-22T01:00:00,107.2,59.1,1239.0,-0.7,94,1.5,0.0,986.5,20.0
2026-01-22T02:00:00,104.5,55.8,1217.0,-1.2,95,3.1,0.0,986.2,30.0
2026-01-22T03:00:00,100.9,57.6,1166.0,-1.4,95,3.4,0.0,985.6,25.0
2026-01-22T04:00:00,100.0,56.3,1110.0,-1.5,95,3.9,0.0,985.2,25.0
2026-01-22T05:00:00,100.9,55.7,1063.0,-1.4,96,6.8,0.0,985.0,40.0
2026-01-22T06:00:00,90.9,56.3,1083.0,-1.6,98,6.1,0.0,984.8,55.0
2026-01-22T07:00:00,95.9,65.5,1199.0,-1.8,100,4.8,0.0,984.5,65.0
2026-01-22T08:00:00,100.5,68.9,1152.0,-1.5,99,5.1,0.0,984.9,75.0
2026-01-22T09:00:00,87.7,63.2,1080.0,-0.8,99,5.1,0.0,984.8,75.0
2026-01-22T10:00:00,79.9,52.9,869.0,0.7,94,5.9,0.0,984.9,105.0
2026-01-22T11:00:00,72.8,44.4,731.0,2.6,89,4.3,0.0,984.6,225.0
2026-01-22T12:00:00,69.4,42.1,622.0,3.5,87,3.5,0.0,984.4,325.0
2026-01-22T13:00:00,64.9,40.3,574.0,4.3,84,2.4,0.0,983.8,325.0
2026-01-22T14:00:00,61.6,44.5,543.0,4.8,82,2.1,0.0,983.6,290.0
2026-01-22T15:00:00,59.9,52.3,532.0,4.9,82,1.9,0.0,983.4,280.0
2026-01-22T16:00:00,67.3,82.3,675.0,3.5,88,1.9,0.0,983.6,60.0
2026-01-22T17:00:00,80.5,94.8,743.0,2.4,90,2.2,0.0,983.8,35.0
2026-01-22T18:00:00,89.4,94.4,924.0,2.5,92,5.5,0.0,984.1,40.0
2026-01-22T19:00:00,100.9,90.4,1103.0,2.3,94,3.4,0.0,984.3,45.0
2026-01-22T20:00:00,110.9,86.0,1190.0,1.7,95,3.2,0.0,984.3,40.0
2026-01-22T21:00:00,117.1,83.6,1305.0,1.3,95,4.1,0.0,984.4,40.0
2026-01-22T22:00:00,121.6,81.4,1410.0,1.3,95,2.8,0.0,984.2,35.0
2026-01-22T23:00:00,127.4,79.3,1522.0,2.1,94,4.1,0.0,984.3,35.0
2026-01-23T00:00:00,126.0,74.0,1710.0,1.5,94,0.8,0.0,984.6,15.0
2026-01-23T01:00:00,130.4,68.1,1588.0,1.4,94,0.0,0.0,984.7,10.0
2026-01-23T02:00:00,127.0,61.5,1483.0,1.6,95,2.7,0.0,984.8,30.0
2026-01-23T03:00:00,121.6,60.8,1396.0,1.6,96,1.7,0.0,984.7,20.0
2026-01-23T04:00:00,121.0,60.1,1317.0,1.3,97,1.9,0.0,984.6,20.0
2026-01-23T05:00:00,114.4,56.9,1158.0,0.9,98,2.4,0.0,984.4,20.0
2026-01-23T06:00:00,101.5,59.0,1155.0,0.2,100,1.0,0.0,984.8,15.0
2026-01-23T07:00:00,95.1,63.2,1176.0,-0.5,100,0.9,0.0,985.0,15.0
2026-01-23T08:00:00,100.0,79.7,1211.0,0.5,100,3.1,0.0,985.4,30.0
2026-01-23T09:00:00,104.9,73.9,1266.0,2.2,95,1.5,0.0,985.8,70.0
2026-01-23T10:00:00,106.7,74.1,1226.0,3.6,89,0.6,0.0,985.9,130.0
2026-01-23T11:00:00,104.2,72.5,1237.0,3.9,86,2.6,0.0,985.6,145.0
2026-01-23T12:00:00,95.6,72.6,1233.0,2.7,93,3.2,0.1,985.4,100.0
2026-01-23T13:00:00,90.6,74.1,930.0,2.9,93,2.4,0.2,985.0,80.0
2026-01-23T14:00:00,89.8,75.4,934.0,2.9,94,4.2,0.3,985.0,100.0
2026-01-23T15:00:00,90.6,83.9,829.0,2.9,97,1.5,0.7,985.4,35.0
2026-01-23T16:00:00,84.8,81.0,1000.0,2.9,96,5.0,0.7,985.2,160.0
2026-01-23T17:00:00,86.2,85.9,1144.0,2.8,94,6.3,0.1,985.1,125.0
2026-01-23T18:00:00,94.4,86.7,1200.0,2.8,95,3.3,0.0,985.4,65.0
2026-01-23T19:00:00,79.4,85.9,1185.0,2.8,98,5.6,0.3,985.5,70.0
2026-01-23T20:00:00,63.7,73.2,1066.0,2.9,96,6.7,0.5,985.6,175.0
2026-01-23T21:00:00,52.7,67.3,974.0,2.8,94,8.7,0.1,985.7,255.0
2026-01-23T22:00:00,47.5,64.2,859.0,2.6,95,8.6,0.1,985.7,300.0
2026-01-23T23:00:00,44.4,62.9,760.0,2.6,95,6.9,0.6,985.7,305.0
2026-01-24T00:00:00,54.1,59.4,717.0,2.8,97,3.5,0.9,986.0,80.0
2026-01-24T01:00:00,44.4,57.7,668.0,2.7,97,5.4,0.2,986.1,65.0
2026-01-24T02:00:00,43.2,54.4,576.0,2.8,97,4.9,0.2,986.1,60.0
2026-01-24T03:00:00,40.0,50.5,569.0,2.7,98,6.7,0.2,985.8,65.0
2026-01-24T04:00:00,29.8,47.8,605.0,2.7,98,7.6,1.0,985.7,80.0
2026-01-24T05:00:00,27.3,43.1,569.0,2.7,97,8.7,0.4,985.7,110.0
2026-01-24T06:00:00,29.4,42.6,567.0,2.1,99,9.7,0.6,985.7,140.0
2026-01-24T07:00:00,26.5,47.2,492.0,2.3,98,7.9,0.9,986.0,115.0
2026-01-24T08:00:00,23.8,51.5,463.0,3.0,95,5.8,0.2,986.3,90.0
2026-01-24T09:00:00,23.3,53.4,443.0,3.9,96,1.1,0.0,986.9,50.0
2026-01-24T10:00:00,25.7,55.9,495.0,4.1,97,2.3,0.0,986.8,55.0
2026-01-24T11:00:00,28.5,55.6,519.0,4.5,95,1.2,0.2,986.5,80.0
2026-01-24T12:00:00,29.8,54.8,482.0,6.2,84,2.3,0.1,985.7,275.0
2026-01-24T13:00:00,23.9,44.9,388.0,6.8,84,6.5,0.0,985.8,265.0
2026-01-24T14:00:00,25.2,49.1,382.0,6.5,83,8.7,0.0,985.8,340.0
2026-01-24T15:00:00,25.4,48.3,451.0,6.1,84,4.6,0.0,985.9,320.0
2026-01-24T16:00:00,31.3,59.8,511.0,5.6,89,3.9,0.0,985.9,140.0
2026-01-24T17:00:00,41.6,64.4,678.0,5.6,90,4.7,0.0,985.5,155.0
2026-01-24T18:00:00,50.9,72.3,814.0,5.3,95,1.6,0.0,985.9,30.0
2026-01-24T19:00:00,56.4,62.5,865.0,5.3,96,1.5,0.1,985.4,30.0
2026-01-24T20:00:00,58.4,63.8,830.0,5.0,97,2.4,0.7,985.6,50.0
2026-01-24T21:00:00,55.8,63.7,882.0,4.6,98,2.1,1.0,985.5,40.0
2026-01-24T22:00:00,54.8,59.6,881.0,4.8,98,10.0,1.6,984.7,350.0
2026-01-24T23:00:00,48.4,53.0,695.0,4.9,98,8.8,2.8,984.9,395.0
2026-01-25T00:00:00,46.7,46.6,735.0,5.5,97,3.7,2.2,984.4,315.0
2026-01-25T01:00:00,31.4,44.7,742.0,5.3,97,1.8,2.0,984.5,230.0
2026-01-25T02:00:00,25.9,42.3,734.0,5.1,97,3.2,0.8,984.6,200.0
2026-01-25T03:00:00,21.0,40.5,740.0,4.8,97,3.5,0.0,984.2,80.0
2026-01-25T04:00:00,21.4,40.3,747.0,4.8,97,3.4,0.0,983.9,105.0
2026-01-25T05:00:00,23.9,42.4,733.0,4.6,98,4.1,0.0,983.4,110.0
2026-01-25T06:00:00,25.6,47.7,624.0,4.6,99,1.6,0.0,983.1,35.0
2026-01-25T07:00:00,32.1,45.5,640.0,4.3,99,4.9,0.0,982.9,65.0
2026-01-25T08:00:00,29.8,43.0,589.0,4.2,98,7.1,0.0,982.7,140.0
2026-01-25T09:00:00,30.6,39.5,583.0,4.3,97,7.3,0.0,982.7,165.0
2026-01-25T10:00:00,25.6,34.4,611.0,4.6,96,6.3,0.0,982.7,200.0
2026-01-25T11:00:00,22.9,32.2,567.0,5.1,92,5.7,0.0,981.9,205.0
2026-01-25T12:00:00,19.6,27.9,495.0,5.2,91,4.4,0.0,981.4,220.0
2026-01-25T13:00:00,18.0,24.4,453.0,5.8,88,5.6,0.0,981.0,320.0
2026-01-25T14:00:00,16.0,22.1,395.0,6.0,85,6.0,0.0,980.3,350.0
2026-01-25T15:00:00,19.1,23.0,369.0,6.0,85,4.0,0.0,979.9,330.0
2026-01-25T16:00:00,22.9,32.4,440.0,5.8,85,3.4,0.0,979.8,230.0
2026-01-25T17:00:00,30.4,51.1,521.0,5.0,89,2.5,0.0,979.8,70.0
2026-01-25T18:00:00,35.1,54.8,642.0,4.7,92,5.2,0.0,979.5,65.0
2026-01-25T19:00:00,41.0,53.9,743.0,4.6,93,3.8,0.0,980.0,60.0
2026-01-25T20:00:00,48.6,54.4,846.0,3.9,95,1.0,0.0,980.0,15.0
2026-01-25T21:00:00,47.6,56.2,913.0,3.4,96,0.9,0.0,980.1,15.0
2026-01-25T22:00:00,58.0,56.0,943.0,3.1,98,0.6,0.0,980.2,10.0
2026-01-25T23:00:00,66.5,53.7,912.0,2.7,100,0.6,0.0,980.4,10.0
2026-01-26T00:00:00,65.9,49.0,834.0,3.9,99,4.6,0.0,980.4,25.0
2026-01-26T01:00:00,56.2,48.1,828.0,3.5,98,2.4,0.0,980.5,20.0
2026-01-26T02:00:00,57.8,46.6,823.0,3.1,100,1.5,0.0,980.7,15.0
2026-01-26T03:00:00,59.3,45.8,783.0,3.6,100,3.8,0.0,980.7,35.0
2026-01-26T04:00:00,62.8,45.2,748.0,4.0,99,4.0,0.0,981.1,55.0
2026-01-26T05:00:00,66.7,44.5,706.0,4.0,99,3.5,0.0,981.5,40.0
2026-01-26T06:00:00,66.1,48.7,725.0,4.6,100,4.3,0.0,982.0,55.0
2026-01-26T07:00:00,63.8,53.6,794.0,4.4,100,6.0,0.0,982.7,110.0
2026-01-26T08:00:00,62.0,66.3,872.0,4.2,99,6.1,0.0,983.7,105.0
2026-01-26T09:00:00,58.4,63.1,827.0,4.4,97,4.8,0.0,984.4,110.0
2026-01-26T10:00:00,52.4,52.8,598.0,5.6,91,4.7,0.0,985.0,215.0
2026-01-26T11:00:00,38.9,40.4,546.0,7.1,81,4.0,0.0,985.2,425.0
2026-01-26T12:00:00,30.3,30.1,456.0,8.3,71,1.3,0.0,985.3,850.0
2026-01-26T13:00:00,23.8,25.6,391.0,9.0,68,1.6,0.0,984.9,870.0
2026-01-26T14:00:00,21.6,24.1,342.0,9.2,66,2.7,0.0,985.0,855.0
2026-01-26T15:00:00,20.4,28.6,318.0,9.2,66,3.8,0.0,985.2,715.0
2026-01-26T16:00:00,24.1,39.4,380.0,7.6,76,4.2,0.0,985.8,140.0
2026-01-26T17:00:00,26.8,49.9,458.0,6.4,80,6.3,0.0,986.3,80.0
2026-01-26T18:00:00,34.0,64.9,540.0,5.6,85,4.3,0.0,986.8,50.0
2026-01-26T19:00:00,41.7,70.4,635.0,5.3,85,2.2,0.0,987.0,25.0
2026-01-26T20:00:00,46.6,67.0,658.0,4.8,87,4.9,0.0,987.5,40.0
2026-01-26T21:00:00,50.2,55.0,695.0,4.2,89,6.6,0.0,988.0,40.0
2026-01-26T22:00:00,57.1,55.1,801.0,3.6,92,5.8,0.0,988.3,35.0
2026-01-26T23:00:00,55.0,53.1,847.0,3.2,92,4.9,0.0,988.3,35.0
2026-01-27T00:00:00,59.3,59.2,880.0,2.2,93,4.3,0.0,988.9,25.0
2026-01-27T01:00:00,59.3,49.3,813.0,1.9,94,4.7,0.0,988.8,35.0
2026-01-27T02:00:00,58.1,44.7,839.0,2.5,91,5.8,0.0,988.9,40.0
2026-01-27T03:00:00,56.9,43.0,822.0,1.5,92,4.2,0.0,988.9,40.0
2026-01-27T04:00:00,58.3,43.4,772.0,1.1,93,1.4,0.0,988.8,15.0
2026-01-27T05:00:00,58.7,42.6,780.0,-0.1,100,0.7,0.0,988.0,10.0
2026-01-27T06:00:00,58.3,50.8,810.0,0.0,100,0.9,0.0,988.5,15.0
2026-01-27T07:00:00,62.6,60.6,791.0,0.5,100,1.5,0.0,988.7,30.0
2026-01-27T08:00:00,65.6,73.6,793.0,1.0,100,1.5,0.0,989.0,35.0
2026-01-27T09:00:00,55.8,68.2,816.0,2.3,98,0.8,0.0,989.5,80.0
2026-01-27T10:00:00,57.6,70.2,752.0,3.7,93,0.5,0.0,989.1,120.0
2026-01-27T11:00:00,54.4,67.8,758.0,4.7,90,1.3,0.0,988.9,135.0
2026-01-27T12:00:00,50.7,62.4,692.0,4.2,93,4.3,0.0,988.6,135.0
2026-01-27T13:00:00,47.2,62.9,641.0,4.9,92,1.8,0.2,988.0,110.0
2026-01-27T14:00:00,42.9,69.0,596.0,5.6,91,2.3,0.0,987.3,120.0
2026-01-27T15:00:00,44.6,69.8,663.0,5.9,93,3.1,0.0,986.8,115.0
2026-01-27T16:00:00,46.9,71.3,750.0,5.4,96,1.4,0.8,986.3,25.0
2026-01-27T17:00:00,49.8,75.9,821.0,5.2,97,3.1,0.9,985.8,35.0
2026-01-27T18:00:00,54.4,80.3,920.0,5.1,99,3.2,0.6,986.0,30.0
2026-01-27T19:00:00,57.9,84.4,997.0,5.2,99,4.8,1.1,985.9,40.0
2026-01-27T20:00:00,59.2,84.2,1073.0,5.5,98,6.4,0.9,985.1,85.0
2026-01-27T21:00:00,55.3,79.9,920.0,5.8,96,8.9,1.0,984.1,195.0
2026-01-27T22:00:00,56.6,58.3,839.0,5.8,96,8.0,1.4,983.4,250.0
2026-01-27T23:00:00,52.8,57.3,733.0,5.8,95,7.8,1.6,982.8,250.0
2026-01-28T00:00:00,37.5,48.2,540.0,5.9,93,8.0,1.3,982.5,585.0
2026-01-28T01:00:00,33.8,40.7,498.0,5.7,93,11.3,1.8,981.6,685.0
2026-01-28T02:00:00,26.3,33.2,415.0,5.6,94,9.6,1.5,980.3,390.0
2026-01-28T03:00:00,19.0,31.4,347.0,5.1,96,11.3,1.6,979.5,185.0
2026-01-28T04:00:00,13.5,27.8,296.0,4.4,96,12.2,1.5,978.3,175.0
2026-01-28T05:00:00,10.2,28.9,269.0,4.5,94,11.4,0.5,976.7,175.0
2026-01-28T06:00:00,8.8,41.0,262.0,4.7,94,10.1,0.8,975.8,245.0
2026-01-28T07:00:00,9.1,53.9,319.0,4.7,95,8.5,1.7,975.8,105.0
2026-01-28T08:00:00,11.2,62.3,315.0,4.6,95,12.6,2.2,975.4,175.0
2026-01-28T09:00:00,11.7,61.0,312.0,4.6,94,11.5,2.4,974.9,175.0
2026-01-28T10:00:00,9.8,59.1,313.0,4.8,95,10.3,1.7,974.8,160.0
2026-01-28T11:00:00,10.6,53.4,271.0,5.3,96,9.9,0.9,974.3,215.0
2026-01-28T12:00:00,8.7,46.1,258.0,5.7,90,9.6,0.6,974.2,225.0
2026-01-28T13:00:00,8.0,46.0,272.0,6.1,90,6.8,0.2,973.9,190.0
2026-01-28T14:00:00,10.7,55.1,292.0,6.0,89,6.9,0.0,973.8,160.0
2026-01-28T15:00:00,13.7,57.7,338.0,5.8,90,4.2,0.0,973.4,140.0
2026-01-28T16:00:00,17.2,58.3,395.0,5.6,93,3.7,0.1,973.4,75.0
2026-01-28T17:00:00,23.1,60.3,483.0,5.3,95,6.0,0.0,973.8,115.0
2026-01-28T18:00:00,29.2,60.2,565.0,5.5,96,6.7,0.0,974.3,110.0
2026-01-28T19:00:00,32.8,58.4,540.0,5.3,96,6.5,0.0,974.1,115.0
2026-01-28T20:00:00,40.1,58.4,634.0,5.1,96,5.2,0.0,973.8,105.0
2026-01-28T21:00:00,41.4,61.0,599.0,3.8,98,6.4,0.0,974.2,90.0
2026-01-28T22:00:00,40.1,55.8,627.0,4.5,97,5.7,0.0,974.2,120.0
2026-01-28T23:00:00,38.5,44.9,574.0,4.2,97,7.4,0.0,974.4,150.0
2026-01-29T00:00:00,35.1,39.0,493.0,4.2,98,5.9,0.1,975.0,90.0
2026-01-29T01:00:00,33.2,35.4,472.0,4.1,98,2.5,0.1,975.2,60.0
2026-01-29T02:00:00,31.7,32.5,460.0,3.7,98,2.6,0.1,975.4,40.0
2026-01-29T03:00:00,32.1,32.5,461.0,4.2,99,5.3,0.0,975.3,70.0
2026-01-29T04:00:00,29.8,32.4,435.0,3.7,99,7.2,0.0,975.4,90.0
2026-01-29T05:00:00,27.9,31.3,403.0,3.6,99,7.1,0.0,975.6,95.0
2026-01-29T06:00:00,30.9,35.0,418.0,3.7,99,7.4,0.0,975.9,65.0
2026-01-29T07:00:00,33.1,41.8,480.0,3.8,100,6.0,0.0,976.6,75.0
2026-01-29T08:00:00,35.5,47.9,577.0,4.0,99,5.2,0.0,977.5,70.0
2026-01-29T09:00:00,37.0,43.7,636.0,5.2,97,4.5,0.0,978.1,75.0
2026-01-29T10:00:00,36.1,43.3,599.0,6.7,91,3.4,0.0,978.9,150.0
2026-01-29T11:00:00,30.7,38.0,543.0,8.3,86,3.2,0.0,979.2,275.0
2026-01-29T12:00:00,33.0,35.1,421.0,8.2,82,2.4,0.0,979.2,345.0
2026-01-29T13:00:00,29.5,36.9,383.0,9.3,78,1.2,0.0,979.0,440.0
2026-01-29T14:00:00,27.1,34.4,385.0,9.7,75,3.3,0.0,979.2,515.0
2026-01-29T15:00:00,26.3,36.5,430.0,9.6,74,4.3,0.0,979.5,435.0
2026-01-29T16:00:00,27.6,52.5,512.0,8.0,82,2.2,0.0,979.8,55.0
2026-01-29T17:00:00,40.9,66.6,596.0,6.5,84,1.8,0.0,980.3,25.0
2026-01-29T18:00:00,49.3,72.1,733.0,5.7,87,2.3,0.0,980.5,20.0
2026-01-29T19:00:00,61.5,74.2,880.0,5.3,88,1.0,0.0,981.0,15.0
2026-01-29T20:00:00,75.4,78.1,995.0,4.8,91,0.5,0.0,981.5,10.0
2026-01-29T21:00:00,67.6,94.3,1146.0,3.8,94,1.6,0.0,981.9,15.0
2026-01-29T22:00:00,84.3,82.0,1372.0,2.9,97,3.6,0.0,981.8,20.0
2026-01-29T23:00:00,103.7,67.8,1271.0,2.5,97,4.1,0.0,981.7,25.0
2026-01-30T00:00:00,96.9,62.9,1229.0,2.3,100,3.6,0.0,982.3,30.0
2026-01-30T01:00:00,81.9,57.6,1085.0,2.0,100,2.7,0.0,982.3,25.0
2026-01-30T02:00:00,78.5,52.2,1053.0,1.6,100,4.0,0.0,982.6,30.0
2026-01-30T03:00:00,67.5,48.1,881.0,1.9,100,5.0,0.0,982.7,35.0
2026-01-30T04:00:00,63.6,44.1,790.0,2.0,100,3.4,0.0,982.7,40.0
2026-01-30T05:00:00,58.0,42.3,757.0,1.8,99,3.5,0.0,982.8,35.0
2026-01-30T06:00:00,53.7,50.5,714.0,3.1,100,3.4,0.0,983.4,40.0
2026-01-30T07:00:00,54.4,56.5,761.0,3.7,99,3.8,0.0,983.7,50.0
2026-01-30T08:00:00,56.9,58.4,765.0,4.4,97,2.6,0.0,984.1,50.0
2026-01-30T09:00:00,53.2,59.0,638.0,5.3,95,0.7,0.0,984.3,60.0
2026-01-30T10:00:00,54.8,50.2,660.0,7.0,89,1.1,0.0,984.4,230.0
2026-01-30T11:00:00,53.5,50.5,637.0,8.1,79,2.1,0.0,984.3,550.0
2026-01-30T12:00:00,51.5,47.6,589.0,7.8,85,3.9,0.0,984.1,375.0
2026-01-30T13:00:00,48.7,46.9,546.0,8.1,82,4.3,0.1,983.8,470.0
2026-01-30T14:00:00,45.8,44.4,531.0,8.4,77,3.3,0.0,983.7,605.0
2026-01-30T15:00:00,43.5,49.5,523.0,8.6,75,3.1,0.0,983.7,520.0
2026-01-30T16:00:00,52.4,59.2,561.0,7.7,80,5.2,0.0,984.0,170.0
2026-01-30T17:00:00,61.9,69.7,737.0,6.1,87,4.9,0.0,984.1,85.0
2026-01-30T18:00:00,76.9,80.0,876.0,5.6,92,4.5,0.0,984.0,55.0
2026-01-30T19:00:00,69.9,70.3,994.0,4.9,93,4.2,0.0,984.3,40.0
2026-01-30T20:00:00,73.0,64.9,989.0,4.8,94,1.0,0.0,984.5,15.0
2026-01-30T21:00:00,77.5,60.4,1004.0,4.2,96,1.4,0.1,984.5,15.0
2026-01-30T22:00:00,81.9,64.7,1105.0,3.7,96,2.6,0.2,984.5,20.0
2026-01-30T23:00:00,85.8,61.7,1070.0,2.8,97,2.5,0.0,984.4,20.0
2026-01-31T00:00:00,90.2,61.0,1053.0,3.4,100,3.2,0.0,984.3,20.0
2026-01-31T01:00:00,94.7,61.6,1131.0,3.4,100,2.7,0.0,984.3,15.0
2026-01-31T02:00:00,96.7,59.8,1251.0,2.9,100,0.8,0.0,984.3,15.0
2026-01-31T03:00:00,95.9,57.8,1265.0,2.7,100,3.4,0.0,984.2,35.0
2026-01-31T04:00:00,88.5,55.6,1131.0,2.9,99,5.6,0.0,984.4,60.0
2026-01-31T05:00:00,82.5,53.5,1061.0,3.1,99,7.2,0.0,984.4,75.0
2026-01-31T06:00:00,75.2,52.2,978.0,3.8,100,4.8,0.0,984.8,55.0
2026-01-31T07:00:00,68.3,52.0,877.0,4.4,98,4.8,0.0,985.2,60.0
2026-01-31T08:00:00,62.6,44.6,785.0,5.1,96,5.0,0.0,985.7,70.0
2026-01-31T09:00:00,55.6,44.5,662.0,6.5,93,3.1,0.0,986.3,105.0
2026-01-31T10:00:00,53.0,40.3,574.0,7.9,84,4.1,0.0,986.6,325.0
2026-01-31T11:00:00,50.1,41.9,574.0,8.4,78,5.2,0.0,987.2,525.0
2026-01-31T12:00:00,48.1,39.7,558.0,8.1,78,2.2,0.0,987.1,620.0
2026-01-31T13:00:00,46.3,36.8,526.0,8.9,73,1.5,0.0,987.0,750.0
2026-01-31T14:00:00,43.8,35.8,449.0,9.2,71,2.3,0.0,987.2,795.0
2026-01-31T15:00:00,40.1,37.5,447.0,9.0,72,2.5,0.0,987.6,520.0
2026-01-31T16:00:00,45.4,56.8,480.0,8.0,80,1.3,0.0,987.9,30.0
2026-01-31T17:00:00,64.5,71.6,605.0,6.4,84,6.1,0.0,988.1,85.0
2026-01-31T18:00:00,71.7,68.9,752.0,5.9,88,5.0,0.0,988.5,60.0
2026-01-31T19:00:00,79.1,74.2,840.0,5.5,90,6.6,0.0,988.8,75.0
2026-01-31T20:00:00,80.9,67.2,874.0,4.9,93,6.2,0.0,989.0,75.0
2026-01-31T21:00:00,87.0,62.3,913.0,3.8,95,4.3,0.0,989.3,50.0
2026-01-31T22:00:00,92.1,62.4,973.0,2.9,97,4.0,0.0,989.6,30.0
2026-01-31T23:00:00,96.9,58.1,1004.0,2.5,97,4.2,0.0,989.7,30.0
2026-02-01T00:00:00,100.0,58.2,997.0,2.5,100,0.8,0.0,990.1,15.0
2026-02-01T01:00:00,96.8,56.0,1026.0,2.5,100,1.9,0.0,990.2,25.0
2026-02-01T02:00:00,96.1,54.1,1015.0,2.8,98,4.5,0.0,990.4,35.0
2026-02-01T03:00:00,91.5,48.2,988.0,1.6,99,1.5,0.0,990.3,15.0
2026-02-01T04:00:00,87.9,48.4,927.0,1.4,99,2.3,0.0,990.3,20.0
2026-02-01T05:00:00,80.9,43.1,854.0,1.2,98,2.7,0.0,990.3,30.0
2026-02-01T06:00:00,74.6,44.5,777.0,1.5,100,4.0,0.0,990.4,40.0
2026-02-01T07:00:00,71.4,46.1,718.0,1.7,100,3.3,0.0,990.9,50.0
2026-02-01T08:00:00,68.5,37.7,671.0,2.3,99,2.9,0.0,991.2,55.0
2026-02-01T09:00:00,64.2,36.0,631.0,3.4,99,2.8,0.0,991.6,45.0
2026-02-01T10:00:00,57.4,35.0,588.0,4.4,96,2.2,0.0,991.9,40.0
2026-02-01T11:00:00,55.8,36.3,494.0,5.6,94,2.8,0.0,992.3,170.0
2026-02-01T12:00:00,56.8,31.6,526.0,5.3,92,4.9,0.0,991.8,215.0
2026-02-01T13:00:00,53.0,27.8,473.0,6.2,88,4.0,0.0,991.3,310.0
2026-02-01T14:00:00,48.5,26.5,413.0,6.8,85,3.6,0.0,991.0,380.0
2026-02-01T15:00:00,50.1,26.6,373.0,7.0,84,4.1,0.0,991.0,405.0
2026-02-01T16:00:00,53.6,37.6,480.0,6.3,88,2.5,0.0,991.0,335.0
2026-02-01T17:00:00,67.3,59.6,646.0,4.5,92,3.1,0.0,990.8,40.0
2026-02-01T18:00:00,78.8,66.9,772.0,4.2,95,0.9,0.0,990.8,15.0
2026-02-01T19:00:00,82.4,68.0,862.0,3.6,96,2.8,0.0,991.1,30.0
2026-02-01T20:00:00,83.8,67.3,960.0,3.7,96,4.9,0.0,991.2,50.0
2026-02-01T21:00:00,87.7,62.7,1003.0,2.9,98,4.0,0.0,991.3,40.0
2026-02-01T22:00:00,90.6,62.6,943.0,2.7,100,5.2,0.0,991.5,30.0
2026-02-01T23:00:00,89.4,56.9,902.0,2.2,100,4.8,0.0,991.6,30.0
2026-02-02T00:00:00,85.4,46.5,870.0,2.0,100,2.2,0.0,991.6,20.0
2026-02-02T01:00:00,85.7,49.2,878.0,2.0,100,1.0,0.0,991.3,15.0
2026-02-02T02:00:00,85.2,48.2,882.0,2.3,100,2.7,0.0,991.0,35.0
2026-02-02T03:00:00,82.6,47.1,857.0,1.8,100,3.8,0.0,990.6,40.0
2026-02-02T04:00:00,78.1,46.9,803.0,1.8,100,1.5,0.0,990.5,25.0
2026-02-02T05:00:00,77.2,46.8,765.0,1.6,100,1.1,0.0,990.6,30.0
2026-02-02T06:00:00,80.2,48.2,749.0,2.3,100,2.5,0.0,990.7,50.0
2026-02-02T07:00:00,80.0,53.6,790.0,2.4,99,2.2,0.0,990.6,45.0
2026-02-02T08:00:00,78.5,57.3,859.0,2.9,99,4.4,0.0,991.1,75.0
2026-02-02T09:00:00,75.5,51.4,760.0,3.5,98,4.8,0.0,991.0,85.0
2026-02-02T10:00:00,62.8,46.6,659.0,4.3,94,4.6,0.0,991.2,125.0
2026-02-02T11:00:00,53.7,47.9,550.0,4.7,93,4.3,0.1,991.4,175.0
2026-02-02T12:00:00,47.7,41.4,470.0,4.7,93,2.1,0.2,991.1,185.0
2026-02-02T13:00:00,44.2,38.0,438.0,5.2,90,3.3,0.1,990.6,265.0
2026-02-02T14:00:00,39.4,37.9,423.0,5.4,87,4.1,0.1,990.3,280.0
2026-02-02T15:00:00,36.8,43.5,409.0,5.2,88,4.4,0.1,990.1,255.0
2026-02-02T16:00:00,33.8,52.9,462.0,5.0,90,4.7,0.1,990.1,255.0
2026-02-02T17:00:00,38.7,60.6,527.0,4.8,90,4.4,0.2,990.3,230.0
2026-02-02T18:00:00,45.5,60.7,574.0,4.6,89,5.1,0.4,990.6,405.0
2026-02-02T19:00:00,45.7,59.2,576.0,4.2,90,6.3,0.9,991.0,400.0
2026-02-02T20:00:00,41.0,55.7,501.0,3.5,93,6.2,1.2,991.3,310.0
2026-02-02T21:00:00,29.5,50.4,475.0,3.1,96,7.2,1.2,991.3,270.0
2026-02-02T22:00:00,23.5,47.3,464.0,2.8,97,8.1,0.9,991.5,260.0
2026-02-02T23:00:00,21.7,37.4,451.0,2.8,97,8.7,0.7,990.9,280.0
2026-02-03T00:00:00,21.7,32.6,444.0,2.3,97,5.1,0.3,990.9,195.0
2026-02-03T01:00:00,18.7,30.4,387.0,2.6,96,5.8,0.3,990.5,230.0
2026-02-03T02:00:00,18.2,26.1,394.0,2.4,98,7.2,0.9,990.4,215.0
2026-02-03T03:00:00,17.3,23.8,417.0,2.3,98,8.8,0.7,989.5,260.0
2026-02-03T04:00:00,15.1,24.8,410.0,2.5,97,9.4,0.5,988.6,335.0
2026-02-03T05:00:00,15.6,30.8,387.0,2.9,97,7.9,0.7,987.6,330.0
2026-02-03T06:00:00,17.9,43.1,430.0,1.7,99,6.9,1.6,988.5,125.0
2026-02-03T07:00:00,19.2,51.2,481.0,1.5,99,8.2,2.4,989.2,125.0
2026-02-03T08:00:00,17.1,58.1,505.0,1.7,98,8.3,0.7,989.6,165.0
2026-02-03T09:00:00,15.9,52.6,452.0,2.3,95,7.4,0.1,989.4,150.0
2026-02-03T10:00:00,15.6,45.9,377.0,3.1,92,6.3,0.0,990.2,145.0
2026-02-03T11:00:00,14.1,35.7,377.0,3.9,90,2.4,0.0,990.3,100.0
2026-02-03T12:00:00,15.3,31.8,353.0,3.9,88,2.1,0.0,990.6,310.0
2026-02-03T13:00:00,14.4,32.4,339.0,4.2,90,0.5,0.0,990.3,295.0
2026-02-03T14:00:00,15.6,33.0,369.0,4.5,89,3.2,0.0,990.3,290.0
2026-02-03T15:00:00,16.2,39.2,377.0,4.7,89,1.9,0.0,990.1,275.0
2026-02-03T16:00:00,23.4,53.8,406.0,4.6,89,1.4,0.0,989.9,165.0
2026-02-03T17:00:00,32.8,67.9,512.0,3.5,94,3.6,0.0,990.2,60.0
2026-02-03T18:00:00,39.9,71.2,671.0,3.2,97,2.2,0.0,990.4,25.0
2026-02-03T19:00:00,45.6,71.9,773.0,3.9,95,6.6,0.0,990.7,100.0
2026-02-03T20:00:00,51.9,68.8,744.0,4.0,93,5.3,0.0,990.8,115.0
2026-02-03T21:00:00,53.8,64.5,752.0,3.9,94,4.0,0.0,990.8,60.0
2026-02-03T22:00:00,57.2,62.5,817.0,3.8,94,4.0,0.1,990.7,50.0
2026-02-03T23:00:00,58.8,60.5,872.0,3.6,96,3.9,0.1,990.0,40.0
2026-02-04T00:00:00,60.2,57.7,786.0,3.6,96,3.8,0.0,989.9,40.0
2026-02-04T01:00:00,59.0,49.7,784.0,3.3,99,1.8,0.0,988.9,25.0
2026-02-04T02:00:00,54.4,43.5,758.0,3.1,99,5.0,0.0,988.2,65.0
2026-02-04T03:00:00,47.3,40.3,743.0,3.1,98,5.0,0.0,987.3,90.0
2026-02-04T04:00:00,43.0,38.0,713.0,3.1,99,4.2,0.0,986.6,65.0
2026-02-04T05:00:00,41.4,39.7,642.0,3.2,99,3.2,0.2,985.9,45.0
2026-02-04T06:00:00,42.6,42.8,619.0,3.2,98,6.1,0.2,984.9,80.0
2026-02-04T07:00:00,43.7,49.9,642.0,3.6,98,4.0,0.1,984.3,70.0
2026-02-04T08:00:00,43.8,61.7,646.0,3.8,98,3.8,0.7,983.9,65.0
2026-02-04T09:00:00,39.6,58.1,685.0,4.4,98,4.8,1.6,983.5,75.0
2026-02-04T10:00:00,39.9,63.2,674.0,5.0,95,10.2,2.6,982.6,115.0
2026-02-04T11:00:00,40.5,61.2,662.0,5.8,93,10.8,2.5,981.6,520.0
2026-02-04T12:00:00,41.0,65.0,689.0,5.7,96,6.0,1.9,981.0,150.0
2026-02-04T13:00:00,39.3,64.5,639.0,6.2,91,12.7,1.4,979.6,585.0
2026-02-04T14:00:00,35.9,66.4,562.0,5.8,92,13.6,1.2,978.6,270.0
2026-02-04T15:00:00,32.2,66.6,586.0,5.6,93,10.1,0.7,978.1,175.0
2026-02-04T16:00:00,43.9,69.5,608.0,5.4,94,9.6,0.7,978.1,150.0
2026-02-04T17:00:00,44.4,79.3,803.0,5.4,94,11.1,0.9,977.8,140.0
2026-02-04T18:00:00,47.8,73.7,822.0,5.7,92,11.2,0.6,977.4,120.0
2026-02-04T19:00:00,54.0,72.9,842.0,5.8,94,9.1,0.4,977.1,120.0
2026-02-04T20:00:00,52.5,70.1,834.0,5.8,94,8.2,0.2,977.2,120.0
2026-02-04T21:00:00,52.8,69.6,729.0,5.6,94,8.1,0.2,976.8,125.0
2026-02-04T22:00:00,51.4,55.8,684.0,5.7,92,7.9,0.2,976.3,105.0
2026-02-04T23:00:00,45.7,45.8,560.0,5.6,93,4.9,0.0,976.0,55.0
2026-02-05T00:00:00,31.9,43.0,480.0,5.1,97,9.9,0.1,976.6,160.0
2026-02-05T01:00:00,28.0,38.0,466.0,5.2,97,8.3,0.0,976.4,165.0
2026-02-05T02:00:00,29.8,35.5,474.0,4.8,97,8.3,0.0,976.3,145.0
2026-02-05T03:00:00,29.9,32.3,457.0,4.8,96,9.6,0.0,976.0,155.0
2026-02-05T04:00:00,31.8,32.0,452.0,4.4,97,9.2,0.0,975.8,130.0
2026-02-05T05:00:00,36.1,32.7,459.0,3.8,97,8.4,0.0,976.2,135.0
2026-02-05T06:00:00,39.7,35.3,482.0,3.4,97,9.2,0.0,976.6,115.0
2026-02-05T07:00:00,42.6,42.3,521.0,3.0,98,9.2,0.0,976.8,115.0
2026-02-05T08:00:00,39.7,44.4,536.0,3.4,98,7.6,0.0,976.7,110.0
2026-02-05T09:00:00,39.7,45.0,565.0,4.7,93,6.5,0.0,976.9,115.0
2026-02-05T10:00:00,34.2,37.4,468.0,6.0,91,8.9,0.0,977.6,245.0
2026-02-05T11:00:00,25.4,27.5,371.0,7.4,82,6.9,0.0,978.0,315.0
2026-02-05T12:00:00,20.2,22.7,293.0,8.7,75,1.1,0.0,977.3,330.0
2026-02-05T13:00:00,16.1,19.7,281.0,10.0,72,1.7,0.0,976.7,400.0
2026-02-05T14:00:00,14.0,21.8,271.0,10.4,69,1.7,0.0,977.4,420.0
2026-02-05T15:00:00,13.9,32.7,272.0,10.4,69,3.4,0.0,976.7,245.0
2026-02-05T16:00:00,20.1,69.0,357.0,9.1,78,4.3,0.0,976.8,80.0
2026-02-05T17:00:00,27.0,83.6,471.0,7.6,82,4.7,0.0,976.2,70.0
2026-02-05T18:00:00,37.9,83.8,567.0,7.2,85,3.5,0.0,976.2,35.0
2026-02-05T19:00:00,51.2,87.7,703.0,7.9,85,8.4,0.0,975.9,100.0
2026-02-05T20:00:00,56.9,84.8,803.0,8.2,85,6.6,0.4,976.0,180.0
2026-02-05T21:00:00,54.6,75.6,698.0,7.6,93,9.2,1.2,975.8,220.0
2026-02-05T22:00:00,47.1,53.3,634.0,7.2,94,11.8,1.7,975.4,295.0
2026-02-05T23:00:00,32.0,41.6,515.0,7.2,95,11.3,1.5,974.9,345.0
2026-02-06T00:00:00,28.1,32.9,420.0,7.6,94,10.5,0.8,974.7,420.0
2026-02-06T01:00:00,26.2,29.4,389.0,7.7,94,10.6,1.1,974.4,480.0
2026-02-06T02:00:00,25.4,29.8,376.0,7.6,94,10.3,2.1,973.8,415.0
2026-02-06T03:00:00,25.2,27.1,381.0,7.4,94,9.5,1.7,973.3,185.0
2026-02-06T04:00:00,22.1,24.7,346.0,7.2,93,10.7,2.1,973.6,175.0
2026-02-06T05:00:00,15.6,30.6,305.0,6.9,93,10.9,1.4,974.2,160.0
2026-02-06T06:00:00,12.1,38.8,293.0,7.1,94,8.8,0.8,975.1,90.0
2026-02-06T07:00:00,13.1,59.2,316.0,6.7,97,9.9,0.8,975.6,90.0
2026-02-06T08:00:00,16.0,64.3,322.0,7.2,92,11.2,0.1,976.2,120.0
2026-02-06T09:00:00,19.3,56.2,320.0,8.3,89,9.2,0.0,976.6,130.0
2026-02-06T10:00:00,17.5,44.8,288.0,9.7,84,6.9,0.0,977.0,220.0
2026-02-06T11:00:00,10.4,34.9,233.0,11.4,70,8.6,0.0,977.7,565.0
2026-02-06T12:00:00,8.9,21.0,226.0,12.3,67,8.9,0.0,978.3,835.0
2026-02-06T13:00:00,6.8,15.4,199.0,12.8,63,7.0,0.0,978.1,940.0
2026-02-06T14:00:00,6.8,15.7,202.0,12.9,62,6.9,0.0,977.9,895.0
2026-02-06T15:00:00,8.0,24.0,218.0,12.8,63,5.1,0.0,978.2,835.0
2026-02-06T16:00:00,12.8,43.6,291.0,11.4,73,4.3,0.0,978.5,110.0
2026-02-06T17:00:00,17.2,55.0,352.0,9.5,77,5.2,0.0,979.1,50.0
2026-02-06T18:00:00,22.5,61.5,419.0,9.2,82,4.8,0.0,979.9,40.0
2026-02-06T19:00:00,26.7,59.4,481.0,9.2,82,6.1,0.0,980.7,50.0
2026-02-06T20:00:00,29.5,59.2,559.0,8.4,85,7.5,0.0,981.2,55.0
2026-02-06T21:00:00,35.3,55.4,623.0,7.8,87,7.6,0.0,981.6,50.0
2026-02-06T22:00:00,40.8,56.2,690.0,7.0,88,6.7,0.0,982.1,50.0
2026-02-06T23:00:00,44.3,54.1,716.0,6.5,90,5.5,0.0,982.8,60.0
2026-02-07T00:00:00,53.9,50.3,784.0,6.6,90,3.0,0.0,983.0,35.0
2026-02-07T01:00:00,50.2,50.6,782.0,6.7,89,0.3,0.0,983.3,10.0
2026-02-07T02:00:00,50.5,46.9,729.0,6.2,91,1.3,0.0,983.8,20.0
2026-02-07T03:00:00,48.1,44.8,734.0,5.4,95,3.3,0.0,984.4,40.0
2026-02-07T04:00:00,45.1,38.8,543.0,4.7,96,4.2,0.0,984.8,55.0
2026-02-07T05:00:00,42.4,37.8,577.0,4.8,98,4.3,0.0,985.0,40.0
2026-02-07T06:00:00,43.8,44.5,611.0,4.2,100,2.4,0.0,985.6,25.0
2026-02-07T07:00:00,42.9,48.4,581.0,4.2,100,1.5,0.0,986.4,30.0
2026-02-07T08:00:00,42.3,45.7,538.0,5.2,99,5.2,0.0,986.8,60.0
2026-02-07T09:00:00,39.2,40.8,575.0,6.8,94,4.9,0.0,987.3,85.0
2026-02-07T10:00:00,34.4,39.6,518.0,8.7,85,2.7,0.0,987.8,190.0
2026-02-07T11:00:00,35.8,31.6,468.0,9.5,84,1.4,0.0,988.1,235.0
2026-02-07T12:00:00,32.3,32.6,405.0,10.4,82,3.0,0.0,987.6,290.0
2026-02-07T13:00:00,31.2,25.2,372.0,11.6,79,2.3,0.0,987.1,395.0
2026-02-07T14:00:00,27.9,24.9,349.0,11.9,77,3.1,0.0,986.8,430.0
2026-02-07T15:00:00,30.2,29.2,344.0,11.7,78,3.0,0.0,986.9,380.0
2026-02-07T16:00:00,33.3,39.6,400.0,10.9,83,4.6,0.0,987.0,150.0
2026-02-07T17:00:00,37.3,65.1,575.0,9.6,88,6.3,0.0,987.5,85.0
2026-02-07T18:00:00,47.3,75.9,630.0,9.4,85,2.2,0.0,988.0,35.0
2026-02-07T19:00:00,58.7,81.1,715.0,8.7,88,5.1,0.0,988.4,70.0
2026-02-07T20:00:00,70.6,84.3,787.0,8.2,90,6.1,0.0,988.5,115.0
2026-02-07T21:00:00,77.0,87.9,853.0,7.6,93,4.8,0.1,989.1,110.0
2026-02-07T22:00:00,83.7,83.8,914.0,6.8,93,3.9,0.0,989.2,50.0
2026-02-07T23:00:00,88.5,80.2,965.0,6.8,94,4.8,0.1,989.2,45.0
2026-02-08T00:00:00,90.1,74.1,1000.0,6.8,97,0.0,0.0,989.6,10.0
2026-02-08T01:00:00,69.3,63.8,899.0,6.7,96,3.1,0.9,989.5,35.0
2026-02-08T02:00:00,73.9,55.1,821.0,6.2,97,2.2,0.0,989.5,20.0
2026-02-08T03:00:00,71.5,52.8,703.0,6.2,98,3.9,0.0,989.7,30.0
2026-02-08T04:00:00,59.3,50.5,666.0,6.3,99,4.4,0.0,989.8,30.0
2026-02-08T05:00:00,57.5,46.4,661.0,6.2,99,5.7,0.0,989.3,35.0
2026-02-08T06:00:00,56.7,45.8,665.0,6.8,99,3.5,0.0,988.8,35.0
2026-02-08T07:00:00,56.5,47.7,674.0,6.6,100,4.0,0.0,989.4,55.0
2026-02-08T08:00:00,53.7,43.8,684.0,6.7,99,4.8,0.0,989.8,85.0
2026-02-08T09:00:00,58.0,39.7,651.0,7.7,97,4.0,0.0,990.1,75.0
2026-02-08T10:00:00,55.4,39.3,613.0,9.3,89,1.9,0.0,990.3,180.0
2026-02-08T11:00:00,49.0,40.4,578.0,10.5,82,1.3,0.0,990.5,405.0
2026-02-08T12:00:00,45.4,40.0,443.0,10.1,88,3.7,0.0,989.9,375.0
2026-02-08T13:00:00,42.7,38.2,410.0,11.1,78,4.7,0.0,989.5,515.0
2026-02-08T14:00:00,37.3,33.9,383.0,11.5,75,4.0,0.0,989.0,590.0
2026-02-08T15:00:00,34.1,29.8,347.0,11.5,73,2.4,0.0,988.9,620.0
2026-02-08T16:00:00,33.8,36.9,360.0,10.6,80,1.2,0.0,989.0,35.0
2026-02-08T17:00:00,38.0,57.2,507.0,8.8,84,1.2,0.0,989.2,20.0
2026-02-08T18:00:00,46.6,69.1,609.0,8.7,89,1.0,0.0,989.7,30.0
2026-02-08T19:00:00,65.7,66.1,648.0,8.2,90,1.9,0.0,989.8,35.0
2026-02-08T20:00:00,76.0,60.8,681.0,8.0,91,2.7,0.0,990.1,40.0
2026-02-08T21:00:00,69.0,66.6,731.0,7.8,90,4.6,0.0,990.1,60.0
2026-02-08T22:00:00,65.5,68.3,801.0,7.4,91,4.7,0.0,990.1,85.0
2026-02-08T23:00:00,71.8,65.7,831.0,6.8,92,5.1,0.0,990.0,45.0
2026-02-09T00:00:00,64.7,59.4,732.0,6.6,96,3.2,0.0,989.9,35.0
2026-02-09T01:00:00,66.9,57.2,718.0,7.1,95,8.0,0.0,989.8,75.0
2026-02-09T02:00:00,67.7,50.4,694.0,6.7,93,2.1,0.0,989.6,35.0
2026-02-09T03:00:00,66.6,46.9,670.0,6.1,93,1.9,0.0,989.3,20.0
2026-02-09T04:00:00,65.2,39.1,629.0,5.0,96,2.6,0.0,989.3,20.0
2026-02-09T05:00:00,60.5,42.4,572.0,4.5,97,1.8,0.0,989.5,15.0
2026-02-09T06:00:00,58.2,48.8,586.0,6.0,94,2.0,0.0,989.5,15.0
2026-02-09T07:00:00,56.8,56.1,573.0,6.0,93,2.5,0.0,989.7,20.0
2026-02-09T08:00:00,56.5,59.6,590.0,7.6,93,6.1,0.0,990.2,35.0
2026-02-09T09:00:00,53.9,55.1,590.0,9.5,89,4.5,0.0,990.6,115.0
2026-02-09T10:00:00,46.4,56.9,492.0,10.9,75,1.8,0.0,990.9,350.0
2026-02-09T11:00:00,40.8,48.1,397.0,10.4,77,6.0,0.8,991.2,385.0
2026-02-09T12:00:00,33.9,38.4,332.0,10.3,87,3.1,0.3,990.5,315.0
2026-02-09T13:00:00,26.8,28.9,298.0,11.8,78,2.1,0.1,990.1,780.0
2026-02-09T14:00:00,22.0,30.2,270.0,11.9,72,1.4,0.0,989.6,925.0
2026-02-09T15:00:00,21.9,27.6,265.0,11.7,71,2.9,0.0,989.4,690.0
2026-02-09T16:00:00,26.1,43.6,338.0,10.8,78,2.8,0.0,989.6,120.0
2026-02-09T17:00:00,30.6,57.7,421.0,9.4,81,4.1,0.0,989.7,70.0
2026-02-09T18:00:00,41.1,76.8,531.0,8.4,88,4.7,0.0,989.9,55.0
2026-02-09T19:00:00,54.3,81.4,643.0,8.3,90,4.0,0.0,990.3,70.0
2026-02-09T20:00:00,62.6,81.5,755.0,7.9,89,6.3,0.0,990.5,80.0
2026-02-09T21:00:00,71.9,85.8,926.0,7.5,92,7.1,0.0,990.5,105.0
2026-02-09T22:00:00,81.6,80.6,917.0,6.7,90,7.7,1.1,990.4,140.0
2026-02-09T23:00:00,83.8,71.9,938.0,6.3,92,8.4,0.2,990.3,165.0
2026-02-10T00:00:00,74.1,63.0,822.0,6.1,96,4.7,0.0,990.0,60.0
2026-02-10T01:00:00,72.3,60.9,860.0,5.7,97,5.7,0.0,989.7,60.0
2026-02-10T02:00:00,63.3,53.1,793.0,5.5,96,4.6,0.0,989.3,50.0
2026-02-10T03:00:00,46.3,44.7,622.0,5.0,96,5.4,0.0,989.0,40.0
2026-02-10T04:00:00,44.0,40.0,625.0,4.9,95,6.4,0.2,988.7,45.0
2026-02-10T05:00:00,44.2,44.6,631.0,4.7,96,5.1,0.0,988.7,55.0
2026-02-10T06:00:00,49.0,48.1,626.0,4.4,97,4.4,0.0,988.4,50.0
2026-02-10T07:00:00,50.5,61.5,635.0,4.9,96,4.1,0.2,988.6,65.0
2026-02-10T08:00:00,54.8,56.5,679.0,6.0,93,5.1,0.2,988.9,115.0
2026-02-10T09:00:00,54.3,59.1,609.0,7.1,91,5.8,0.0,988.9,205.0
2026-02-10T10:00:00,54.6,61.5,584.0,8.1,88,3.9,0.0,989.1,255.0
2026-02-10T11:00:00,48.3,51.2,520.0,8.3,90,5.0,0.1,988.9,240.0
2026-02-10T12:00:00,42.3,44.9,463.0,9.3,89,2.8,0.0,988.2,360.0
2026-02-10T13:00:00,37.4,41.1,403.0,10.0,86,1.7,0.0,987.6,505.0
2026-02-10T14:00:00,32.7,39.9,377.0,10.1,83,3.6,0.0,986.9,495.0
2026-02-10T15:00:00,28.4,44.6,378.0,9.9,84,3.2,0.0,986.5,390.0
2026-02-10T16:00:00,36.7,52.3,411.0,9.4,86,3.6,0.1,985.9,250.0
2026-02-10T17:00:00,43.0,59.9,504.0,7.7,93,3.2,0.0,985.8,65.0
2026-02-10T18:00:00,40.6,66.3,609.0,7.8,92,2.9,0.1,985.8,115.0
2026-02-10T19:00:00,43.6,69.1,695.0,8.1,94,1.8,0.5,985.6,95.0
2026-02-10T20:00:00,52.6,71.4,814.0,8.1,96,3.7,0.4,984.9,115.0
2026-02-10T21:00:00,58.9,73.1,908.0,8.0,97,4.8,0.8,984.3,115.0
2026-02-10T22:00:00,67.0,73.2,906.0,8.0,98,7.1,0.8,983.2,185.0
2026-02-10T23:00:00,67.8,70.0,834.0,8.0,97,6.2,0.6,982.8,175.0
2026-02-11T00:00:00,65.6,62.9,831.0,8.0,95,3.8,0.4,982.4,95.0
2026-02-11T01:00:00,56.4,59.2,722.0,7.9,96,6.1,0.8,981.7,195.0
2026-02-11T02:00:00,44.2,44.7,661.0,7.8,95,9.9,0.4,980.7,240.0
2026-02-11T03:00:00,41.9,42.6,577.0,7.6,94,6.5,0.3,980.5,140.0
2026-02-11T04:00:00,36.7,35.3,438.0,7.4,95,7.4,0.4,979.6,140.0
2026-02-11T05:00:00,32.2,35.9,357.0,7.4,94,6.3,0.1,979.0,100.0
2026-02-11T06:00:00,30.5,52.1,437.0,7.9,94,5.3,0.0,979.3,85.0
2026-02-11T07:00:00,27.3,64.9,389.0,7.7,95,7.4,0.1,979.5,90.0
2026-02-11T08:00:00,28.0,73.2,362.0,7.8,94,4.3,0.2,979.4,75.0
2026-02-11T09:00:00,24.3,59.7,367.0,8.4,93,4.2,0.1,979.7,80.0
2026-02-11T10:00:00,21.2,45.1,340.0,8.9,93,1.8,0.1,979.5,85.0
2026-02-11T11:00:00,17.6,35.0,301.0,10.1,84,5.4,0.0,980.1,365.0
2026-02-11T12:00:00,14.6,21.2,264.0,10.1,79,1.5,0.0,979.5,440.0
2026-02-11T13:00:00,11.0,16.3,248.0,11.1,73,3.3,0.0,979.4,620.0
2026-02-11T14:00:00,11.3,15.3,243.0,11.7,69,2.2,0.0,978.8,790.0
2026-02-11T15:00:00,10.3,17.8,241.0,11.7,67,4.3,0.0,978.8,805.0
2026-02-11T16:00:00,16.8,31.9,277.0,10.8,77,2.6,0.0,978.5,80.0
2026-02-11T17:00:00,20.6,57.3,349.0,8.7,80,4.3,0.0,978.7,50.0
2026-02-11T18:00:00,25.2,71.9,448.0,8.1,88,4.4,0.0,978.4,40.0
2026-02-11T19:00:00,30.5,79.3,571.0,8.1,88,4.5,0.0,978.5,55.0
2026-02-11T20:00:00,36.4,83.6,650.0,7.3,89,2.6,0.0,978.2,40.0
2026-02-11T21:00:00,42.5,89.0,803.0,6.6,91,1.4,0.0,978.1,20.0
2026-02-11T22:00:00,55.6,74.2,859.0,6.7,93,5.2,0.0,977.5,45.0
2026-02-11T23:00:00,56.5,69.1,771.0,6.4,94,4.4,0.0,977.0,50.0
2026-02-12T00:00:00,61.1,60.7,813.0,6.7,96,6.1,0.2,976.4,65.0
2026-02-12T01:00:00,52.0,52.8,693.0,7.3,96,5.9,0.0,974.6,145.0
2026-02-12T02:00:00,50.5,49.1,619.0,7.0,98,5.9,0.0,973.8,130.0
2026-02-12T03:00:00,48.2,44.7,578.0,7.3,98,6.7,0.1,972.0,220.0
2026-02-12T04:00:00,41.3,42.3,530.0,7.3,99,7.7,0.2,971.1,245.0
2026-02-12T05:00:00,41.0,37.6,499.0,7.3,99,8.8,0.1,969.8,325.0
2026-02-12T06:00:00,39.4,40.2,450.0,7.7,98,7.8,0.1,970.3,375.0
2026-02-12T07:00:00,36.0,52.7,451.0,7.5,98,5.9,0.1,970.4,250.0
2026-02-12T08:00:00,37.2,55.2,480.0,7.6,95,5.4,0.1,970.2,210.0
2026-02-12T09:00:00,37.3,56.0,443.0,8.1,91,6.0,0.0,970.4,230.0
2026-02-12T10:00:00,33.6,51.1,442.0,8.7,88,5.2,0.2,970.6,285.0
2026-02-12T11:00:00,32.3,49.6,397.0,9.4,85,6.3,0.5,970.9,345.0
2026-02-12T12:00:00,30.2,36.7,370.0,9.4,87,3.6,0.0,971.1,255.0
2026-02-12T13:00:00,25.2,27.9,330.0,11.2,77,5.8,0.0,970.7,625.0
2026-02-12T14:00:00,21.8,24.4,285.0,11.7,71,6.7,0.0,970.4,710.0
2026-02-12T15:00:00,21.4,24.1,287.0,11.8,71,7.7,0.0,970.4,645.0
2026-02-12T16:00:00,21.9,26.6,311.0,11.0,76,8.6,0.0,970.7,555.0
2026-02-12T17:00:00,25.8,44.6,338.0,9.4,81,9.4,0.0,971.6,235.0
2026-02-12T18:00:00,27.6,47.3,375.0,9.2,86,6.5,0.0,972.6,80.0
2026-02-12T19:00:00,31.9,59.7,409.0,8.8,87,7.9,0.0,973.3,95.0
2026-02-12T20:00:00,34.4,62.3,484.0,8.5,86,9.2,0.0,973.9,135.0
2026-02-12T21:00:00,33.2,58.2,521.0,8.5,84,10.0,0.0,973.9,145.0
2026-02-12T22:00:00,34.0,54.1,538.0,8.5,81,10.9,0.0,974.5,160.0
2026-02-12T23:00:00,36.1,42.7,478.0,8.4,78,11.0,0.0,975.1,120.0
2026-02-13T00:00:00,38.0,35.1,446.0,7.9,88,14.5,0.0,975.7,180.0
2026-02-13T01:00:00,32.8,27.4,360.0,7.3,84,11.7,0.0,975.4,120.0
2026-02-13T02:00:00,17.0,23.3,289.0,7.5,77,9.9,0.0,975.7,105.0
2026-02-13T03:00:00,12.3,20.2,276.0,7.3,74,6.6,0.0,975.8,60.0
2026-02-13T04:00:00,11.6,19.4,257.0,6.4,79,11.3,0.0,976.4,85.0
2026-02-13T05:00:00,12.6,25.3,256.0,5.5,82,13.0,0.0,977.0,110.0
2026-02-13T06:00:00,15.4,36.9,265.0,5.6,80,7.4,0.0,976.8,45.0
2026-02-13T07:00:00,16.2,47.3,289.0,5.5,78,6.0,0.0,977.1,40.0
2026-02-13T08:00:00,16.2,45.7,336.0,6.7,76,8.9,0.0,977.7,90.0
2026-02-13T09:00:00,12.9,37.9,275.0,8.5,76,6.2,0.0,977.3,115.0
2026-02-13T10:00:00,12.0,30.9,270.0,10.7,67,8.2,0.0,978.2,195.0
2026-02-13T11:00:00,11.0,27.2,247.0,12.5,58,7.3,0.0,978.5,275.0
2026-02-13T12:00:00,8.4,23.9,196.0,14.0,53,2.3,0.0,977.5,290.0
2026-02-13T13:00:00,7.2,25.3,195.0,15.3,46,3.3,0.0,976.6,315.0
2026-02-13T14:00:00,8.0,32.1,216.0,15.7,42,1.8,0.0,975.9,350.0
2026-02-13T15:00:00,11.2,52.0,247.0,15.5,46,2.3,0.0,975.5,185.0
2026-02-13T16:00:00,15.8,64.3,316.0,13.6,58,6.3,0.0,975.4,140.0
2026-02-13T17:00:00,22.2,75.8,377.0,11.8,70,6.9,0.0,975.5,175.0
2026-02-13T18:00:00,26.0,75.7,430.0,11.5,77,6.9,0.0,975.8,190.0
2026-02-13T19:00:00,30.3,63.8,482.0,11.2,80,8.5,0.0,975.6,275.0
2026-02-13T20:00:00,34.9,54.9,410.0,10.7,84,8.8,0.0,976.1,330.0
2026-02-13T21:00:00,32.5,43.3,401.0,9.5,89,9.7,0.2,976.4,150.0
2026-02-13T22:00:00,31.2,38.9,405.0,9.1,92,9.1,0.1,976.5,150.0
2026-02-13T23:00:00,43.3,37.8,450.0,8.7,94,10.0,0.1,976.8,260.0
2026-02-14T00:00:00,44.6,31.9,478.0,8.2,94,10.0,0.3,976.8,285.0
2026-02-14T01:00:00,43.7,36.7,445.0,8.2,96,7.9,0.3,976.3,250.0
2026-02-14T02:00:00,39.0,36.9,395.0,8.2,94,6.4,0.2,976.2,170.0
2026-02-14T03:00:00,37.5,36.3,345.0,7.5,92,3.2,0.0,975.7,60.0
2026-02-14T04:00:00,36.9,36.0,335.0,7.7,91,5.1,0.0,975.6,100.0
2026-02-14T05:00:00,36.0,37.9,382.0,7.6,93,6.9,0.3,975.4,110.0
2026-02-14T06:00:00,33.7,39.7,406.0,8.0,93,9.2,0.5,975.8,105.0
2026-02-14T07:00:00,27.3,40.1,351.0,7.8,94,10.7,0.8,976.4,175.0
2026-02-14T08:00:00,20.6,42.9,289.0,8.0,92,10.8,0.7,977.5,180.0
2026-02-14T09:00:00,18.6,41.8,274.0,8.3,91,9.0,0.9,978.3,210.0
2026-02-14T10:00:00,16.0,39.2,256.0,8.7,87,11.6,0.8,978.6,185.0
2026-02-14T11:00:00,13.6,36.3,236.0,9.1,84,12.1,0.2,979.3,305.0
2026-02-14T12:00:00,11.9,33.3,226.0,9.6,85,12.8,0.2,978.9,295.0
2026-02-14T13:00:00,10.3,30.3,223.0,10.2,82,11.6,0.2,978.8,310.0
2026-02-14T14:00:00,8.8,25.9,198.0,10.2,82,9.3,0.1,979.1,260.0
2026-02-14T15:00:00,9.1,24.5,223.0,9.9,84,6.1,0.1,979.6,220.0
2026-02-14T16:00:00,12.4,36.6,281.0,9.4,87,6.9,0.1,980.1,165.0
2026-02-14T17:00:00,18.3,52.0,355.0,9.0,90,7.4,0.0,981.0,135.0
2026-02-14T18:00:00,24.5,62.6,414.0,9.3,94,5.0,0.1,981.9,75.0
2026-02-14T19:00:00,31.3,53.7,441.0,9.2,94,5.0,0.2,982.9,75.0
2026-02-14T20:00:00,30.3,54.4,433.0,8.8,95,4.9,0.1,983.6,65.0
2026-02-14T21:00:00,33.7,52.5,411.0,8.5,95,7.2,0.0,984.0,65.0
2026-02-14T22:00:00,20.9,42.2,379.0,8.3,94,9.2,0.0,984.5,120.0
2026-02-14T23:00:00,22.1,39.0,353.0,7.4,95,10.0,0.0,985.2,120.0
2026-02-15T00:00:00,34.3,38.2,344.0,7.6,95,11.2,0.0,985.4,110.0
2026-02-15T01:00:00,25.0,34.7,309.0,6.7,96,10.0,0.0,985.2,100.0
2026-02-15T02:00:00,7.3,21.6,252.0,7.0,71,14.2,0.0,985.4,285.0
2026-02-15T03:00:00,5.4,19.0,222.0,8.2,53,17.1,0.0,985.8,435.0
2026-02-15T04:00:00,4.2,11.7,218.0,8.6,46,16.6,0.0,986.7,540.0
2026-02-15T05:00:00,3.6,10.3,220.0,8.5,45,16.9,0.0,986.9,540.0
2026-02-15T06:00:00,3.7,11.9,223.0,9.5,42,19.1,0.0,987.9,655.0
2026-02-15T07:00:00,4.0,19.9,225.0,8.6,42,17.4,0.0,988.5,550.0
2026-02-15T08:00:00,4.0,13.4,224.0,9.5,41,18.9,0.0,988.8,545.0
2026-02-15T09:00:00,4.6,10.3,215.0,10.8,39,17.1,0.0,989.3,510.0
2026-02-15T10:00:00,4.6,8.6,209.0,12.1,38,14.2,0.0,989.8,545.0
2026-02-15T11:00:00,3.8,8.2,201.0,12.9,35,13.1,0.0,990.3,645.0
2026-02-15T12:00:00,4.0,7.7,197.0,14.8,32,6.6,0.0,989.4,1515.0
2026-02-15T13:00:00,4.4,8.4,197.0,15.0,31,4.3,0.0,988.8,1450.0
2026-02-15T14:00:00,4.3,9.1,204.0,15.0,31,2.6,0.0,988.5,1485.0
2026-02-15T15:00:00,5.2,14.0,213.0,15.0,30,1.5,0.0,988.7,1465.0
2026-02-15T16:00:00,10.0,28.6,275.0,13.4,46,0.8,0.0,988.5,20.0
2026-02-15T17:00:00,20.9,54.6,364.0,10.9,48,1.0,0.0,989.3,15.0
2026-02-15T18:00:00,28.1,59.1,482.0,9.5,63,3.9,0.0,988.9,35.0
2026-02-15T19:00:00,35.8,72.0,520.0,9.0,67,4.7,0.0,988.9,40.0
2026-02-15T20:00:00,45.1,63.4,611.0,9.1,68,4.8,0.0,989.0,50.0
2026-02-15T21:00:00,51.9,57.9,663.0,8.7,73,3.4,0.0,989.8,60.0
2026-02-15T22:00:00,56.5,55.3,717.0,8.3,72,6.5,0.0,989.4,60.0
2026-02-15T23:00:00,61.0,54.0,757.0,7.8,73,5.4,0.0,988.9,60.0
2026-02-16T00:00:00,45.0,50.0,555.0,6.5,85,5.2,0.0,988.3,65.0
2026-02-16T01:00:00,39.8,39.1,529.0,6.1,86,4.4,0.0,988.3,45.0
2026-02-16T02:00:00,38.8,35.5,489.0,5.7,87,5.2,0.0,987.4,55.0
2026-02-16T03:00:00,36.0,31.9,469.0,4.9,89,5.2,0.0,987.0,65.0
2026-02-16T04:00:00,32.2,28.9,429.0,4.3,91,3.1,0.0,987.1,50.0
2026-02-16T05:00:00,29.2,35.3,390.0,4.6,90,5.4,0.0,986.8,80.0
2026-02-16T06:00:00,29.7,41.1,388.0,4.3,91,6.5,0.0,986.4,90.0
2026-02-16T07:00:00,34.5,51.9,462.0,4.3,91,2.9,0.0,987.1,45.0
2026-02-16T08:00:00,31.4,54.3,402.0,5.5,89,4.7,0.0,986.2,125.0
2026-02-16T09:00:00,25.5,35.0,349.0,6.9,85,2.8,0.0,986.7,180.0
2026-02-16T10:00:00,22.5,28.7,320.0,7.6,84,5.2,0.0,985.6,240.0
2026-02-16T11:00:00,20.9,26.1,306.0,8.8,80,5.3,0.0,985.1,315.0
2026-02-16T12:00:00,19.0,23.9,287.0,8.1,78,3.4,0.4,985.2,180.0
2026-02-16T13:00:00,18.8,24.6,283.0,8.9,74,4.0,0.3,984.0,225.0
2026-02-16T14:00:00,19.6,24.8,285.0,9.6,68,4.1,0.0,983.1,295.0
2026-02-16T15:00:00,19.2,26.7,302.0,9.9,68,4.8,0.0,982.5,325.0
2026-02-16T16:00:00,18.4,33.8,348.0,9.3,76,4.0,0.0,982.2,185.0
2026-02-16T17:00:00,26.8,47.2,375.0,8.0,77,7.1,0.0,982.0,110.0
2026-02-16T18:00:00,22.6,59.1,394.0,9.2,74,13.4,0.0,982.4,180.0
2026-02-16T19:00:00,24.5,60.3,397.0,8.6,76,12.1,0.0,983.0,285.0
2026-02-16T20:00:00,27.3,53.8,424.0,7.8,75,9.3,0.0,982.8,165.0
2026-02-16T21:00:00,30.1,52.5,493.0,6.9,79,9.4,0.0,982.7,125.0
2026-02-16T22:00:00,34.2,42.7,535.0,5.8,84,9.5,0.0,982.9,130.0
2026-02-16T23:00:00,35.2,38.7,488.0,5.3,81,10.1,0.0,983.0,150.0
2026-02-17T00:00:00,30.6,33.3,456.0,7.6,67,13.4,0.0,983.4,205.0
2026-02-17T01:00:00,21.7,24.9,383.0,7.7,62,14.3,0.0,983.8,290.0
2026-02-17T02:00:00,16.1,18.6,313.0,7.2,60,14.6,0.0,984.3,250.0
2026-02-17T03:00:00,12.3,15.3,240.0,6.5,61,13.7,0.0,984.8,170.0
2026-02-17T04:00:00,9.7,14.7,231.0,5.3,67,11.8,0.0,985.4,135.0
2026-02-17T05:00:00,8.4,18.3,215.0,4.2,73,10.3,0.0,986.4,95.0
2026-02-17T06:00:00,10.9,29.7,244.0,5.7,76,11.0,0.0,987.3,110.0
2026-02-17T07:00:00,13.6,46.5,259.0,5.3,73,10.3,0.0,987.8,85.0
2026-02-17T08:00:00,10.8,45.9,279.0,7.7,60,12.0,0.0,989.0,205.0
2026-02-17T09:00:00,8.8,33.0,226.0,10.0,50,8.1,0.0,989.7,220.0
2026-02-17T10:00:00,6.8,25.3,216.0,11.6,52,5.4,0.0,990.3,280.0
2026-02-17T11:00:00,5.1,15.3,172.0,12.9,52,5.4,0.0,990.9,630.0
2026-02-17T12:00:00,3.8,8.7,168.0,13.7,36,8.9,0.0,991.2,810.0
2026-02-17T13:00:00,3.4,8.5,180.0,14.1,34,3.7,0.0,990.8,980.0
2026-02-17T14:00:00,4.0,9.7,184.0,14.3,34,3.3,0.0,990.6,1230.0
2026-02-17T15:00:00,5.9,12.9,194.0,14.1,37,3.0,0.0,990.7,1355.0
2026-02-17T16:00:00,9.4,24.5,226.0,12.7,53,1.0,0.0,991.0,20.0
2026-02-17T17:00:00,12.6,52.2,302.0,10.1,56,3.9,0.0,991.5,35.0
2026-02-17T18:00:00,21.4,62.7,368.0,8.8,57,2.2,0.0,992.0,15.0
2026-02-17T19:00:00,26.6,63.9,434.0,9.9,49,4.0,0.0,992.4,40.0
2026-02-17T20:00:00,27.0,62.1,494.0,10.0,44,6.1,0.0,992.9,35.0
2026-02-17T21:00:00,33.0,58.7,528.0,7.4,62,10.1,0.0,993.1,45.0
2026-02-17T22:00:00,34.6,62.2,545.0,6.1,66,8.5,0.0,993.7,85.0
2026-02-17T23:00:00,29.5,54.7,515.0,5.7,60,5.6,0.0,994.2,40.0
2026-02-18T00:00:00,32.6,43.7,460.0,4.7,71,4.5,0.0,994.3,30.0
2026-02-18T01:00:00,27.5,35.4,414.0,5.2,65,7.8,0.0,994.8,55.0
2026-02-18T02:00:00,18.5,30.8,289.0,4.8,62,9.5,0.0,994.6,60.0
2026-02-18T03:00:00,12.8,30.1,265.0,4.9,63,8.1,0.0,994.1,65.0
2026-02-18T04:00:00,12.2,29.6,267.0,3.8,74,5.9,0.0,994.0,50.0
2026-02-18T05:00:00,12.6,37.6,260.0,2.7,78,2.6,0.0,994.4,25.0
2026-02-18T06:00:00,16.2,49.3,269.0,2.7,78,1.3,0.0,994.8,15.0
2026-02-18T07:00:00,18.4,68.1,364.0,2.6,80,1.4,0.0,995.1,15.0
2026-02-18T08:00:00,21.6,72.7,376.0,4.4,80,4.2,0.0,995.6,35.0
2026-02-18T09:00:00,17.5,64.5,314.0,6.8,71,3.1,0.0,995.7,110.0
2026-02-18T10:00:00,11.4,51.2,265.0,8.7,62,4.6,0.0,996.0,220.0
2026-02-18T11:00:00,10.5,28.0,227.0,10.4,49,5.3,0.0,996.1,355.0
2026-02-18T12:00:00,10.3,19.5,207.0,11.1,46,5.4,0.0,995.5,505.0
2026-02-18T13:00:00,11.9,17.0,209.0,11.9,45,4.3,0.0,994.7,565.0
2026-02-18T14:00:00,13.6,17.4,222.0,12.1,45,5.2,0.0,993.9,585.0
2026-02-18T15:00:00,12.0,21.9,227.0,11.9,44,4.5,0.0,993.4,500.0
2026-02-18T16:00:00,20.4,41.5,295.0,10.8,58,3.5,0.0,992.6,165.0
2026-02-18T17:00:00,24.4,75.0,384.0,9.1,64,4.2,0.0,992.6,65.0
2026-02-18T18:00:00,33.1,80.1,505.0,8.2,70,3.7,0.0,992.9,45.0
2026-02-18T19:00:00,43.6,79.3,633.0,8.0,73,3.5,0.0,992.8,40.0
2026-02-18T20:00:00,54.2,80.9,693.0,7.7,73,4.6,0.0,992.8,55.0
2026-02-18T21:00:00,56.6,74.2,784.0,7.2,74,5.7,0.0,992.8,80.0
2026-02-18T22:00:00,49.7,58.7,711.0,6.6,75,6.2,0.0,992.6,95.0
2026-02-18T23:00:00,44.3,55.0,610.0,6.2,76,7.7,0.0,991.9,105.0
2026-02-19T00:00:00,36.6,51.9,508.0,6.5,74,8.4,0.0,991.3,145.0
2026-02-19T01:00:00,31.5,45.5,479.0,6.9,74,9.8,0.1,990.2,255.0
2026-02-19T02:00:00,27.1,33.0,397.0,6.6,78,10.1,0.1,989.1,310.0
2026-02-19T03:00:00,20.1,22.4,312.0,5.8,89,12.5,1.9,987.6,370.0
2026-02-19T04:00:00,17.3,17.2,273.0,5.7,91,14.3,2.5,986.7,410.0
2026-02-19T05:00:00,15.6,14.4,235.0,5.6,94,14.6,2.8,985.1,500.0
2026-02-19T06:00:00,13.4,29.5,251.0,6.3,88,15.0,3.3,985.1,730.0
2026-02-19T07:00:00,13.7,43.3,268.0,3.4,97,20.3,3.9,984.9,315.0
2026-02-19T08:00:00,9.2,48.9,258.0,2.7,100,19.4,6.6,984.1,270.0
2026-02-19T09:00:00,9.7,33.8,234.0,3.2,96,17.1,6.4,983.4,315.0
2026-02-19T10:00:00,10.5,29.2,221.0,4.3,93,9.3,2.9,983.0,295.0
2026-02-19T11:00:00,10.2,28.1,212.0,5.0,91,9.4,1.5,983.0,235.0
2026-02-19T12:00:00,9.0,26.2,205.0,4.9,93,12.6,0.6,983.8,280.0
2026-02-19T13:00:00,7.5,18.2,199.0,6.4,86,11.9,0.3,983.1,325.0
2026-02-19T14:00:00,8.6,17.4,197.0,7.3,81,10.5,0.0,983.1,520.0
2026-02-19T15:00:00,8.9,20.2,208.0,7.8,76,8.6,0.0,982.9,525.0
2026-02-19T16:00:00,11.0,31.0,241.0,7.7,79,3.1,0.0,982.5,325.0
2026-02-19T17:00:00,15.9,48.7,327.0,5.8,85,2.7,0.0,982.6,40.0
2026-02-19T18:00:00,21.2,57.2,427.0,5.9,89,4.9,0.0,983.2,50.0
2026-02-19T19:00:00,28.7,59.1,503.0,6.0,88,8.2,0.0,983.5,80.0
2026-02-19T20:00:00,30.6,54.7,514.0,5.4,89,10.2,0.0,984.0,95.0
2026-02-19T21:00:00,33.6,52.6,524.0,5.4,89,10.2,0.0,984.3,115.0
2026-02-19T22:00:00,36.5,50.8,509.0,5.1,89,11.6,0.0,984.8,130.0
2026-02-19T23:00:00,39.3,52.3,560.0,4.6,90,11.4,0.0,985.2,135.0
2026-02-20T00:00:00,37.7,49.3,583.0,4.9,90,13.0,0.0,986.1,175.0
2026-02-20T01:00:00,38.9,38.8,537.0,4.6,88,12.6,0.0,986.3,140.0
2026-02-20T02:00:00,33.7,27.8,472.0,4.9,81,12.7,0.0,986.6,130.0
2026-02-20T03:00:00,13.4,14.7,273.0,5.8,70,12.9,0.0,987.0,140.0
2026-02-20T04:00:00,5.3,11.8,187.0,6.6,63,12.5,0.0,987.7,140.0
2026-02-20T05:00:00,3.8,14.4,176.0,7.4,58,13.8,0.0,988.5,155.0
2026-02-20T06:00:00,4.3,23.3,178.0,8.7,53,13.6,0.0,988.9,170.0
2026-02-20T07:00:00,4.4,32.0,192.0,9.0,52,15.1,0.0,989.7,235.0
2026-02-20T08:00:00,4.3,25.7,191.0,11.2,47,14.9,0.0,991.3,350.0
2026-02-20T09:00:00,3.9,18.5,179.0,13.3,43,13.9,0.0,992.6,800.0
2026-02-20T10:00:00,3.3,13.4,170.0,15.1,40,12.8,0.0,994.0,1560.0
2026-02-20T11:00:00,2.8,9.7,165.0,15.9,34,18.5,0.0,994.8,1515.0
2026-02-20T12:00:00,3.1,7.7,161.0,17.6,32,19.9,0.0,994.5,1895.0
2026-02-20T13:00:00,2.9,7.7,163.0,17.0,34,20.9,0.0,995.0,1515.0
2026-02-20T14:00:00,3.9,8.0,170.0,16.7,36,18.9,0.0,995.3,1355.0
2026-02-20T15:00:00,4.8,13.1,187.0,15.9,38,16.4,0.0,996.0,1125.0
2026-02-20T16:00:00,6.3,24.5,220.0,14.3,42,14.2,0.0,996.6,750.0
2026-02-20T17:00:00,10.2,50.8,284.0,12.1,50,11.6,0.0,998.1,320.0
2026-02-20T18:00:00,18.9,69.5,400.0,11.5,58,10.2,0.0,998.9,150.0
2026-02-20T19:00:00,28.2,80.7,537.0,10.2,76,9.6,0.0,1000.5,220.0
2026-02-20T20:00:00,39.6,82.1,657.0,9.2,90,9.3,0.0,1001.7,180.0
2026-02-20T21:00:00,49.3,69.5,699.0,8.7,92,9.2,0.0,1002.3,180.0
2026-02-20T22:00:00,62.2,61.1,751.0,8.2,92,9.7,0.0,1003.0,195.0
2026-02-20T23:00:00,58.5,58.8,728.0,7.9,91,10.6,0.0,1003.6,205.0
2026-02-21T00:00:00,53.0,47.9,589.0,7.0,89,9.4,0.0,1004.3,170.0
2026-02-21T01:00:00,41.8,46.3,532.0,6.5,88,7.2,0.0,1004.6,145.0
2026-02-21T02:00:00,38.8,46.2,536.0,5.8,88,5.5,0.0,1004.7,85.0
2026-02-21T03:00:00,38.5,43.0,508.0,5.3,89,6.4,0.0,1004.5,85.0
2026-02-21T04:00:00,39.2,45.2,493.0,4.5,91,4.5,0.0,1004.9,45.0
2026-02-21T05:00:00,39.5,44.4,497.0,3.9,92,4.1,0.0,1005.1,35.0
2026-02-21T06:00:00,40.1,44.6,501.0,4.0,92,4.2,0.0,1005.7,35.0
2026-02-21T07:00:00,40.6,45.2,545.0,4.7,90,3.1,0.0,1005.9,25.0
2026-02-21T08:00:00,40.3,40.1,534.0,6.6,86,1.1,0.0,1006.7,30.0
2026-02-21T09:00:00,43.1,35.7,527.0,8.4,80,1.9,0.0,1006.9,165.0
2026-02-21T10:00:00,34.8,30.6,444.0,9.9,73,3.7,0.0,1007.2,320.0
2026-02-21T11:00:00,28.2,24.4,388.0,11.4,66,5.0,0.0,1006.8,425.0
2026-02-21T12:00:00,24.4,21.5,338.0,12.2,64,4.0,0.0,1006.3,505.0
2026-02-21T13:00:00,27.2,18.8,324.0,13.3,61,4.2,0.0,1005.5,525.0
2026-02-21T14:00:00,25.7,17.1,300.0,14.0,58,3.7,0.0,1005.0,520.0
2026-02-21T15:00:00,20.9,16.6,283.0,14.2,57,4.1,0.0,1004.9,445.0
2026-02-21T16:00:00,26.2,22.6,296.0,13.3,70,2.8,0.0,1004.8,260.0
2026-02-21T17:00:00,26.1,36.8,320.0,11.3,70,3.3,0.0,1004.7,50.0
2026-02-21T18:00:00,27.7,47.6,395.0,10.3,78,3.9,0.0,1005.2,45.0
2026-02-21T19:00:00,38.2,55.8,480.0,9.8,78,1.5,0.0,1005.5,20.0
2026-02-21T20:00:00,48.1,60.6,568.0,9.1,79,1.9,0.0,1005.9,25.0
2026-02-21T21:00:00,48.1,65.3,527.0,8.2,83,0.7,0.0,1006.4,15.0
2026-02-21T22:00:00,57.8,76.0,653.0,6.8,89,3.2,0.0,1006.8,30.0
2026-02-21T23:00:00,69.2,79.2,796.0,6.4,92,6.4,0.0,1007.1,50.0
2026-02-22T00:00:00,74.8,67.7,789.0,5.5,96,6.3,0.0,1007.5,60.0
2026-02-22T01:00:00,67.2,59.6,762.0,5.4,95,6.7,0.0,1007.5,70.0
2026-02-22T02:00:00,59.6,49.6,670.0,5.2,93,6.8,0.0,1007.6,60.0
2026-02-22T03:00:00,58.0,46.7,656.0,5.0,92,6.5,0.0,1007.2,45.0
2026-02-22T04:00:00,54.5,44.5,619.0,4.2,93,5.0,0.0,1007.2,35.0
2026-02-22T05:00:00,49.2,41.1,563.0,3.8,92,3.5,0.0,1007.3,25.0
2026-02-22T06:00:00,45.9,42.5,480.0,4.2,91,6.4,0.0,1007.7,50.0
2026-02-22T07:00:00,46.3,43.4,466.0,4.1,93,3.1,0.0,1008.2,55.0
2026-02-22T08:00:00,44.4,38.8,472.0,5.4,93,1.7,0.0,1009.0,75.0
2026-02-22T09:00:00,46.6,34.2,478.0,7.3,90,0.9,0.0,1009.3,125.0
2026-02-22T10:00:00,47.8,28.9,444.0,9.1,85,1.3,0.0,1009.4,225.0
2026-02-22T11:00:00,48.3,26.7,427.0,10.7,80,2.5,0.0,1009.2,335.0
2026-02-22T12:00:00,44.5,24.7,396.0,11.6,74,1.5,0.0,1008.6,505.0
2026-02-22T13:00:00,41.9,19.7,350.0,12.8,72,0.2,0.0,1007.4,395.0
2026-02-22T14:00:00,41.3,18.1,339.0,13.5,71,2.6,0.0,1006.4,395.0
2026-02-22T15:00:00,40.2,20.5,329.0,13.6,70,3.0,0.0,1006.0,455.0
2026-02-22T16:00:00,47.4,32.5,391.0,13.0,78,2.1,0.0,1005.4,450.0
2026-02-22T17:00:00,52.7,56.7,457.0,11.1,77,0.7,0.0,1005.3,15.0
2026-02-22T18:00:00,55.9,69.3,517.0,10.1,85,1.5,0.0,1005.6,20.0
2026-02-22T19:00:00,62.7,73.9,589.0,9.3,87,1.8,0.0,1005.4,20.0
2026-02-22T20:00:00,67.5,83.5,671.0,8.7,88,3.1,0.0,1005.2,30.0
2026-02-22T21:00:00,75.7,80.3,693.0,8.0,89,3.8,0.0,1005.0,35.0
2026-02-22T22:00:00,75.2,65.8,731.0,7.8,89,5.2,0.0,1004.6,60.0
2026-02-22T23:00:00,73.4,57.6,715.0,7.9,91,7.5,0.0,1004.4,90.0
2026-02-23T00:00:00,63.2,47.4,668.0,7.3,94,6.1,0.0,1004.9,70.0
2026-02-23T01:00:00,60.2,47.7,647.0,6.9,95,7.2,0.0,1004.0,60.0
2026-02-23T02:00:00,55.8,46.2,514.0,6.4,97,6.3,0.0,1003.3,60.0
2026-02-23T03:00:00,56.6,46.7,513.0,6.2,100,7.0,0.0,1003.0,60.0
2026-02-23T04:00:00,58.3,49.7,521.0,5.9,100,4.2,0.0,1002.7,50.0
2026-02-23T05:00:00,59.2,51.9,524.0,6.2,100,4.9,0.0,1002.4,55.0
2026-02-23T06:00:00,54.6,53.5,517.0,6.3,100,5.2,0.0,1002.7,35.0
2026-02-23T07:00:00,50.1,55.1,544.0,6.9,99,5.9,0.0,1002.9,75.0
2026-02-23T08:00:00,48.7,59.2,581.0,7.4,99,6.5,0.0,1003.3,125.0
2026-02-23T09:00:00,46.1,51.1,520.0,7.8,98,6.7,0.0,1003.2,135.0
2026-02-23T10:00:00,41.0,37.8,471.0,8.5,96,7.8,0.0,1003.0,135.0
2026-02-23T11:00:00,36.0,26.0,377.0,10.0,89,7.4,0.0,1003.1,305.0
2026-02-23T12:00:00,32.5,19.5,314.0,12.3,81,8.1,0.0,1002.6,525.0
2026-02-23T13:00:00,34.6,14.8,294.0,13.6,73,4.2,0.0,1001.7,505.0
2026-02-23T14:00:00,34.9,14.1,298.0,14.7,68,3.1,0.0,1000.9,495.0
2026-02-23T15:00:00,35.6,19.8,305.0,15.0,66,2.9,0.0,1000.5,480.0
2026-02-23T16:00:00,36.4,39.7,352.0,14.5,74,0.4,0.0,1000.1,15.0
2026-02-23T17:00:00,41.5,65.6,447.0,12.3,77,0.7,0.0,1000.0,15.0
2026-02-23T18:00:00,47.0,82.5,579.0,12.1,82,1.1,0.0,1000.7,15.0
2026-02-23T19:00:00,57.9,92.6,669.0,11.0,88,2.9,0.0,1000.7,35.0
2026-02-23T20:00:00,68.2,92.3,741.0,10.6,88,1.7,0.0,1001.1,35.0
2026-02-23T21:00:00,75.3,87.7,752.0,10.0,89,3.4,0.0,1001.1,60.0
2026-02-23T22:00:00,78.2,81.6,759.0,9.4,92,4.3,0.0,1001.0,80.0
2026-02-23T23:00:00,72.3,77.1,666.0,10.0,92,8.2,0.0,1001.0,100.0
2026-02-24T00:00:00,62.7,55.9,673.0,8.7,95,7.2,0.0,1000.8,125.0
2026-02-24T01:00:00,48.9,41.6,537.0,8.5,95,7.9,0.0,1000.2,125.0
2026-02-24T02:00:00,49.2,34.7,441.0,7.7,98,6.3,0.0,1000.3,75.0
2026-02-24T03:00:00,38.2,35.1,474.0,7.3,100,8.0,0.0,999.8,100.0
2026-02-24T04:00:00,37.1,39.4,547.0,7.3,100,7.8,0.0,999.4,125.0
2026-02-24T05:00:00,43.1,41.0,535.0,7.0,100,8.3,0.0,999.6,140.0
2026-02-24T06:00:00,47.9,41.5,530.0,6.6,100,9.7,0.0,999.3,140.0
2026-02-24T07:00:00,44.2,46.6,489.0,6.1,99,10.3,0.0,999.5,125.0
2026-02-24T08:00:00,34.1,39.8,403.0,6.8,96,8.6,0.0,999.5,135.0
2026-02-24T09:00:00,28.7,32.1,358.0,8.6,94,7.4,0.0,999.7,165.0
2026-02-24T10:00:00,26.6,25.9,306.0,11.3,85,7.2,0.0,999.9,215.0
2026-02-24T11:00:00,23.8,21.5,302.0,13.9,76,8.2,0.0,999.9,280.0
2026-02-24T12:00:00,19.6,17.7,292.0,15.5,72,4.8,0.0,999.4,440.0
2026-02-24T13:00:00,16.5,15.1,252.0,16.9,66,4.0,0.0,999.0,445.0
2026-02-24T14:00:00,15.7,16.8,256.0,17.1,65,7.4,0.0,998.9,420.0
2026-02-24T15:00:00,15.1,23.6,265.0,15.9,73,11.6,0.0,999.4,340.0
2026-02-24T16:00:00,22.4,43.1,298.0,13.6,84,13.6,0.0,1000.2,375.0
2026-02-24T17:00:00,28.6,54.8,342.0,11.4,88,12.8,0.0,1001.2,360.0
2026-02-24T18:00:00,53.7,58.8,464.0,10.5,87,11.4,0.0,1002.3,350.0
2026-02-24T19:00:00,57.9,57.7,495.0,9.9,87,9.7,0.0,1003.0,365.0
2026-02-24T20:00:00,58.3,56.7,606.0,9.3,90,10.5,0.0,1003.8,330.0
2026-02-24T21:00:00,64.2,50.7,629.0,9.0,90,11.3,0.0,1004.6,355.0
2026-02-24T22:00:00,68.5,43.4,616.0,8.5,91,11.0,0.0,1004.9,280.0
2026-02-24T23:00:00,65.2,31.0,523.0,8.0,91,9.5,0.0,1005.2,245.0
2026-02-25T00:00:00,70.0,32.9,501.0,7.6,91,5.6,0.0,1005.9,120.0
2026-02-25T01:00:00,72.7,33.5,466.0,7.5,90,4.6,0.0,1006.3,95.0
2026-02-25T02:00:00,75.9,31.9,497.0,7.4,90,4.6,0.0,1006.4,80.0
2026-02-25T03:00:00,77.3,33.3,507.0,7.5,91,5.1,0.0,1006.5,55.0
2026-02-25T04:00:00,77.0,35.7,523.0,7.8,91,5.6,0.0,1006.9,55.0
2026-02-25T05:00:00,74.5,39.9,545.0,8.0,91,5.5,0.0,1007.0,55.0
2026-02-25T06:00:00,70.9,50.8,576.0,8.5,91,4.3,0.0,1007.1,65.0
2026-02-25T07:00:00,69.0,61.5,633.0,9.1,90,4.4,0.0,1007.5,80.0
2026-02-25T08:00:00,68.8,71.3,682.0,9.8,90,3.7,0.0,1008.0,90.0
2026-02-25T09:00:00,68.4,61.3,654.0,10.8,89,2.6,0.0,1008.2,100.0
2026-02-25T10:00:00,49.3,59.9,463.0,12.2,80,0.4,0.0,1008.5,360.0
2026-02-25T11:00:00,43.4,46.9,345.0,13.3,74,4.1,0.0,1008.6,680.0
2026-02-25T12:00:00,38.9,33.9,309.0,12.9,70,3.5,0.0,1008.5,650.0
2026-02-25T13:00:00,36.7,26.9,293.0,13.4,69,2.5,0.0,1008.1,775.0
2026-02-25T14:00:00,37.6,25.9,290.0,13.6,68,2.7,0.0,1007.8,915.0
2026-02-25T15:00:00,37.6,30.1,300.0,13.8,66,2.1,0.0,1007.7,925.0
2026-02-25T16:00:00,33.7,36.2,344.0,13.5,68,2.3,0.0,1007.7,100.0
2026-02-25T17:00:00,38.9,58.8,361.0,11.8,78,3.6,0.0,1007.8,75.0
2026-02-25T18:00:00,39.9,64.5,414.0,11.3,80,4.6,0.0,1008.6,90.0
2026-02-25T19:00:00,47.0,65.9,454.0,10.3,83,4.2,0.0,1008.8,45.0
2026-02-25T20:00:00,48.7,70.1,498.0,9.3,87,4.5,0.0,1008.9,50.0
2026-02-25T21:00:00,54.9,68.1,546.0,8.5,89,4.3,0.0,1009.2,45.0
2026-02-25T22:00:00,61.7,63.1,620.0,7.7,91,4.1,0.0,1008.9,40.0
2026-02-25T23:00:00,64.8,66.4,669.0,7.2,92,3.8,0.0,1009.0,35.0
2026-02-26T00:00:00,65.0,56.2,720.0,7.2,92,5.2,0.0,1009.5,35.0
2026-02-26T01:00:00,66.1,51.0,709.0,6.7,92,4.3,0.0,1009.6,45.0
2026-02-26T02:00:00,67.8,47.7,706.0,6.2,93,4.0,0.0,1009.3,40.0
2026-02-26T03:00:00,69.5,47.8,718.0,5.7,94,4.0,0.0,1009.2,35.0
2026-02-26T04:00:00,68.0,44.3,729.0,5.3,95,4.0,0.0,1009.3,35.0
2026-02-26T05:00:00,66.2,44.5,731.0,4.9,95,4.0,0.0,1009.2,40.0
2026-02-26T06:00:00,66.1,48.6,710.0,4.6,95,3.1,0.0,1009.9,25.0
2026-02-26T07:00:00,66.9,59.2,699.0,5.3,97,4.9,0.0,1010.4,35.0
2026-02-26T08:00:00,68.7,60.7,730.0,6.9,96,4.0,0.0,1010.9,80.0
2026-02-26T09:00:00,66.3,56.0,678.0,9.1,89,2.7,0.0,1011.1,125.0
2026-02-26T10:00:00,58.3,51.8,524.0,11.3,81,3.1,0.0,1011.0,230.0
2026-02-26T11:00:00,56.3,41.8,441.0,13.0,73,3.5,0.0,1010.8,400.0
2026-02-26T12:00:00,49.2,33.8,378.0,13.4,71,2.4,0.0,1010.3,480.0
2026-02-26T13:00:00,46.6,27.1,322.0,14.4,69,1.5,0.0,1009.6,495.0
2026-02-26T14:00:00,44.2,23.9,308.0,14.9,67,0.9,0.0,1009.1,465.0
2026-02-26T15:00:00,41.1,25.3,307.0,15.0,66,1.4,0.0,1008.6,380.0
2026-02-26T16:00:00,39.0,34.5,336.0,14.7,69,1.5,0.0,1008.3,50.0
2026-02-26T17:00:00,46.9,78.4,426.0,12.7,78,1.3,0.0,1008.3,20.0
2026-02-26T18:00:00,51.3,92.3,540.0,12.2,78,1.5,0.0,1008.4,20.0
2026-02-26T19:00:00,66.0,100.0,681.0,11.3,82,2.6,0.0,1008.7,25.0
2026-02-26T20:00:00,81.3,98.9,780.0,10.6,85,2.2,0.0,1008.9,25.0
2026-02-26T21:00:00,93.7,97.3,827.0,10.3,86,0.6,0.0,1009.2,15.0
2026-02-26T22:00:00,105.0,108.0,872.0,9.3,89,2.3,0.0,1008.8,25.0
2026-02-26T23:00:00,106.9,101.6,882.0,8.7,91,3.7,0.0,1009.0,25.0
2026-02-27T00:00:00,107.8,90.5,884.0,8.0,95,1.9,0.0,1009.4,15.0
2026-02-27T01:00:00,102.7,80.1,912.0,8.6,93,4.2,0.0,1009.4,35.0
2026-02-27T02:00:00,96.5,68.7,935.0,8.2,94,3.9,0.0,1008.9,30.0
2026-02-27T03:00:00,96.4,61.4,914.0,7.5,95,3.0,0.0,1008.4,20.0
2026-02-27T04:00:00,95.7,57.7,905.0,6.5,97,2.0,0.0,1008.1,15.0
2026-02-27T05:00:00,94.1,54.6,908.0,6.5,97,0.0,0.0,1008.2,10.0
2026-02-27T06:00:00,93.4,56.2,934.0,5.8,100,1.6,0.0,1008.7,30.0
2026-02-27T07:00:00,101.1,69.1,921.0,7.1,100,3.8,0.0,1009.1,60.0
2026-02-27T08:00:00,103.8,77.7,983.0,8.0,99,5.4,0.0,1009.3,70.0
2026-02-27T09:00:00,92.7,68.9,963.0,9.3,96,4.3,0.0,1009.1,70.0
2026-02-27T10:00:00,91.4,61.0,718.0,11.1,90,3.7,0.0,1009.0,240.0
2026-02-27T11:00:00,83.8,55.8,580.0,12.7,84,4.0,0.0,1008.8,345.0
2026-02-27T12:00:00,69.8,45.6,503.0,13.6,78,3.8,0.0,1008.4,525.0
2026-02-27T13:00:00,47.5,29.1,392.0,14.8,72,3.6,0.0,1007.6,740.0
2026-02-27T14:00:00,36.4,22.8,307.0,15.2,69,2.7,0.0,1006.9,890.0
2026-02-27T15:00:00,34.8,18.9,276.0,15.4,66,1.7,0.0,1006.4,840.0
2026-02-27T16:00:00,32.3,30.1,283.0,15.0,68,1.5,0.0,1006.1,60.0
2026-02-27T17:00:00,38.2,60.6,377.0,12.9,78,1.5,0.0,1006.1,20.0
2026-02-27T18:00:00,42.1,81.1,455.0,12.2,79,1.8,0.0,1006.2,20.0
2026-02-27T19:00:00,52.2,81.3,599.0,11.6,82,2.6,0.0,1006.3,25.0
2026-02-27T20:00:00,63.5,88.8,581.0,10.7,85,2.7,0.0,1006.7,30.0
2026-02-27T21:00:00,64.4,79.4,617.0,9.8,88,3.6,0.0,1006.9,40.0
2026-02-27T22:00:00,61.6,69.4,593.0,9.9,87,5.5,0.0,1006.7,90.0
2026-02-27T23:00:00,56.5,57.5,527.0,9.4,89,7.1,0.0,1006.7,85.0
2026-02-28T00:00:00,51.1,56.3,482.0,9.0,89,6.9,0.0,1006.8,80.0
2026-02-28T01:00:00,53.0,52.9,486.0,8.8,91,6.4,0.0,1006.5,70.0
2026-02-28T02:00:00,56.8,54.3,512.0,8.0,94,3.5,0.0,1006.2,50.0
2026-02-28T03:00:00,60.3,52.8,532.0,7.5,95,3.4,0.0,1006.1,35.0
2026-02-28T04:00:00,60.5,52.8,530.0,7.0,97,4.2,0.0,1006.1,35.0
2026-02-28T05:00:00,62.3,51.8,537.0,6.8,100,5.4,0.0,1006.3,35.0
2026-02-28T06:00:00,62.3,51.2,513.0,7.2,100,3.5,0.0,1006.4,45.0
2026-02-28T07:00:00,66.2,45.2,508.0,8.1,100,3.7,0.0,1006.9,70.0
2026-02-28T08:00:00,55.0,43.3,473.0,8.8,98,3.3,0.0,1007.5,70.0
2026-02-28T09:00:00,52.5,42.1,440.0,9.9,92,4.1,0.0,1007.7,120.0
2026-02-28T10:00:00,39.6,36.2,369.0,11.5,85,3.9,0.0,1007.8,285.0
2026-02-28T11:00:00,26.6,30.9,263.0,13.2,79,3.6,0.0,1007.5,395.0
2026-02-28T12:00:00,21.2,22.5,216.0,13.7,75,4.2,0.0,1007.2,530.0
2026-02-28T13:00:00,22.6,16.1,193.0,14.6,70,3.4,0.0,1006.4,750.0
2026-02-28T14:00:00,20.2,12.5,189.0,15.0,66,2.2,0.0,1005.9,890.0
2026-02-28T15:00:00,19.4,12.0,191.0,15.0,64,2.3,0.0,1005.7,910.0
2026-02-28T16:00:00,26.7,21.1,236.0,14.7,64,1.2,0.0,1005.3,35.0
2026-02-28T17:00:00,30.1,48.7,322.0,13.1,72,0.4,0.0,1005.3,10.0
2026-02-28T18:00:00,37.4,71.3,388.0,12.3,77,0.6,0.0,1005.5,15.0
2026-02-28T19:00:00,47.5,84.1,483.0,11.5,81,1.7,0.0,1005.6,20.0
2026-02-28T20:00:00,59.2,72.3,575.0,10.6,84,2.2,0.0,1005.9,20.0
2026-02-28T21:00:00,59.0,66.2,532.0,10.1,85,2.1,0.0,1006.2,20.0
2026-02-28T22:00:00,65.5,66.4,568.0,9.7,86,3.3,0.0,1006.2,30.0
2026-02-28T23:00:00,69.1,62.9,670.0,9.6,87,4.1,0.0,1006.1,35.0
2026-03-01T00:00:00,70.5,58.7,667.0,9.4,91,4.6,0.0,1006.2,35.0
2026-03-01T01:00:00,74.1,51.8,643.0,10.2,89,5.9,0.0,1006.3,55.0
2026-03-01T02:00:00,71.6,41.4,582.0,9.9,91,7.1,0.0,1006.4,80.0
2026-03-01T03:00:00,71.6,37.0,579.0,9.8,93,6.9,0.0,1006.4,95.0
2026-03-01T04:00:00,73.0,32.9,546.0,9.5,95,6.3,0.0,1006.7,130.0
2026-03-01T05:00:00,72.5,28.9,546.0,9.2,97,6.3,0.0,1006.9,175.0
2026-03-01T06:00:00,70.3,30.5,518.0,9.1,100,5.9,0.0,1007.1,155.0
2026-03-01T07:00:00,64.8,34.1,491.0,9.3,99,7.4,0.1,1007.6,170.0
2026-03-01T08:00:00,50.5,30.8,399.0,9.6,96,6.6,0.3,1008.2,210.0
2026-03-01T09:00:00,44.1,23.7,372.0,10.1,95,7.3,0.1,1008.5,205.0
2026-03-01T10:00:00,44.0,22.8,335.0,10.4,93,6.9,0.3,1008.7,270.0
2026-03-01T11:00:00,35.2,20.2,317.0,10.8,92,6.1,0.1,1008.9,320.0
2026-03-01T12:00:00,32.8,18.5,300.0,11.0,87,7.5,0.1,1008.7,350.0
2026-03-01T13:00:00,33.1,19.0,293.0,11.5,86,7.2,0.0,1008.3,400.0
2026-03-01T14:00:00,33.5,17.1,294.0,11.8,84,6.7,0.1,1008.0,455.0
2026-03-01T15:00:00,39.7,20.0,303.0,12.0,81,6.4,0.1,1007.8,480.0
2026-03-01T16:00:00,41.3,24.3,331.0,11.9,82,6.9,0.0,1007.6,425.0
2026-03-01T17:00:00,46.3,35.4,390.0,11.0,87,6.4,0.0,1007.6,280.0
2026-03-01T18:00:00,52.5,50.5,459.0,10.3,91,5.5,0.0,1007.8,140.0
2026-03-01T19:00:00,56.6,58.2,468.0,10.0,92,5.9,0.0,1008.1,115.0
2026-03-01T20:00:00,61.1,56.8,469.0,9.7,93,6.0,0.0,1008.5,100.0
2026-03-01T21:00:00,62.6,61.4,509.0,9.4,93,6.1,0.0,1008.6,100.0
2026-03-01T22:00:00,64.2,58.1,507.0,9.3,93,5.6,0.0,1008.5,105.0
2026-03-01T23:00:00,66.1,50.7,522.0,8.9,93,5.6,0.0,1008.3,105.0
2026-03-02T00:00:00,67.9,43.0,499.0,9.4,94,4.5,0.0,1008.0,120.0
2026-03-02T01:00:00,69.8,34.6,483.0,9.1,95,5.2,0.1,1007.8,135.0
2026-03-02T02:00:00,69.0,29.6,489.0,8.4,93,6.5,0.3,1007.4,120.0
2026-03-02T03:00:00,65.5,27.7,475.0,8.2,97,6.8,0.1,1007.1,130.0
2026-03-02T04:00:00,61.5,27.8,456.0,8.1,98,6.3,0.2,1007.3,120.0
2026-03-02T05:00:00,57.6,29.7,430.0,7.6,100,6.5,0.5,1007.3,105.0
2026-03-02T06:00:00,55.0,39.2,444.0,8.0,95,4.0,0.2,1007.4,80.0
2026-03-02T07:00:00,53.8,50.3,455.0,8.5,95,4.8,0.0,1007.7,130.0
2026-03-02T08:00:00,51.1,54.7,411.0,9.1,94,7.8,0.0,1008.0,205.0
2026-03-02T09:00:00,43.2,48.1,380.0,10.2,90,6.0,0.0,1008.4,290.0
2026-03-02T10:00:00,39.2,38.4,327.0,10.8,87,6.7,0.0,1008.8,375.0
2026-03-02T11:00:00,35.2,26.5,305.0,11.6,82,4.1,0.0,1008.8,525.0
2026-03-02T12:00:00,26.5,19.1,279.0,11.4,83,4.9,0.0,1008.5,360.0
2026-03-02T13:00:00,26.6,17.1,279.0,11.9,79,3.4,0.0,1007.9,500.0
2026-03-02T14:00:00,25.8,17.6,269.0,12.9,74,2.3,0.0,1007.4,625.0
2026-03-02T15:00:00,25.4,21.7,259.0,13.1,69,1.8,0.1,1007.0,665.0
2026-03-02T16:00:00,24.2,30.4,294.0,12.7,72,2.4,0.1,1007.0,285.0
2026-03-02T17:00:00,29.4,62.1,371.0,11.4,82,4.1,0.0,1007.4,100.0
2026-03-02T18:00:00,34.8,80.3,440.0,10.9,85,5.7,0.0,1007.7,115.0
2026-03-02T19:00:00,41.1,81.6,519.0,10.4,87,5.3,0.0,1007.8,90.0
2026-03-02T20:00:00,46.0,76.3,531.0,9.9,89,5.2,0.0,1008.3,85.0
2026-03-02T21:00:00,50.2,84.6,545.0,9.4,90,5.9,0.0,1008.8,80.0
2026-03-02T22:00:00,55.0,77.9,576.0,9.0,91,6.8,0.0,1008.9,75.0
2026-03-02T23:00:00,59.4,71.9,641.0,8.7,92,6.6,0.0,1009.3,105.0
2026-03-03T00:00:00,57.7,68.5,653.0,8.9,96,6.8,0.5,1009.2,75.0
2026-03-03T01:00:00,54.0,60.4,619.0,9.0,95,8.5,0.0,1009.2,115.0
2026-03-03T02:00:00,41.4,49.4,553.0,8.4,94,6.7,0.0,1009.1,90.0
2026-03-03T03:00:00,40.9,42.9,479.0,7.7,95,4.6,0.0,1009.3,65.0
2026-03-03T04:00:00,41.9,37.6,403.0,7.3,96,4.6,0.0,1009.5,60.0
2026-03-03T05:00:00,43.2,38.2,382.0,7.4,96,5.4,0.0,1009.8,65.0
2026-03-03T06:00:00,48.8,48.8,436.0,7.8,94,3.6,0.0,1009.9,40.0
2026-03-03T07:00:00,52.6,66.1,530.0,8.3,94,3.2,0.0,1010.1,35.0
2026-03-03T08:00:00,55.9,59.3,494.0,9.8,89,2.2,0.0,1010.6,135.0
2026-03-03T09:00:00,53.5,52.0,443.0,10.9,87,3.3,0.0,1011.0,255.0
2026-03-03T10:00:00,47.4,39.7,392.0,12.2,79,4.0,0.0,1011.0,395.0
2026-03-03T11:00:00,40.3,32.9,310.0,13.2,72,3.6,0.0,1010.9,570.0
2026-03-03T12:00:00,35.0,21.5,273.0,13.6,68,2.8,0.0,1010.5,685.0
2026-03-03T13:00:00,30.6,16.8,244.0,14.2,65,2.1,0.0,1009.8,810.0
2026-03-03T14:00:00,27.7,15.7,240.0,14.4,63,2.1,0.0,1009.4,900.0
2026-03-03T15:00:00,26.2,17.6,246.0,14.5,63,2.2,0.0,1009.1,855.0
2026-03-03T16:00:00,27.0,24.6,274.0,14.1,65,2.6,0.0,1008.8,125.0
2026-03-03T17:00:00,30.6,55.5,311.0,12.6,75,3.7,0.0,1008.8,90.0
2026-03-03T18:00:00,34.6,68.1,370.0,11.9,77,3.1,0.0,1009.1,45.0
2026-03-03T19:00:00,39.6,70.3,439.0,11.8,78,4.8,0.0,1009.5,60.0
2026-03-03T20:00:00,43.8,65.8,455.0,10.5,84,3.8,0.0,1009.9,45.0
2026-03-03T21:00:00,47.5,68.5,476.0,9.7,87,3.4,0.0,1010.1,35.0
2026-03-03T22:00:00,50.5,63.4,501.0,9.3,88,4.8,0.0,1010.2,50.0
2026-03-03T23:00:00,54.0,60.0,532.0,8.9,88,5.4,0.0,1010.4,50.0
2026-03-04T00:00:00,57.0,55.0,574.0,8.1,93,4.9,0.0,1010.5,50.0
2026-03-04T01:00:00,62.6,54.5,617.0,8.8,92,6.0,0.0,1010.4,65.0
2026-03-04T02:00:00,59.4,50.3,645.0,8.4,93,5.6,0.0,1010.1,60.0
2026-03-04T03:00:00,61.1,43.6,569.0,8.0,93,5.5,0.0,1009.7,50.0
2026-03-04T04:00:00,59.5,41.4,565.0,7.4,94,4.0,0.0,1009.6,35.0
2026-03-04T05:00:00,58.2,38.5,489.0,7.4,94,4.3,0.0,1009.4,35.0
2026-03-04T06:00:00,59.8,47.7,465.0,6.6,97,4.2,0.0,1009.5,35.0
2026-03-04T07:00:00,60.8,64.0,536.0,7.7,96,3.7,0.0,1010.1,65.0
2026-03-04T08:00:00,62.9,58.8,547.0,8.7,94,1.7,0.0,1010.7,110.0
2026-03-04T09:00:00,59.4,54.9,476.0,10.1,91,0.0,0.0,1010.9,175.0
2026-03-04T10:00:00,54.6,45.9,455.0,11.8,85,1.7,0.0,1011.1,350.0
2026-03-04T11:00:00,47.1,36.9,343.0,13.1,78,2.6,0.0,1010.6,545.0
2026-03-04T12:00:00,41.1,30.5,281.0,13.3,73,1.5,0.0,1010.3,775.0
2026-03-04T13:00:00,40.9,25.4,259.0,14.1,69,0.9,0.0,1009.5,900.0
2026-03-04T14:00:00,41.0,29.2,259.0,14.6,65,0.0,0.0,1008.9,875.0
2026-03-04T15:00:00,38.5,27.9,264.0,14.6,63,1.0,0.0,1008.5,850.0
2026-03-04T16:00:00,36.5,32.7,281.0,14.3,65,2.1,0.0,1008.1,90.0
2026-03-04T17:00:00,38.5,62.1,370.0,12.4,76,1.9,0.0,1008.0,35.0
2026-03-04T18:00:00,42.5,80.5,399.0,12.5,73,2.5,0.0,1008.2,280.0
2026-03-04T19:00:00,48.0,82.4,503.0,11.2,80,4.4,0.0,1008.7,40.0
2026-03-04T20:00:00,51.3,84.7,565.0,10.2,83,4.9,0.0,1009.1,55.0
2026-03-04T21:00:00,58.7,86.8,662.0,9.1,86,4.2,0.0,1009.5,50.0
2026-03-04T22:00:00,71.1,82.3,778.0,8.2,88,3.0,0.0,1009.3,25.0
2026-03-04T23:00:00,75.3,77.9,713.0,8.1,90,4.3,0.0,1009.1,35.0
2026-03-05T00:00:00,67.6,70.6,722.0,7.8,94,6.1,0.0,1009.6,60.0
2026-03-05T01:00:00,69.7,63.0,718.0,8.0,94,5.6,0.0,1009.5,70.0
2026-03-05T02:00:00,68.9,55.7,683.0,7.6,95,4.5,0.0,1009.1,55.0
2026-03-05T03:00:00,66.9,44.8,580.0,7.6,95,5.9,0.0,1008.9,60.0
2026-03-05T04:00:00,62.2,42.8,552.0,7.3,97,5.9,0.0,1009.1,70.0
2026-03-05T05:00:00,59.3,42.1,511.0,7.2,98,6.3,0.0,1009.2,75.0
2026-03-05T06:00:00,60.1,47.7,498.0,7.3,100,7.5,0.0,1009.5,125.0
2026-03-05T07:00:00,62.6,64.1,536.0,7.7,99,8.1,0.0,1009.8,125.0
2026-03-05T08:00:00,60.7,55.3,514.0,8.5,97,6.9,0.0,1010.1,140.0
2026-03-05T09:00:00,60.9,48.9,441.0,9.3,94,5.5,0.0,1010.2,190.0
2026-03-05T10:00:00,56.8,41.1,404.0,10.0,90,4.5,0.0,1010.4,275.0
2026-03-05T11:00:00,50.2,30.9,323.0,11.0,85,4.0,0.0,1010.2,395.0
2026-03-05T12:00:00,47.2,28.6,286.0,11.6,78,5.0,0.0,1009.7,570.0
2026-03-05T13:00:00,47.4,21.6,272.0,12.4,75,4.3,0.0,1008.7,710.0
2026-03-05T14:00:00,45.1,16.8,274.0,13.1,68,3.8,0.0,1008.0,980.0
2026-03-05T15:00:00,39.6,17.2,268.0,13.1,66,3.1,0.0,1007.6,905.0
2026-03-05T16:00:00,42.4,28.7,294.0,12.7,67,2.0,0.0,1007.3,355.0
2026-03-05T17:00:00,45.4,48.9,358.0,11.3,77,0.6,0.0,1007.0,15.0
2026-03-05T18:00:00,51.9,69.1,402.0,10.0,83,3.7,0.0,1007.2,65.0
2026-03-05T19:00:00,53.1,70.6,511.0,9.5,86,3.1,0.0,1007.5,60.0
2026-03-05T20:00:00,54.2,73.7,528.0,8.6,89,2.9,0.0,1007.6,55.0
2026-03-05T21:00:00,58.4,70.3,529.0,8.2,89,1.9,0.0,1007.8,45.0
2026-03-05T22:00:00,64.8,69.1,543.0,7.7,91,0.7,0.0,1007.8,15.0
2026-03-05T23:00:00,67.8,73.3,598.0,7.1,93,1.5,0.0,1007.5,20.0
2026-03-06T00:00:00,66.7,76.3,604.0,6.7,100,1.2,0.0,1007.7,15.0
2026-03-06T01:00:00,68.1,73.2,625.0,7.3,100,1.3,0.0,1007.5,15.0
2026-03-06T02:00:00,70.3,65.8,654.0,7.1,100,1.9,0.0,1007.1,30.0
2026-03-06T03:00:00,77.1,59.8,632.0,6.7,100,4.4,0.0,1006.7,40.0
2026-03-06T04:00:00,79.5,49.6,649.0,6.5,100,3.7,0.0,1006.8,55.0
2026-03-06T05:00:00,77.7,48.7,656.0,6.3,100,2.8,0.0,1006.8,60.0
2026-03-06T06:00:00,78.1,50.0,663.0,6.5,99,2.9,0.0,1006.9,60.0
2026-03-06T07:00:00,78.4,63.2,674.0,6.9,99,2.0,0.0,1007.3,70.0
2026-03-06T08:00:00,80.8,65.3,694.0,7.8,98,2.2,0.0,1007.8,35.0
2026-03-06T09:00:00,80.8,54.9,638.0,9.5,93,2.7,0.0,1007.9,170.0
2026-03-06T10:00:00,76.0,55.8,540.0,11.4,84,3.2,0.0,1007.7,405.0
2026-03-06T11:00:00,68.5,44.5,433.0,12.7,75,3.5,0.0,1007.6,555.0
2026-03-06T12:00:00,63.4,31.4,345.0,12.8,71,5.0,0.0,1007.7,660.0
2026-03-06T13:00:00,61.0,22.1,318.0,13.6,67,3.3,0.0,1007.0,625.0
2026-03-06T14:00:00,53.3,18.2,289.0,14.2,65,4.3,0.0,1006.4,595.0
2026-03-06T15:00:00,49.2,18.0,276.0,14.4,65,4.0,0.0,1006.0,695.0
2026-03-06T16:00:00,43.4,25.6,282.0,14.0,67,3.7,0.0,1005.9,675.0
2026-03-06T17:00:00,49.5,61.4,371.0,12.3,79,2.8,0.0,1006.1,60.0
2026-03-06T18:00:00,54.0,77.6,442.0,11.1,80,4.6,0.0,1006.7,95.0
2026-03-06T19:00:00,61.0,81.5,527.0,10.5,81,2.3,0.0,1007.2,45.0
2026-03-06T20:00:00,69.3,85.3,591.0,9.9,83,0.8,0.0,1007.7,15.0
2026-03-06T21:00:00,74.3,80.6,651.0,9.0,87,1.7,0.0,1008.0,20.0
2026-03-06T22:00:00,71.7,80.0,718.0,8.4,90,2.9,0.0,1007.9,20.0
2026-03-06T23:00:00,72.6,77.4,639.0,7.8,91,2.5,0.0,1007.8,20.0
2026-03-07T00:00:00,72.8,72.3,663.0,7.5,93,2.3,0.0,1008.2,30.0
2026-03-07T01:00:00,74.0,62.4,681.0,7.6,92,2.5,0.0,1008.3,30.0
2026-03-07T02:00:00,76.1,54.6,646.0,7.3,92,5.7,0.0,1008.0,35.0
2026-03-07T03:00:00,76.1,47.6,612.0,6.9,92,4.9,0.0,1007.7,35.0
2026-03-07T04:00:00,74.8,42.0,541.0,6.0,93,2.9,0.0,1007.8,25.0
2026-03-07T05:00:00,73.3,39.6,477.0,5.4,93,2.4,0.0,1007.8,20.0
2026-03-07T06:00:00,72.2,44.3,444.0,5.1,95,3.6,0.0,1008.3,25.0
2026-03-07T07:00:00,71.9,37.7,467.0,6.6,92,4.8,0.0,1008.6,35.0
2026-03-07T08:00:00,62.0,36.0,468.0,9.2,89,3.5,0.0,1008.9,65.0
2026-03-07T09:00:00,55.0,33.1,467.0,11.7,81,2.2,0.0,1009.1,175.0
2026-03-07T10:00:00,60.6,29.0,376.0,13.5,71,2.4,0.0,1009.0,455.0
2026-03-07T11:00:00,57.6,20.3,330.0,14.7,62,1.5,0.0,1008.8,795.0
2026-03-07T12:00:00,49.1,18.3,262.0,14.7,62,1.3,0.0,1008.5,765.0
2026-03-07T13:00:00,36.5,13.3,231.0,15.6,56,1.0,0.0,1007.8,850.0
2026-03-07T14:00:00,31.3,12.4,218.0,15.9,52,2.4,0.0,1007.2,875.0
2026-03-07T15:00:00,26.2,10.7,211.0,15.7,51,3.8,0.0,1006.9,795.0
2026-03-07T16:00:00,24.2,17.0,217.0,15.1,54,4.0,0.0,1006.8,495.0
2026-03-07T17:00:00,28.2,36.8,268.0,13.0,68,4.4,0.0,1006.9,105.0
2026-03-07T18:00:00,31.3,72.8,324.0,12.5,64,4.9,0.0,1007.2,140.0
2026-03-07T19:00:00,43.2,79.1,392.0,11.9,66,5.2,0.0,1007.4,75.0
2026-03-07T20:00:00,46.5,71.5,423.0,11.1,70,4.7,0.0,1007.9,65.0
2026-03-07T21:00:00,51.2,71.7,499.0,10.2,75,4.0,0.0,1008.3,55.0
2026-03-07T22:00:00,58.8,67.4,596.0,9.5,78,4.5,0.0,1008.4,55.0
2026-03-07T23:00:00,57.2,70.3,568.0,9.2,80,4.6,0.0,1008.2,55.0
2026-03-08T00:00:00,62.9,70.4,527.0,8.4,85,4.3,0.0,1008.4,45.0
2026-03-08T01:00:00,64.6,64.0,558.0,8.6,84,5.0,0.0,1008.5,45.0
2026-03-08T02:00:00,63.4,58.1,569.0,7.8,86,3.6,0.0,1008.3,35.0
2026-03-08T03:00:00,58.3,42.6,483.0,7.4,87,2.8,0.0,1008.0,20.0
2026-03-08T04:00:00,57.0,40.9,433.0,6.7,90,2.9,0.0,1007.9,15.0
2026-03-08T05:00:00,54.1,37.4,419.0,5.9,91,2.5,0.0,1007.9,15.0
2026-03-08T06:00:00,52.2,39.9,411.0,5.2,94,3.2,0.0,1008.3,20.0
2026-03-08T07:00:00,53.7,35.7,415.0,6.6,90,3.1,0.0,1009.0,25.0
2026-03-08T08:00:00,52.1,33.4,402.0,9.0,83,0.5,0.0,1009.5,80.0
2026-03-08T09:00:00,56.8,32.1,386.0,11.1,76,0.3,0.0,1009.9,170.0
2026-03-08T10:00:00,60.1,30.0,377.0,12.9,68,1.0,0.0,1009.9,345.0
2026-03-08T11:00:00,50.3,21.4,293.0,14.3,61,2.5,0.0,1009.9,745.0
2026-03-08T12:00:00,44.8,13.1,243.0,14.8,53,3.1,0.0,1009.5,1080.0
2026-03-08T13:00:00,36.3,10.0,234.0,15.3,52,3.5,0.0,1008.8,1190.0
2026-03-08T14:00:00,33.5,7.4,230.0,15.6,52,3.3,0.0,1008.4,1225.0
2026-03-08T15:00:00,31.0,6.7,223.0,15.6,52,3.8,0.0,1008.0,1230.0
2026-03-08T16:00:00,28.8,12.0,239.0,15.2,54,3.7,0.0,1007.7,810.0
2026-03-08T17:00:00,36.4,36.5,308.0,13.4,67,5.0,0.0,1007.8,140.0
2026-03-08T18:00:00,42.5,71.6,332.0,12.0,74,5.2,0.0,1007.8,80.0
2026-03-08T19:00:00,43.1,78.1,384.0,11.7,74,4.9,0.0,1008.1,75.0
2026-03-08T20:00:00,46.0,68.0,389.0,11.0,77,4.7,0.0,1008.4,65.0
2026-03-08T21:00:00,47.7,62.4,410.0,10.4,81,5.9,0.0,1008.6,70.0
2026-03-08T22:00:00,54.7,64.8,506.0,9.8,85,6.4,0.0,1008.6,65.0
2026-03-08T23:00:00,56.4,64.7,508.0,9.5,87,6.8,0.0,1008.6,70.0
2026-03-09T00:00:00,62.2,54.3,504.0,9.9,86,5.0,0.0,1008.7,60.0
2026-03-09T01:00:00,58.1,48.1,511.0,10.2,87,2.9,0.0,1008.7,35.0
2026-03-09T02:00:00,56.5,48.1,503.0,10.1,88,2.7,0.0,1008.2,20.0
2026-03-09T03:00:00,56.9,38.1,432.0,9.3,90,2.6,0.0,1007.7,20.0
2026-03-09T04:00:00,57.0,38.2,443.0,9.1,90,3.8,0.0,1007.6,25.0
2026-03-09T05:00:00,56.3,36.3,430.0,8.7,92,2.8,0.0,1007.6,25.0
2026-03-09T06:00:00,58.6,50.4,432.0,8.0,92,2.2,0.0,1007.7,25.0
2026-03-09T07:00:00,63.6,62.3,453.0,8.7,91,3.1,0.0,1008.0,25.0
2026-03-09T08:00:00,58.7,61.2,472.0,10.1,84,2.9,0.0,1008.2,75.0
2026-03-09T09:00:00,54.1,57.5,458.0,11.8,78,0.6,0.0,1008.5,175.0
2026-03-09T10:00:00,53.7,45.2,354.0,12.4,77,0.7,0.1,1008.5,205.0
2026-03-09T11:00:00,48.0,41.0,323.0,13.3,72,3.1,0.0,1008.2,285.0
2026-03-09T12:00:00,44.2,36.4,278.0,13.4,72,2.5,0.0,1007.5,305.0
2026-03-09T13:00:00,37.5,29.0,241.0,14.3,67,2.7,0.0,1006.7,440.0
2026-03-09T14:00:00,34.7,24.5,210.0,14.8,61,2.7,0.0,1006.1,580.0
2026-03-09T15:00:00,33.6,23.8,209.0,15.0,57,1.4,0.0,1005.6,660.0
2026-03-09T16:00:00,33.8,33.8,255.0,14.8,56,1.1,0.0,1005.3,60.0
2026-03-09T17:00:00,39.2,63.9,311.0,13.3,67,0.8,0.0,1005.5,20.0
2026-03-09T18:00:00,41.4,101.9,382.0,13.2,66,0.9,0.0,1005.4,30.0
2026-03-09T19:00:00,47.7,105.5,435.0,13.1,68,0.9,0.2,1005.6,20.0
2026-03-09T20:00:00,52.9,110.5,507.0,12.1,73,4.5,0.0,1006.0,35.0
2026-03-09T21:00:00,58.4,98.1,579.0,11.9,78,5.1,0.0,1006.1,50.0
2026-03-09T22:00:00,64.4,87.8,601.0,11.5,80,3.8,0.1,1006.1,65.0
2026-03-09T23:00:00,70.3,85.7,644.0,11.2,78,8.4,0.0,1006.4,150.0
2026-03-10T00:00:00,76.1,77.7,599.0,10.2,81,8.4,0.0,1006.0,65.0
2026-03-10T01:00:00,71.6,65.9,616.0,9.7,85,1.3,0.0,1006.1,25.0
2026-03-10T02:00:00,67.1,56.6,611.0,9.2,87,6.4,0.0,1005.8,45.0
2026-03-10T03:00:00,58.0,43.5,496.0,8.8,90,6.1,0.0,1005.5,40.0
2026-03-10T04:00:00,52.0,36.9,439.0,8.3,91,5.9,0.0,1005.5,40.0
2026-03-10T05:00:00,47.9,35.8,377.0,8.0,92,4.3,0.0,1005.5,40.0
2026-03-10T06:00:00,48.4,47.5,372.0,8.4,88,7.9,0.0,1005.7,80.0
2026-03-10T07:00:00,50.8,49.5,404.0,9.4,87,10.3,0.0,1006.1,195.0
2026-03-10T08:00:00,52.4,46.7,376.0,10.2,84,9.5,0.0,1006.5,310.0
2026-03-10T09:00:00,48.4,33.5,361.0,11.4,76,10.6,0.7,1006.7,425.0
2026-03-10T10:00:00,49.9,29.0,354.0,12.2,76,5.7,2.9,1007.1,625.0
2026-03-10T11:00:00,54.1,20.7,323.0,12.1,80,4.0,0.3,1006.9,510.0
2026-03-10T12:00:00,51.7,16.6,308.0,11.9,79,5.7,0.2,1006.8,505.0
2026-03-10T13:00:00,60.7,20.1,370.0,12.3,78,3.7,0.3,1006.2,505.0
2026-03-10T14:00:00,60.4,22.1,372.0,12.4,78,0.7,0.2,1005.9,405.0
2026-03-10T15:00:00,57.3,26.7,347.0,12.7,76,3.1,0.0,1005.5,385.0
2026-03-10T16:00:00,56.2,38.9,351.0,12.5,77,3.5,0.0,1005.4,240.0
2026-03-10T17:00:00,56.6,58.1,396.0,11.8,83,3.3,0.0,1005.4,95.0
2026-03-10T18:00:00,59.3,69.9,500.0,11.0,87,2.8,0.0,1005.8,45.0
2026-03-10T19:00:00,64.5,72.5,554.0,10.4,91,3.6,0.2,1006.3,65.0
2026-03-10T20:00:00,64.5,69.9,601.0,10.0,94,3.4,0.1,1006.2,55.0
2026-03-10T21:00:00,61.5,72.9,625.0,9.5,94,3.1,0.0,1006.5,50.0
2026-03-10T22:00:00,61.9,73.8,611.0,9.7,95,2.4,0.0,1006.6,65.0
2026-03-10T23:00:00,63.6,70.1,597.0,9.2,97,0.7,0.0,1006.7,40.0
2026-03-11T00:00:00,63.6,49.1,601.0,8.8,98,5.3,0.0,1006.6,45.0
2026-03-11T01:00:00,63.8,53.8,622.0,8.5,98,3.8,0.0,1006.6,45.0
2026-03-11T02:00:00,63.8,59.0,620.0,7.9,99,4.3,0.0,1006.4,40.0
2026-03-11T03:00:00,65.0,68.1,610.0,7.4,100,5.1,0.0,1006.2,30.0
2026-03-11T04:00:00,65.9,63.7,595.0,6.9,100,5.0,0.0,1006.1,30.0
2026-03-11T05:00:00,66.7,61.1,621.0,6.6,100,5.2,0.0,1006.0,35.0
2026-03-11T06:00:00,67.8,60.5,593.0,7.1,100,5.6,0.0,1005.9,50.0
2026-03-11T07:00:00,69.5,60.4,604.0,8.1,99,6.4,0.0,1006.3,65.0
2026-03-11T08:00:00,71.8,43.8,604.0,8.8,97,6.1,0.0,1006.7,80.0
2026-03-11T09:00:00,72.9,40.1,522.0,10.3,91,6.3,0.0,1006.9,245.0
2026-03-11T10:00:00,72.9,40.7,422.0,11.9,77,5.8,0.0,1006.7,640.0
2026-03-11T11:00:00,64.8,32.5,396.0,13.4,67,5.2,0.0,1006.0,985.0
2026-03-11T12:00:00,55.4,21.2,340.0,13.9,64,4.7,0.0,1005.8,1095.0
2026-03-11T13:00:00,45.8,15.9,287.0,14.3,61,5.2,0.0,1004.7,1205.0
2026-03-11T14:00:00,37.6,13.6,252.0,14.4,60,6.0,0.0,1004.1,1225.0
2026-03-11T15:00:00,31.6,15.8,250.0,14.2,60,5.9,0.0,1003.4,1130.0
2026-03-11T16:00:00,28.8,19.8,291.0,13.8,62,4.0,0.0,1003.1,885.0
2026-03-11T17:00:00,34.1,53.0,320.0,12.6,76,3.2,0.0,1003.1,85.0
2026-03-11T18:00:00,36.0,65.5,393.0,11.7,76,4.7,0.0,1003.1,80.0
2026-03-11T19:00:00,40.7,68.6,438.0,11.0,80,6.8,0.0,1003.4,75.0
2026-03-11T20:00:00,44.2,60.2,428.0,10.4,84,4.4,0.0,1003.5,55.0
2026-03-11T21:00:00,44.7,50.3,437.0,10.0,86,2.2,0.0,1003.6,35.0
2026-03-11T22:00:00,40.6,44.7,407.0,10.2,86,3.5,0.0,1003.5,40.0
2026-03-11T23:00:00,40.8,43.3,378.0,9.8,90,2.5,0.0,1003.2,30.0
2026-03-12T00:00:00,37.5,66.4,425.0,10.2,87,0.5,0.0,1003.1,35.0
2026-03-12T01:00:00,38.6,69.1,449.0,10.2,89,2.5,0.1,1002.9,60.0
2026-03-12T02:00:00,50.2,69.5,489.0,10.1,89,6.0,0.1,1002.3,70.0
2026-03-12T03:00:00,58.4,63.3,558.0,9.6,89,2.3,0.1,1002.3,65.0
2026-03-12T04:00:00,54.5,47.9,501.0,9.6,88,1.2,0.4,1002.3,45.0
2026-03-12T05:00:00,53.0,44.6,464.0,9.4,92,5.0,0.3,1002.3,60.0
2026-03-12T06:00:00,51.2,54.5,473.0,9.9,91,4.4,0.2,1002.8,45.0
2026-03-12T07:00:00,49.5,58.8,493.0,10.2,92,6.1,0.1,1003.4,60.0
2026-03-12T08:00:00,46.7,58.8,453.0,11.2,90,2.7,0.0,1004.0,75.0
2026-03-12T09:00:00,47.0,47.8,422.0,12.7,78,0.4,0.0,1004.6,325.0
2026-03-12T10:00:00,39.6,27.6,311.0,13.8,69,1.2,0.0,1004.6,645.0
2026-03-12T11:00:00,32.8,20.3,277.0,14.7,64,1.3,0.0,1004.5,880.0
2026-03-12T12:00:00,25.8,18.0,244.0,15.1,60,1.8,0.0,1004.3,1080.0
2026-03-12T13:00:00,23.5,15.0,234.0,15.9,58,0.9,0.0,1003.6,1195.0
2026-03-12T14:00:00,21.9,12.5,224.0,16.0,56,1.9,0.0,1003.2,1035.0
2026-03-12T15:00:00,19.2,12.9,214.0,16.1,56,3.9,0.0,1002.8,890.0
2026-03-12T16:00:00,18.2,20.0,228.0,15.7,59,3.5,0.0,1002.8,860.0
2026-03-12T17:00:00,23.6,46.2,309.0,14.1,71,3.8,0.0,1002.8,120.0
2026-03-12T18:00:00,28.3,69.8,343.0,13.3,76,6.1,0.0,1003.1,115.0
2026-03-12T19:00:00,32.3,74.3,420.0,12.2,83,4.2,0.0,1003.7,90.0
2026-03-12T20:00:00,35.3,70.5,453.0,11.0,87,2.3,0.0,1004.3,30.0
2026-03-12T21:00:00,40.4,72.1,481.0,10.3,91,4.0,0.0,1004.7,35.0
2026-03-12T22:00:00,43.4,69.5,544.0,9.8,92,3.0,0.0,1004.4,25.0
2026-03-12T23:00:00,46.1,71.3,573.0,9.2,94,3.6,0.0,1004.1,30.0
2026-03-13T00:00:00,54.7,66.6,582.0,10.0,90,4.8,0.0,1004.2,65.0
2026-03-13T01:00:00,59.4,59.2,642.0,9.8,89,6.1,0.0,1004.0,90.0
2026-03-13T02:00:00,62.0,53.8,637.0,9.3,90,4.2,0.0,1003.4,50.0
2026-03-13T03:00:00,59.3,47.9,621.0,8.8,91,3.8,0.0,1002.7,35.0
2026-03-13T04:00:00,57.5,43.1,569.0,8.3,92,2.1,0.0,1002.5,25.0
2026-03-13T05:00:00,55.8,39.8,534.0,7.6,93,2.0,0.0,1002.0,30.0
2026-03-13T06:00:00,55.5,40.2,510.0,7.6,93,2.9,0.0,1002.2,30.0
2026-03-13T07:00:00,55.7,48.4,530.0,8.8,92,3.8,0.0,1002.2,35.0
2026-03-13T08:00:00,55.6,49.3,535.0,11.1,87,1.2,0.0,1002.6,85.0
2026-03-13T09:00:00,51.4,47.4,464.0,12.9,78,0.3,0.0,1002.5,395.0
2026-03-13T10:00:00,57.7,34.0,414.0,14.2,70,1.3,0.0,1001.9,645.0
2026-03-13T11:00:00,53.9,29.0,346.0,15.0,65,3.7,0.0,1000.8,800.0
2026-03-13T12:00:00,49.8,23.4,301.0,15.5,61,4.0,0.0,1000.1,945.0
2026-03-13T13:00:00,45.8,21.9,279.0,16.1,57,2.0,0.0,999.1,1065.0
2026-03-13T14:00:00,43.6,22.3,270.0,16.3,56,1.8,0.1,998.3,1210.0
2026-03-13T15:00:00,41.8,23.4,260.0,16.3,55,1.1,0.0,997.6,1235.0
2026-03-13T16:00:00,43.6,27.3,267.0,16.0,56,2.4,0.0,996.9,1130.0
2026-03-13T17:00:00,46.2,47.0,327.0,14.5,67,6.0,0.0,996.2,140.0
2026-03-13T18:00:00,46.0,65.2,341.0,13.0,75,4.9,0.0,996.0,85.0
2026-03-13T19:00:00,48.3,64.5,414.0,13.1,72,5.4,0.0,995.9,90.0
2026-03-13T20:00:00,48.7,64.9,454.0,12.3,76,6.0,0.0,995.6,95.0
2026-03-13T21:00:00,46.1,61.5,445.0,11.6,82,5.3,0.0,995.2,80.0
2026-03-13T22:00:00,44.3,54.3,454.0,10.6,88,2.4,0.0,994.8,40.0
2026-03-13T23:00:00,46.2,48.6,418.0,10.1,90,6.7,0.0,994.1,65.0
2026-03-14T00:00:00,42.0,45.3,471.0,9.8,88,5.4,0.0,993.5,60.0
2026-03-14T01:00:00,44.0,46.2,446.0,9.5,90,6.9,0.0,992.7,135.0
2026-03-14T02:00:00,50.9,41.2,430.0,9.3,92,4.1,0.0,991.7,70.0
2026-03-14T03:00:00,50.2,29.4,402.0,9.2,91,8.3,0.0,990.7,155.0
2026-03-14T04:00:00,48.2,23.2,372.0,9.3,90,10.5,0.0,989.9,270.0
2026-03-14T05:00:00,47.7,23.4,331.0,9.2,88,11.4,0.0,989.3,285.0
2026-03-14T06:00:00,44.7,25.2,314.0,8.9,90,11.3,0.0,988.5,250.0
2026-03-14T07:00:00,43.4,25.3,292.0,9.6,89,9.6,0.0,988.0,260.0
2026-03-14T08:00:00,35.9,17.5,272.0,10.7,85,12.3,0.0,987.9,385.0
2026-03-14T09:00:00,31.6,12.6,256.0,11.6,80,15.2,0.0,986.9,505.0
2026-03-14T10:00:00,27.5,12.0,231.0,12.0,78,13.7,0.0,986.0,670.0
2026-03-14T11:00:00,23.1,13.7,221.0,11.7,78,14.5,1.3,985.4,695.0
2026-03-14T12:00:00,20.7,13.7,202.0,10.5,90,10.6,1.3,984.4,570.0
2026-03-14T13:00:00,16.7,11.9,187.0,10.7,89,11.1,2.1,983.5,580.0
2026-03-14T14:00:00,13.8,8.5,174.0,10.2,92,15.7,1.8,982.7,535.0
2026-03-14T15:00:00,12.4,10.2,170.0,9.9,92,19.7,2.4,982.0,735.0
2026-03-14T16:00:00,11.7,10.0,175.0,9.5,93,20.7,2.7,981.5,615.0
2026-03-14T17:00:00,12.7,10.8,190.0,9.8,92,21.1,3.2,981.2,645.0
2026-03-14T18:00:00,13.1,16.1,213.0,10.0,91,16.5,3.1,981.6,585.0
2026-03-14T19:00:00,13.6,19.8,208.0,9.7,92,18.1,2.4,981.2,540.0
2026-03-14T20:00:00,12.6,18.3,203.0,9.4,92,21.9,1.9,981.0,760.0
2026-03-14T21:00:00,10.6,14.8,191.0,9.3,92,18.7,1.9,981.2,815.0
2026-03-14T22:00:00,10.2,10.5,186.0,9.4,93,16.7,1.7,981.1,745.0
2026-03-14T23:00:00,8.3,8.6,174.0,9.6,93,16.7,2.2,981.1,805.0
2026-03-15T00:00:00,7.8,8.9,171.0,9.9,88,17.4,2.0,981.6,815.0
2026-03-15T01:00:00,7.5,7.6,164.0,9.7,90,15.2,2.1,981.8,920.0
2026-03-15T02:00:00,5.6,6.0,158.0,8.9,92,12.6,2.3,982.3,705.0
2026-03-15T03:00:00,3.9,5.3,158.0,8.9,91,15.4,1.3,982.7,810.0
2026-03-15T04:00:00,5.3,6.4,155.0,9.0,91,14.8,1.0,983.6,730.0
2026-03-15T05:00:00,5.0,8.7,165.0,8.6,90,12.8,0.9,984.5,645.0
2026-03-15T06:00:00,5.2,14.7,170.0,6.7,88,14.7,0.8,985.9,150.0
2026-03-15T07:00:00,4.9,19.6,179.0,7.0,86,13.2,3.5,987.5,130.0
2026-03-15T08:00:00,4.6,15.8,185.0,7.3,81,13.4,2.8,989.0,135.0
2026-03-15T09:00:00,4.5,12.2,174.0,8.5,82,12.8,0.4,989.7,155.0
2026-03-15T10:00:00,5.1,13.6,179.0,11.3,62,10.1,0.0,990.4,195.0
2026-03-15T11:00:00,5.5,13.5,179.0,13.3,61,4.6,0.0,990.9,680.0
2026-03-15T12:00:00,5.6,10.4,168.0,13.2,67,8.0,0.0,991.7,725.0
2026-03-15T13:00:00,6.5,9.4,164.0,14.1,65,1.5,0.2,992.0,775.0
2026-03-15T14:00:00,7.7,7.5,159.0,13.8,72,3.3,0.8,992.5,525.0
2026-03-15T15:00:00,8.5,8.3,159.0,11.6,84,5.2,1.7,993.1,145.0
2026-03-15T16:00:00,9.8,11.3,180.0,12.5,81,7.8,0.0,993.0,175.0
2026-03-15T17:00:00,17.4,28.2,227.0,11.9,83,9.9,0.0,993.6,180.0
2026-03-15T18:00:00,21.0,43.5,260.0,10.9,82,10.8,0.0,994.8,195.0
2026-03-15T19:00:00,26.7,55.0,311.0,10.6,82,10.4,0.0,995.4,130.0
2026-03-15T20:00:00,32.4,61.9,350.0,10.4,78,9.6,0.0,995.9,100.0
2026-03-15T21:00:00,41.4,64.3,409.0,10.0,79,8.7,0.0,996.2,65.0
2026-03-15T22:00:00,45.1,63.9,447.0,9.0,84,9.0,0.0,996.4,60.0
2026-03-15T23:00:00,47.5,56.7,467.0,8.2,85,9.9,0.0,996.3,65.0
2026-03-16T00:00:00,47.4,40.4,480.0,8.3,84,8.9,0.0,996.6,45.0
2026-03-16T01:00:00,45.8,39.0,481.0,8.5,82,9.6,0.0,996.5,70.0
2026-03-16T02:00:00,38.5,33.4,466.0,8.7,78,9.4,0.0,995.9,90.0
2026-03-16T03:00:00,32.6,29.6,409.0,8.6,76,11.0,0.0,995.9,95.0
2026-03-16T04:00:00,24.8,27.5,331.0,8.5,76,8.1,0.0,995.9,75.0
2026-03-16T05:00:00,22.4,31.4,287.0,7.3,82,4.8,0.0,995.8,40.0
2026-03-16T06:00:00,23.5,38.7,305.0,7.4,82,9.3,0.0,996.8,90.0
2026-03-16T07:00:00,24.0,42.9,331.0,8.5,79,7.3,0.0,997.2,90.0
2026-03-16T08:00:00,22.1,39.0,309.0,10.6,75,5.1,0.0,997.5,125.0
2026-03-16T09:00:00,19.6,34.0,271.0,13.1,70,4.8,0.0,998.3,195.0
2026-03-16T10:00:00,17.7,28.7,222.0,15.6,61,5.1,0.0,998.2,435.0
2026-03-16T11:00:00,13.9,23.0,189.0,17.2,49,7.2,0.0,997.9,955.0
2026-03-16T12:00:00,7.7,10.0,172.0,17.8,48,6.7,0.0,997.9,1265.0
2026-03-16T13:00:00,5.8,6.9,158.0,18.3,45,7.0,0.0,997.0,1295.0
2026-03-16T14:00:00,6.9,6.7,152.0,18.6,41,7.6,0.0,996.6,1360.0
2026-03-16T15:00:00,6.9,11.4,160.0,18.6,40,7.5,0.0,996.2,1285.0
2026-03-16T16:00:00,7.9,18.1,184.0,17.7,47,6.2,0.0,996.0,305.0
2026-03-16T17:00:00,11.9,41.9,226.0,15.5,54,8.0,0.0,995.8,105.0
2026-03-16T18:00:00,16.7,55.7,261.0,14.5,39,11.5,0.0,996.1,210.0
2026-03-16T19:00:00,17.5,60.2,322.0,13.6,42,9.2,0.0,996.4,90.0
2026-03-16T20:00:00,21.0,54.9,333.0,12.0,48,11.6,0.0,996.9,100.0
2026-03-16T21:00:00,17.4,48.6,283.0,11.5,41,13.3,0.0,997.4,125.0
2026-03-16T22:00:00,12.4,26.7,214.0,10.9,40,13.8,0.0,997.6,125.0
2026-03-16T23:00:00,8.9,19.6,178.0,10.8,41,14.4,0.0,997.7,175.0
2026-03-17T00:00:00,7.2,16.6,182.0,11.4,43,12.6,0.0,997.5,220.0
2026-03-17T01:00:00,6.0,13.0,173.0,11.0,48,11.0,0.0,997.9,200.0
2026-03-17T02:00:00,6.4,12.4,174.0,10.7,49,10.7,0.0,998.0,185.0
2026-03-17T03:00:00,9.2,15.5,178.0,9.4,55,10.1,0.0,998.7,155.0
2026-03-17T04:00:00,14.2,18.9,214.0,8.2,72,6.9,0.0,999.4,120.0
2026-03-17T05:00:00,18.8,25.3,225.0,7.8,83,6.9,0.0,1000.0,95.0
2026-03-17T06:00:00,24.5,36.4,235.0,8.0,86,7.1,0.0,1000.8,80.0
2026-03-17T07:00:00,27.0,42.8,254.0,9.7,82,9.5,0.0,1001.4,330.0
2026-03-17T08:00:00,23.5,29.6,233.0,11.1,75,8.9,0.0,1001.8,645.0
2026-03-17T09:00:00,20.8,19.1,216.0,11.9,70,9.6,0.0,1002.0,720.0
2026-03-17T10:00:00,17.1,15.0,206.0,12.8,67,9.9,0.0,1002.1,745.0
2026-03-17T11:00:00,16.1,12.3,195.0,13.9,63,8.5,0.0,1001.5,870.0
2026-03-17T12:00:00,15.4,9.5,184.0,15.2,52,6.9,0.0,1000.8,1250.0
2026-03-17T13:00:00,12.7,8.0,176.0,15.5,49,5.8,0.0,999.9,1525.0
2026-03-17T14:00:00,10.9,7.2,172.0,16.0,46,4.3,0.0,999.0,1730.0
2026-03-17T15:00:00,9.6,8.0,173.0,16.0,44,5.3,0.0,998.0,1725.0
2026-03-17T16:00:00,11.0,12.9,193.0,15.0,51,8.2,0.0,997.6,650.0
2026-03-17T17:00:00,16.9,29.3,233.0,13.3,62,6.4,0.0,997.9,285.0
2026-03-17T18:00:00,18.4,56.1,275.0,11.4,71,4.7,0.0,997.5,70.0
2026-03-17T19:00:00,22.9,65.2,336.0,11.1,67,8.2,0.0,998.4,135.0
2026-03-17T20:00:00,23.9,61.8,351.0,10.4,68,9.1,0.0,998.8,185.0
2026-03-17T21:00:00,23.2,44.0,303.0,9.9,68,11.4,0.0,999.2,345.0
2026-03-17T22:00:00,20.8,28.1,270.0,9.9,63,13.2,0.0,999.8,680.0
2026-03-17T23:00:00,19.0,21.5,250.0,9.6,61,12.1,0.0,999.9,700.0
2026-03-18T00:00:00,16.8,18.5,236.0,9.6,62,9.5,0.0,999.5,340.0
2026-03-18T01:00:00,14.7,13.6,225.0,9.6,61,11.4,0.0,999.4,545.0
2026-03-18T02:00:00,15.4,11.9,218.0,9.4,62,11.1,0.0,998.8,625.0
2026-03-18T03:00:00,16.3,11.4,215.0,9.1,63,12.1,0.0,998.8,675.0
2026-03-18T04:00:00,18.1,12.6,214.0,8.7,66,12.2,0.0,999.2,695.0
2026-03-18T05:00:00,16.9,13.4,206.0,8.3,69,10.2,0.0,999.5,425.0
2026-03-18T06:00:00,15.0,21.4,199.0,8.2,68,11.0,0.0,999.1,275.0
2026-03-18T07:00:00,13.7,41.3,213.0,8.2,69,10.1,0.0,999.9,240.0
2026-03-18T08:00:00,9.3,30.5,198.0,9.7,61,11.1,0.0,1000.3,340.0
2026-03-18T09:00:00,8.2,21.2,183.0,11.5,50,9.9,0.0,1000.9,770.0
2026-03-18T10:00:00,7.1,12.3,175.0,12.8,46,7.2,0.0,1001.4,1065.0
2026-03-18T11:00:00,6.7,11.9,167.0,13.1,45,6.5,0.0,1001.9,2105.0
2026-03-18T12:00:00,7.9,13.6,175.0,12.7,44,3.0,0.0,1001.7,2100.0
2026-03-18T13:00:00,8.1,16.1,185.0,12.9,46,3.5,0.0,1001.5,2020.0
2026-03-18T14:00:00,8.3,17.1,181.0,13.1,46,3.7,0.0,1001.1,1530.0
2026-03-18T15:00:00,8.9,16.0,182.0,13.0,47,5.5,0.0,1001.1,1140.0
2026-03-18T16:00:00,9.8,19.5,201.0,12.9,49,4.7,0.0,1001.0,700.0
2026-03-18T17:00:00,15.4,41.5,253.0,11.6,65,3.4,0.0,1001.3,65.0
2026-03-18T18:00:00,20.3,50.1,285.0,10.4,61,2.8,0.0,1001.5,35.0
2026-03-18T19:00:00,22.3,54.7,331.0,11.1,60,3.8,0.0,1002.2,40.0
2026-03-18T20:00:00,26.6,59.9,371.0,10.8,62,8.8,0.0,1002.6,95.0
2026-03-18T21:00:00,27.4,59.1,377.0,10.3,64,10.2,0.0,1003.1,165.0
2026-03-18T22:00:00,28.8,57.3,396.0,9.5,63,11.8,0.0,1003.5,175.0
2026-03-18T23:00:00,27.5,49.2,350.0,9.2,61,12.3,0.0,1003.4,155.0
2026-03-19T00:00:00,26.6,38.8,375.0,8.6,64,9.4,0.0,1003.8,75.0
2026-03-19T01:00:00,27.9,40.9,372.0,8.3,66,11.0,0.0,1003.7,100.0
2026-03-19T02:00:00,34.4,35.6,423.0,7.9,67,11.5,0.0,1003.2,105.0
2026-03-19T03:00:00,32.2,29.2,419.0,7.4,68,11.8,0.0,1002.8,100.0
2026-03-19T04:00:00,29.0,19.8,356.0,6.9,69,11.7,0.0,1002.6,95.0
2026-03-19T05:00:00,25.9,28.3,306.0,6.5,70,11.1,0.0,1002.4,90.0
2026-03-19T06:00:00,23.6,39.2,298.0,6.3,70,10.5,0.0,1002.5,90.0
2026-03-19T07:00:00,23.4,51.9,338.0,7.8,66,9.4,0.0,1002.6,105.0
2026-03-19T08:00:00,21.8,53.7,297.0,10.2,65,5.7,0.0,1003.0,110.0
2026-03-19T09:00:00,19.9,45.1,255.0,12.9,60,2.8,0.0,1003.1,160.0
2026-03-19T10:00:00,16.8,29.8,229.0,15.0,46,2.3,0.0,1003.0,695.0
2026-03-19T11:00:00,13.5,20.9,185.0,15.8,38,4.8,0.0,1002.5,1855.0
2026-03-19T12:00:00,11.9,9.6,170.0,16.2,37,3.2,0.0,1001.5,1725.0
2026-03-19T13:00:00,12.2,7.9,168.0,16.5,36,3.4,0.0,1000.6,1605.0
2026-03-19T14:00:00,12.1,7.8,167.0,16.6,36,3.9,0.0,999.8,1460.0
2026-03-19T15:00:00,12.5,8.6,172.0,16.4,36,4.8,0.0,999.0,1275.0
2026-03-19T16:00:00,15.0,14.2,191.0,15.7,40,5.5,0.0,998.7,535.0
2026-03-19T17:00:00,18.6,35.2,246.0,13.9,51,6.6,0.0,998.9,175.0
2026-03-19T18:00:00,22.1,63.6,273.0,11.8,60,5.5,0.0,998.4,70.0
2026-03-19T19:00:00,25.9,65.3,331.0,11.9,56,0.7,0.0,998.8,15.0
2026-03-19T20:00:00,27.2,66.0,364.0,10.6,62,4.7,0.0,999.4,45.0
2026-03-19T21:00:00,29.0,60.1,360.0,9.7,66,6.1,0.0,1000.2,65.0
2026-03-19T22:00:00,30.2,51.3,385.0,8.9,71,7.6,0.0,1000.9,95.0
2026-03-19T23:00:00,31.7,43.6,398.0,8.3,70,8.8,0.0,1001.6,130.0
2026-03-20T00:00:00,35.4,45.3,402.0,7.9,67,8.2,0.0,1001.4,95.0
2026-03-20T01:00:00,34.4,41.0,376.0,8.2,64,9.0,0.0,1001.2,145.0
2026-03-20T02:00:00,32.7,37.3,342.0,8.1,63,9.9,0.0,1000.9,245.0
2026-03-20T03:00:00,32.9,26.6,341.0,7.5,65,8.3,0.0,1000.8,205.0
2026-03-20T04:00:00,32.9,21.4,314.0,6.8,69,7.2,0.0,1001.0,150.0
2026-03-20T05:00:00,32.0,32.6,281.0,6.3,72,6.2,0.0,1001.1,110.0
2026-03-20T06:00:00,30.7,48.5,332.0,6.2,72,5.2,0.0,1001.3,70.0
2026-03-20T07:00:00,33.9,62.4,414.0,7.8,70,5.8,0.0,1001.3,85.0
2026-03-20T08:00:00,28.5,52.5,320.0,10.0,61,3.8,0.0,1001.4,185.0
2026-03-20T09:00:00,24.2,40.8,282.0,11.7,52,3.9,0.0,1001.3,440.0
2026-03-20T10:00:00,17.9,26.2,226.0,12.9,49,4.0,0.0,1001.0,795.0
2026-03-20T11:00:00,15.9,14.4,193.0,13.7,45,5.3,0.0,1000.6,1445.0
2026-03-20T12:00:00,14.9,9.9,183.0,14.4,42,4.8,0.0,999.6,1575.0
2026-03-20T13:00:00,15.1,8.5,178.0,14.7,42,4.8,0.0,998.8,1555.0
2026-03-20T14:00:00,15.5,8.7,178.0,14.8,42,4.9,0.0,998.2,1545.0
2026-03-20T15:00:00,15.9,9.6,181.0,14.7,43,6.0,0.0,997.5,1580.0
2026-03-20T16:00:00,18.0,17.0,202.0,14.1,45,7.1,0.0,997.0,1210.0
2026-03-20T17:00:00,22.6,28.8,248.0,12.7,54,6.1,0.0,997.1,195.0
2026-03-20T18:00:00,24.9,55.9,275.0,11.3,53,7.6,0.0,996.8,110.0
2026-03-20T19:00:00,30.7,64.1,309.0,10.6,59,5.3,0.0,997.1,90.0
2026-03-20T20:00:00,31.4,68.9,353.0,9.9,63,4.8,0.0,997.5,70.0
2026-03-20T21:00:00,37.1,75.0,384.0,9.2,68,4.4,0.0,997.8,45.0
2026-03-20T22:00:00,47.3,77.0,441.0,8.7,72,6.4,0.0,997.9,65.0
2026-03-20T23:00:00,50.9,74.9,514.0,8.1,76,7.3,0.0,997.8,75.0
2026-03-21T00:00:00,52.1,73.4,559.0,7.8,76,6.9,0.0,997.9,60.0
2026-03-21T01:00:00,51.3,67.4,570.0,7.9,74,8.7,0.0,997.9,90.0
2026-03-21T02:00:00,48.6,51.1,570.0,7.5,74,8.6,0.0,997.7,105.0
2026-03-21T03:00:00,41.2,34.7,418.0,7.4,74,7.6,0.0,997.3,110.0
2026-03-21T04:00:00,38.1,29.0,351.0,7.1,75,6.5,0.0,997.3,100.0
2026-03-21T05:00:00,35.0,25.7,335.0,6.8,77,6.0,0.0,997.2,90.0
2026-03-21T06:00:00,35.7,31.3,329.0,6.6,78,5.8,0.0,997.0,85.0
2026-03-21T07:00:00,37.7,34.4,323.0,8.0,76,4.6,0.0,997.1,115.0
2026-03-21T08:00:00,34.4,28.9,302.0,9.5,71,2.2,0.0,997.1,170.0
2026-03-21T09:00:00,33.4,24.8,289.0,11.0,61,2.4,0.0,996.9,305.0
2026-03-21T10:00:00,33.3,16.8,274.0,12.2,55,3.0,0.0,996.7,455.0
2026-03-21T11:00:00,27.4,12.3,232.0,13.3,48,3.5,0.0,996.2,745.0
2026-03-21T12:00:00,23.5,10.4,207.0,14.1,42,4.7,0.0,995.6,1140.0
2026-03-21T13:00:00,22.8,6.6,192.0,14.7,42,5.1,0.0,994.7,1410.0
2026-03-21T14:00:00,22.5,5.8,187.0,14.6,43,6.5,0.0,994.2,1295.0
2026-03-21T15:00:00,20.1,5.4,189.0,14.7,42,7.1,0.0,993.8,1440.0
2026-03-21T16:00:00,20.0,9.2,195.0,14.0,45,7.3,0.0,993.7,1060.0
2026-03-21T17:00:00,22.2,17.2,233.0,12.8,61,3.2,0.0,994.0,255.0
2026-03-21T18:00:00,22.2,25.4,243.0,11.5,65,3.2,0.0,994.2,55.0
2026-03-21T19:00:00,23.3,39.0,259.0,10.9,66,8.0,0.0,994.8,220.0
2026-03-21T20:00:00,25.8,38.8,287.0,10.0,64,8.3,0.0,995.2,285.0
2026-03-21T21:00:00,30.1,39.2,315.0,9.6,62,10.8,0.0,995.8,390.0
2026-03-21T22:00:00,30.2,30.4,282.0,9.0,64,10.5,0.0,996.2,390.0
2026-03-21T23:00:00,29.7,22.1,267.0,8.4,68,11.1,0.0,996.4,325.0
2026-03-22T00:00:00,27.1,16.6,251.0,9.2,67,10.6,0.0,996.1,330.0
2026-03-22T01:00:00,27.2,15.7,244.0,9.0,69,10.6,0.0,996.0,340.0
2026-03-22T02:00:00,31.1,13.5,232.0,8.6,70,12.3,0.0,996.0,485.0
2026-03-22T03:00:00,30.3,12.1,224.0,8.1,69,12.1,0.0,996.3,565.0
2026-03-22T04:00:00,30.5,11.5,223.0,7.8,69,10.8,0.0,996.6,510.0
2026-03-22T05:00:00,31.4,12.6,222.0,7.2,72,7.0,0.0,996.8,390.0
2026-03-22T06:00:00,32.8,17.6,228.0,7.2,75,3.8,0.0,996.8,175.0
2026-03-22T07:00:00,28.5,17.2,233.0,8.1,72,2.9,0.0,997.3,220.0
2026-03-22T08:00:00,27.2,14.8,221.0,9.2,67,3.6,0.0,997.5,470.0
2026-03-22T09:00:00,24.6,12.0,220.0,10.8,61,4.8,0.0,997.4,1090.0
2026-03-22T10:00:00,21.9,9.6,214.0,11.9,51,10.2,0.0,997.4,1245.0
2026-03-22T11:00:00,19.6,7.9,183.0,12.6,45,9.5,0.0,997.2,1480.0
2026-03-22T12:00:00,17.5,5.2,175.0,13.0,44,9.4,0.0,997.1,1675.0
2026-03-22T13:00:00,15.3,4.0,173.0,13.6,40,8.1,0.0,996.5,1795.0
2026-03-22T14:00:00,13.4,3.5,168.0,13.5,40,7.8,0.0,996.2,1895.0
2026-03-22T15:00:00,12.8,4.5,168.0,13.3,41,7.5,0.0,996.0,1760.0
2026-03-22T16:00:00,13.8,7.6,176.0,12.7,43,6.7,0.0,996.2,1340.0
2026-03-22T17:00:00,14.8,23.3,211.0,11.6,53,5.6,0.0,996.6,315.0
2026-03-22T18:00:00,19.7,45.6,262.0,10.7,60,1.4,0.0,996.6,35.0
2026-03-22T19:00:00,25.5,61.7,309.0,10.0,63,2.5,0.0,997.1,35.0
2026-03-22T20:00:00,30.0,67.5,346.0,9.6,66,7.5,0.0,997.5,95.0
2026-03-22T21:00:00,34.8,65.5,375.0,8.6,72,6.0,0.0,997.7,80.0
2026-03-22T22:00:00,38.9,58.1,383.0,7.7,74,4.5,0.0,997.7,55.0
2026-03-22T23:00:00,40.8,49.3,388.0,7.9,71,5.8,0.0,997.7,50.0
2026-03-23T00:00:00,39.7,43.9,393.0,8.4,73,7.8,0.0,997.9,90.0
2026-03-23T01:00:00,38.7,45.6,377.0,8.1,72,6.0,0.0,997.8,50.0
2026-03-23T02:00:00,40.3,38.9,384.0,7.2,78,5.2,0.0,997.5,40.0
2026-03-23T03:00:00,40.8,35.0,406.0,6.3,83,4.3,0.0,997.5,40.0
2026-03-23T04:00:00,40.1,35.0,393.0,5.9,83,0.7,0.0,997.6,10.0
2026-03-23T05:00:00,39.7,38.9,389.0,4.8,87,3.1,0.0,997.8,35.0
2026-03-23T06:00:00,40.6,40.9,399.0,5.2,88,4.0,0.0,998.3,35.0
2026-03-23T07:00:00,40.2,42.4,413.0,7.0,82,4.9,0.0,998.6,65.0
2026-03-23T08:00:00,34.2,38.9,369.0,9.5,74,3.8,0.0,998.9,120.0
2026-03-23T09:00:00,27.8,34.3,289.0,11.9,58,5.0,0.0,999.2,585.0
2026-03-23T10:00:00,25.9,23.4,234.0,13.3,48,6.2,0.0,999.3,1015.0
2026-03-23T11:00:00,22.7,15.2,193.0,14.2,45,5.2,0.0,999.4,1235.0
2026-03-23T12:00:00,14.8,9.3,176.0,14.9,42,5.5,0.0,999.1,1260.0
2026-03-23T13:00:00,13.1,6.7,169.0,15.4,41,3.2,0.0,998.6,1195.0
2026-03-23T14:00:00,13.4,6.9,170.0,15.6,39,2.8,0.0,998.2,1180.0
2026-03-23T15:00:00,14.1,8.3,174.0,15.5,38,2.1,0.0,998.2,990.0
2026-03-23T16:00:00,18.3,16.2,207.0,15.3,39,3.3,0.0,998.3,695.0
2026-03-23T17:00:00,22.6,37.2,245.0,14.3,56,2.0,0.0,998.7,60.0
2026-03-23T18:00:00,27.8,61.7,291.0,12.5,58,4.5,0.0,999.1,75.0
2026-03-23T19:00:00,32.7,68.5,354.0,11.4,63,4.7,0.0,999.8,75.0
2026-03-23T20:00:00,35.4,68.1,394.0,10.7,63,0.3,0.0,1000.8,10.0
2026-03-23T21:00:00,35.3,66.2,389.0,9.5,69,1.3,0.0,1001.3,15.0
2026-03-23T22:00:00,35.7,68.1,417.0,8.6,75,3.5,0.0,1001.4,25.0
2026-03-23T23:00:00,39.4,74.2,488.0,8.1,76,3.8,0.0,1001.6,30.0
2026-03-24T00:00:00,43.8,79.8,531.0,8.7,73,4.4,0.0,1001.8,35.0
2026-03-24T01:00:00,47.0,79.4,539.0,8.4,73,5.0,0.0,1001.9,45.0
2026-03-24T02:00:00,49.1,72.3,563.0,8.0,73,0.9,0.0,1001.9,15.0
2026-03-24T03:00:00,44.7,69.4,489.0,7.1,77,1.9,0.0,1001.9,20.0
2026-03-24T04:00:00,42.8,54.3,470.0,6.2,81,3.1,0.0,1002.1,30.0
2026-03-24T05:00:00,45.2,48.6,473.0,5.5,84,0.7,0.0,1002.4,10.0
2026-03-24T06:00:00,47.6,59.8,472.0,5.1,91,2.7,0.0,1003.3,15.0
2026-03-24T07:00:00,47.0,55.2,474.0,7.3,84,2.1,0.0,1004.1,65.0
2026-03-24T08:00:00,45.7,51.3,478.0,9.6,77,1.6,0.0,1004.5,130.0
2026-03-24T09:00:00,46.7,47.0,435.0,11.8,68,2.2,0.0,1004.8,255.0
2026-03-24T10:00:00,51.9,37.9,381.0,13.6,60,2.3,0.0,1004.8,400.0
2026-03-24T11:00:00,39.3,29.6,289.0,15.1,51,3.2,0.0,1004.5,675.0
2026-03-24T12:00:00,30.0,17.9,234.0,16.1,45,2.9,0.0,1003.8,1185.0
2026-03-24T13:00:00,24.2,11.7,215.0,16.9,43,1.8,0.0,1003.1,1550.0
2026-03-24T14:00:00,22.1,9.9,204.0,17.1,42,1.6,0.0,1002.4,1730.0
2026-03-24T15:00:00,19.0,11.1,203.0,17.1,41,3.0,0.0,1001.9,1670.0
2026-03-24T16:00:00,22.0,15.9,222.0,16.7,42,5.9,0.0,1001.5,1400.0
2026-03-24T17:00:00,26.0,33.3,268.0,15.1,51,6.5,0.0,1001.2,175.0
2026-03-24T18:00:00,32.7,67.7,309.0,12.8,57,5.0,0.0,1000.9,70.0
2026-03-24T19:00:00,38.0,76.7,386.0,13.1,50,1.1,0.0,1001.1,15.0
2026-03-24T20:00:00,43.4,89.4,481.0,12.6,51,0.3,0.0,1001.1,10.0
2026-03-24T21:00:00,47.9,102.9,553.0,11.6,56,0.5,0.0,1001.0,15.0
2026-03-24T22:00:00,53.1,112.0,629.0,10.4,64,1.5,0.0,1000.6,20.0
2026-03-24T23:00:00,56.8,105.5,652.0,9.4,72,1.7,0.0,1000.4,25.0
2026-03-25T00:00:00,62.3,90.3,611.0,9.1,78,2.8,0.0,1000.4,35.0
2026-03-25T01:00:00,63.6,75.1,620.0,8.8,79,2.1,0.0,999.7,30.0
2026-03-25T02:00:00,64.2,66.4,571.0,8.6,79,1.0,0.0,998.8,15.0
2026-03-25T03:00:00,62.4,57.2,508.0,8.5,79,0.5,0.0,998.0,10.0
2026-03-25T04:00:00,59.4,46.8,451.0,7.6,81,0.7,0.0,997.2,15.0
2026-03-25T05:00:00,59.4,44.3,425.0,6.7,85,2.4,0.0,996.4,30.0
2026-03-25T06:00:00,61.3,51.9,427.0,6.1,89,1.1,0.0,996.2,15.0
2026-03-25T07:00:00,61.6,59.4,501.0,8.1,81,3.2,0.0,996.1,40.0
2026-03-25T08:00:00,52.7,54.2,413.0,10.8,70,3.4,0.0,995.6,150.0
2026-03-25T09:00:00,42.2,44.6,338.0,12.8,62,4.9,0.0,994.7,285.0
2026-03-25T10:00:00,34.8,25.3,273.0,14.4,55,6.6,0.0,993.5,595.0
2026-03-25T11:00:00,25.0,13.4,239.0,15.4,50,6.1,0.0,992.0,925.0
2026-03-25T12:00:00,20.6,8.3,210.0,16.2,53,6.1,0.0,990.4,1265.0
2026-03-25T13:00:00,20.4,7.8,192.0,17.6,46,9.0,0.0,988.7,1895.0
2026-03-25T14:00:00,16.0,5.9,182.0,17.5,48,12.0,0.0,986.7,1455.0
2026-03-25T15:00:00,11.7,6.1,176.0,17.1,49,13.9,0.0,985.5,1360.0
2026-03-25T16:00:00,9.9,9.9,177.0,16.6,51,14.3,0.0,983.8,1255.0
2026-03-25T17:00:00,11.9,15.4,194.0,15.1,61,12.9,0.0,982.7,1030.0
2026-03-25T18:00:00,13.8,22.4,215.0,11.2,89,14.9,3.8,982.7,295.0
2026-03-25T19:00:00,13.8,33.5,231.0,10.1,84,12.1,1.9,982.5,320.0
2026-03-25T20:00:00,15.0,24.9,245.0,10.6,84,10.2,0.1,981.8,455.0
2026-03-25T21:00:00,9.6,13.2,197.0,10.6,72,15.5,0.0,981.2,930.0
2026-03-25T22:00:00,5.6,8.1,171.0,11.3,38,21.2,0.0,981.1,1605.0
2026-03-25T23:00:00,3.5,5.3,158.0,10.8,32,21.0,0.0,981.1,1775.0
2026-03-26T00:00:00,2.7,5.0,151.0,10.7,34,18.7,0.0,981.1,2060.0
2026-03-26T01:00:00,2.6,4.1,151.0,9.9,33,19.0,0.0,981.5,1550.0
2026-03-26T02:00:00,2.3,3.6,151.0,9.1,34,19.9,0.0,981.4,1325.0
2026-03-26T03:00:00,2.2,3.7,149.0,8.9,33,21.9,0.0,981.5,1395.0
2026-03-26T04:00:00,2.1,4.0,148.0,8.7,33,24.0,0.0,981.5,1325.0
2026-03-26T05:00:00,1.7,4.6,152.0,8.3,32,24.7,0.0,981.6,1420.0
2026-03-26T06:00:00,2.0,6.6,158.0,9.6,30,27.9,0.0,980.7,1745.0
2026-03-26T07:00:00,2.5,10.8,161.0,9.7,30,28.4,0.0,981.3,2005.0
2026-03-26T08:00:00,2.3,10.4,158.0,9.8,30,26.9,0.0,981.9,1955.0
2026-03-26T09:00:00,2.2,6.3,154.0,10.3,29,26.9,0.0,982.4,2050.0
2026-03-26T10:00:00,2.1,4.9,151.0,10.6,28,27.6,0.0,983.0,2085.0
2026-03-26T11:00:00,2.1,4.1,150.0,11.2,26,27.8,0.0,983.2,2060.0
2026-03-26T12:00:00,2.2,3.8,149.0,12.7,26,27.3,0.0,982.8,2095.0
2026-03-26T13:00:00,2.3,3.8,153.0,12.7,24,27.7,0.0,983.4,2055.0
2026-03-26T14:00:00,2.4,4.1,158.0,12.1,23,29.7,0.0,984.0,1925.0
2026-03-26T15:00:00,2.5,4.8,158.0,11.1,25,27.9,0.0,984.7,1795.0
2026-03-26T16:00:00,3.4,8.2,168.0,10.3,27,24.0,0.0,985.4,1635.0
2026-03-26T17:00:00,4.6,11.8,192.0,9.5,29,24.8,0.0,986.3,1375.0
2026-03-26T18:00:00,5.2,15.1,203.0,9.0,28,26.0,0.0,986.3,1065.0
2026-03-26T19:00:00,5.7,16.3,201.0,8.2,30,23.0,0.0,987.4,1055.0
2026-03-26T20:00:00,5.7,14.0,201.0,7.6,32,20.5,0.0,988.1,995.0
2026-03-26T21:00:00,5.0,11.8,196.0,7.0,33,20.5,0.0,988.4,970.0
2026-03-26T22:00:00,4.6,9.3,190.0,6.7,33,19.6,0.0,988.6,965.0
2026-03-26T23:00:00,4.0,7.5,183.0,6.3,35,18.3,0.0,989.0,880.0
2026-03-27T00:00:00,3.3,6.9,181.0,7.7,32,22.2,0.0,989.0,865.0
2026-03-27T01:00:00,2.8,5.6,181.0,7.0,33,21.1,0.0,988.6,855.0
2026-03-27T02:00:00,2.9,4.9,176.0,6.4,35,20.1,0.0,988.4,800.0
2026-03-27T03:00:00,2.7,4.6,178.0,6.2,35,20.3,0.0,988.5,775.0
2026-03-27T04:00:00,2.9,5.1,175.0,5.9,36,19.8,0.0,988.7,740.0
2026-03-27T05:00:00,3.0,7.6,179.0,5.8,36,18.4,0.0,989.4,720.0
2026-03-27T06:00:00,3.9,11.2,184.0,7.0,31,17.8,0.0,989.4,630.0
2026-03-27T07:00:00,4.3,15.8,190.0,7.9,31,14.1,0.0,990.3,620.0
2026-03-27T08:00:00,3.5,13.6,179.0,9.3,29,16.2,0.0,991.2,730.0
2026-03-27T09:00:00,2.7,10.7,172.0,10.5,28,16.6,0.0,992.1,790.0
2026-03-27T10:00:00,2.8,8.2,168.0,11.9,27,13.8,0.0,992.7,965.0
2026-03-27T11:00:00,2.7,6.5,165.0,13.1,25,10.5,0.0,992.8,1330.0
2026-03-27T12:00:00,3.3,6.1,165.0,15.0,23,7.7,0.0,991.9,1875.0
2026-03-27T13:00:00,3.3,6.4,162.0,15.2,23,11.3,0.0,991.8,1860.0
2026-03-27T14:00:00,3.6,6.4,164.0,15.4,23,12.0,0.0,991.7,1695.0
2026-03-27T15:00:00,3.8,7.5,172.0,15.0,25,12.5,0.0,991.8,1310.0
2026-03-27T16:00:00,4.4,12.0,183.0,14.3,28,12.1,0.0,991.9,1045.0
2026-03-27T17:00:00,8.2,22.2,212.0,12.8,34,11.4,0.0,992.3,710.0
2026-03-27T18:00:00,10.2,33.4,244.0,11.9,37,13.3,0.0,992.3,385.0
2026-03-27T19:00:00,13.2,38.3,262.0,10.8,37,14.6,0.0,993.0,380.0
2026-03-27T20:00:00,12.4,35.0,257.0,9.5,38,16.8,0.0,993.6,355.0
2026-03-27T21:00:00,11.1,26.7,246.0,8.5,40,15.5,0.0,994.1,290.0
2026-03-27T22:00:00,10.9,24.2,240.0,7.5,44,12.7,0.0,994.4,215.0
2026-03-27T23:00:00,11.3,20.1,232.0,6.7,49,10.8,0.0,994.8,150.0
2026-03-28T00:00:00,11.1,18.8,211.0,6.3,53,8.8,0.0,994.6,105.0
2026-03-28T01:00:00,10.9,19.0,218.0,5.8,58,6.9,0.0,994.6,100.0
2026-03-28T02:00:00,11.0,18.4,219.0,5.2,65,5.1,0.0,994.7,85.0
2026-03-28T03:00:00,11.3,18.9,214.0,5.0,68,6.1,0.0,994.7,65.0
2026-03-28T04:00:00,11.9,19.3,214.0,4.7,68,6.1,0.0,994.8,60.0
2026-03-28T05:00:00,13.0,24.8,218.0,4.1,71,4.7,0.0,994.8,55.0
2026-03-28T06:00:00,14.4,30.3,232.0,4.7,70,3.8,0.0,995.0,55.0
2026-03-28T07:00:00,14.6,34.2,254.0,6.5,64,4.4,0.0,995.4,85.0
2026-03-28T08:00:00,14.9,20.9,229.0,9.0,59,1.5,0.0,995.9,145.0
2026-03-28T09:00:00,14.1,19.9,231.0,11.2,54,2.7,0.0,996.1,290.0
2026-03-28T10:00:00,16.9,17.1,225.0,12.9,48,4.5,0.0,995.8,495.0
2026-03-28T11:00:00,16.3,15.1,212.0,14.2,43,5.3,0.0,995.1,715.0
2026-03-28T12:00:00,15.2,12.5,197.0,15.4,35,5.2,0.0,994.3,985.0
2026-03-28T13:00:00,14.7,10.6,184.0,16.3,33,5.1,0.0,993.4,1055.0
2026-03-28T14:00:00,13.0,9.1,182.0,16.7,32,4.1,0.0,992.8,1080.0
2026-03-28T15:00:00,12.0,9.8,183.0,16.8,32,4.4,0.0,992.1,980.0
2026-03-28T16:00:00,11.9,13.6,195.0,16.3,33,6.2,0.0,991.6,770.0
2026-03-28T17:00:00,15.7,24.4,219.0,14.9,46,5.3,0.0,991.5,195.0
2026-03-28T18:00:00,17.2,34.2,241.0,13.8,46,8.7,0.0,991.3,160.0
2026-03-28T19:00:00,19.3,36.9,252.0,12.7,46,10.5,0.0,991.6,175.0
2026-03-28T20:00:00,21.4,39.5,284.0,13.5,25,15.7,0.0,991.8,485.0
2026-03-28T21:00:00,25.8,42.3,335.0,13.1,23,14.8,0.0,992.2,600.0
2026-03-28T22:00:00,14.3,40.8,258.0,12.4,28,15.5,0.0,992.4,535.0
2026-03-28T23:00:00,8.9,13.7,172.0,11.9,33,17.9,0.0,992.7,495.0
2026-03-29T00:00:00,5.1,11.1,156.0,12.7,33,17.4,0.0,992.9,630.0
2026-03-29T01:00:00,3.8,8.0,150.0,12.2,34,18.8,0.0,993.1,535.0
2026-03-29T02:00:00,3.3,5.7,144.0,11.5,34,16.7,0.0,993.4,505.0
2026-03-29T03:00:00,3.1,5.3,150.0,10.8,36,15.3,0.0,994.0,450.0
2026-03-29T04:00:00,3.1,6.1,155.0,10.5,36,14.1,0.0,994.5,390.0
2026-03-29T05:00:00,3.3,8.5,160.0,10.2,36,14.5,0.0,995.1,405.0
2026-03-29T06:00:00,3.7,11.6,172.0,11.2,32,16.6,0.0,995.5,505.0
2026-03-29T07:00:00,3.6,14.7,172.0,11.9,30,17.8,0.0,996.3,500.0
2026-03-29T08:00:00,3.1,10.1,169.0,13.2,28,15.9,0.0,997.4,550.0
2026-03-29T09:00:00,3.8,8.6,171.0,14.6,26,13.7,0.0,998.2,785.0
2026-03-29T10:00:00,3.8,7.9,168.0,15.7,24,10.5,0.0,998.8,1355.0
2026-03-29T11:00:00,4.3,7.7,165.0,16.5,23,7.9,0.0,999.2,1645.0
2026-03-29T12:00:00,4.4,8.2,165.0,17.5,22,5.2,0.0,998.5,2360.0
2026-03-29T13:00:00,3.9,7.0,158.0,18.0,20,6.9,0.0,998.3,2370.0
2026-03-29T14:00:00,3.7,6.1,162.0,18.2,21,7.7,0.0,998.3,2380.0
2026-03-29T15:00:00,3.8,6.6,162.0,17.8,21,7.8,0.0,998.4,2225.0
2026-03-29T16:00:00,5.0,8.3,171.0,17.2,23,9.0,0.0,998.8,1965.0
2026-03-29T17:00:00,6.5,15.2,189.0,15.8,28,11.3,0.0,999.3,550.0
2026-03-29T18:00:00,7.0,17.6,205.0,14.2,51,2.9,0.0,999.6,120.0
2026-03-29T19:00:00,8.0,20.8,219.0,13.7,30,15.6,0.0,1000.9,435.0
2026-03-29T20:00:00,8.6,18.9,222.0,12.7,29,15.0,0.0,1001.6,310.0
2026-03-29T21:00:00,6.5,18.1,204.0,11.4,32,14.5,0.0,1002.1,270.0
2026-03-29T22:00:00,6.7,16.4,196.0,10.6,35,11.8,0.0,1001.9,185.0
2026-03-29T23:00:00,6.6,15.8,195.0,9.6,39,10.9,0.0,1001.9,165.0
2026-03-30T00:00:00,6.5,14.7,194.0,9.8,41,9.1,0.0,1001.9,125.0
2026-03-30T01:00:00,6.7,15.3,193.0,9.6,43,7.5,0.0,1001.0,100.0
2026-03-30T02:00:00,7.1,14.0,179.0,8.8,46,7.0,0.0,1000.7,110.0
2026-03-30T03:00:00,7.0,16.1,179.0,8.3,50,8.0,0.0,1000.5,130.0
2026-03-30T04:00:00,7.9,18.1,184.0,7.3,54,5.9,0.0,999.6,100.0
2026-03-30T05:00:00,9.3,29.8,195.0,6.7,56,8.7,0.0,998.8,125.0
2026-03-30T06:00:00,11.2,43.4,211.0,7.8,50,10.6,0.0,998.9,140.0
2026-03-30T07:00:00,13.0,39.3,226.0,9.6,47,8.4,0.0,998.6,155.0
2026-03-30T08:00:00,12.4,33.3,219.0,11.9,41,8.2,0.0,998.3,235.0
2026-03-30T09:00:00,8.8,22.2,192.0,14.2,33,10.8,0.0,997.9,570.0
2026-03-30T10:00:00,8.2,15.9,169.0,15.5,32,12.3,0.0,997.2,770.0
2026-03-30T11:00:00,8.3,11.1,160.0,16.9,27,10.8,0.0,995.7,1020.0
2026-03-30T12:00:00,6.9,7.8,156.0,18.1,25,10.7,0.0,994.2,2345.0
2026-03-30T13:00:00,5.4,6.0,152.0,19.2,19,10.0,0.0,993.2,2720.0
2026-03-30T14:00:00,4.3,4.9,147.0,19.0,17,15.9,0.0,992.4,2640.0
2026-03-30T15:00:00,3.9,6.2,147.0,18.5,12,20.3,0.0,992.4,2815.0
2026-03-30T16:00:00,4.0,8.3,154.0,16.7,14,23.3,0.0,992.5,1565.0
2026-03-30T17:00:00,4.3,17.6,169.0,15.2,17,20.9,0.0,992.6,915.0
2026-03-30T18:00:00,4.7,19.3,186.0,14.5,19,19.5,0.0,993.0,1365.0
2026-03-30T19:00:00,4.5,17.1,184.0,13.8,21,18.4,0.0,993.5,1040.0
2026-03-30T20:00:00,4.0,13.3,176.0,12.6,25,16.2,0.0,994.2,865.0
2026-03-30T21:00:00,3.8,10.7,171.0,11.9,26,20.2,0.0,994.7,785.0
2026-03-30T22:00:00,3.9,10.2,178.0,11.3,27,20.8,0.0,995.1,660.0
2026-03-30T23:00:00,4.1,8.2,171.0,10.6,28,19.6,0.0,995.5,580.0
2026-03-31T00:00:00,3.8,7.4,169.0,10.6,29,19.1,0.0,995.7,525.0
2026-03-31T01:00:00,4.5,7.4,171.0,10.2,28,21.0,0.0,995.8,495.0
2026-03-31T02:00:00,4.2,7.3,162.0,10.2,27,19.2,0.0,995.9,755.0
2026-03-31T03:00:00,3.2,6.7,160.0,9.9,28,18.0,0.0,996.1,790.0
2026-03-31T04:00:00,3.0,7.8,162.0,9.6,27,16.1,0.0,996.3,880.0
2026-03-31T05:00:00,4.0,10.1,164.0,9.5,27,16.3,0.0,996.4,895.0
2026-03-31T06:00:00,4.3,15.9,173.0,9.9,26,16.1,0.0,997.4,915.0
2026-03-31T07:00:00,3.7,14.9,183.0,11.4,23,18.0,0.0,997.8,1160.0
2026-03-31T08:00:00,3.4,11.3,178.0,12.5,21,24.7,0.0,998.3,1580.0
2026-03-31T09:00:00,2.6,7.0,170.0,13.2,20,26.2,0.0,998.5,1710.0
2026-03-31T10:00:00,2.4,5.0,164.0,14.2,17,26.0,0.0,998.1,2020.0
2026-03-31T11:00:00,2.4,4.5,160.0,15.2,13,25.5,0.0,998.0,2745.0
2026-03-31T12:00:00,2.5,4.2,162.0,15.5,10,27.2,0.1,997.4,3245.0
2026-03-31T13:00:00,2.5,4.2,159.0,15.4,11,24.5,0.0,997.3,3140.0
2026-03-31T14:00:00,2.7,4.7,160.0,14.6,13,24.0,0.0,997.3,2525.0
2026-03-31T15:00:00,3.4,5.8,166.0,14.1,15,23.8,0.0,997.4,1640.0
2026-03-31T16:00:00,4.0,7.5,159.0,13.4,17,24.4,0.0,997.5,1330.0
2026-03-31T17:00:00,4.8,10.4,178.0,12.1,19,23.6,0.0,998.1,995.0
2026-03-31T18:00:00,5.4,13.0,184.0,11.8,18,25.4,0.0,997.9,890.0
2026-03-31T19:00:00,5.6,17.1,189.0,10.7,20,22.1,0.0,998.9,825.0
2026-03-31T20:00:00,6.0,15.8,189.0,9.9,21,20.0,0.0,999.7,790.0
2026-03-31T21:00:00,5.8,12.1,186.0,9.2,23,18.2,0.0,1000.1,615.0
2026-03-31T22:00:00,5.9,10.2,178.0,8.6,25,16.2,0.0,1000.0,520.0
2026-03-31T23:00:00,5.8,8.9,176.0,8.0,27,13.1,0.0,999.9,450.0
2026-04-01T00:00:00,5.1,7.0,171.0,9.3,25,17.6,0.0,999.5,430.0
2026-04-01T01:00:00,4.7,6.1,168.0,8.9,26,15.2,0.0,999.3,370.0
2026-04-01T02:00:00,4.8,5.8,167.0,8.3,27,12.3,0.0,998.8,350.0
2026-04-01T03:00:00,5.7,7.2,167.0,7.7,29,11.8,0.0,998.6,315.0
2026-04-01T04:00:00,6.9,12.7,171.0,7.3,31,11.6,0.0,998.5,300.0
2026-04-01T05:00:00,8.4,24.2,187.0,6.8,33,8.7,0.0,998.6,250.0
2026-04-01T06:00:00,11.2,38.5,218.0,8.0,30,13.5,0.0,998.1,345.0
2026-04-01T07:00:00,11.2,41.3,215.0,9.4,28,9.7,0.0,998.4,360.0
2026-04-01T08:00:00,8.9,27.4,201.0,11.1,26,8.6,0.0,998.4,415.0
2026-04-01T09:00:00,6.7,16.6,174.0,12.3,21,7.1,0.0,998.7,640.0
2026-04-01T10:00:00,5.3,10.0,176.0,13.3,18,6.8,0.0,998.7,2470.0
2026-04-01T11:00:00,4.3,7.2,164.0,13.4,19,4.3,0.0,998.4,2220.0
2026-04-01T12:00:00,3.9,6.8,156.0,14.4,13,2.0,0.0,996.8,2325.0
2026-04-01T13:00:00,4.2,7.4,157.0,14.8,13,2.1,0.0,996.1,1845.0
2026-04-01T14:00:00,5.1,8.6,159.0,15.2,14,2.4,0.0,995.5,1505.0
2026-04-01T15:00:00,6.0,13.1,170.0,15.3,16,5.0,0.0,995.1,1300.0
2026-04-01T16:00:00,6.0,20.5,177.0,14.5,21,8.0,0.0,994.8,490.0
2026-04-01T17:00:00,7.3,33.5,210.0,13.5,26,5.9,0.0,994.7,275.0
2026-04-01T18:00:00,10.2,39.3,224.0,12.8,31,9.3,0.0,994.3,150.0
2026-04-01T19:00:00,14.9,45.6,249.0,12.3,29,7.1,0.0,994.6,85.0
2026-04-01T20:00:00,21.2,48.3,271.0,12.0,29,7.1,0.0,994.6,65.0
2026-04-01T21:00:00,17.2,40.3,258.0,11.4,32,6.9,0.0,994.1,70.0
2026-04-01T22:00:00,13.7,23.3,234.0,11.1,32,10.7,0.0,993.7,150.0
2026-04-01T23:00:00,12.1,18.3,227.0,10.3,33,11.5,0.0,993.6,175.0
2026-04-02T00:00:00,11.9,15.6,211.0,9.3,37,8.6,0.0,992.7,85.0
2026-04-02T01:00:00,12.3,14.5,201.0,8.5,40,8.5,0.0,992.2,80.0
2026-04-02T02:00:00,12.9,14.7,194.0,7.9,42,7.6,0.0,991.6,85.0
2026-04-02T03:00:00,13.4,16.0,199.0,7.2,45,6.1,0.0,991.0,55.0
2026-04-02T04:00:00,13.5,20.7,196.0,6.8,47,7.6,0.0,990.8,60.0
2026-04-02T05:00:00,13.8,36.4,215.0,5.9,51,5.1,0.0,991.0,60.0
2026-04-02T06:00:00,16.6,48.7,258.0,6.8,46,5.1,0.0,990.7,40.0
2026-04-02T07:00:00,18.6,58.1,299.0,9.8,39,3.3,0.0,991.1,100.0
2026-04-02T08:00:00,19.8,45.5,272.0,12.1,35,2.0,0.0,991.2,245.0
2026-04-02T09:00:00,21.8,30.0,249.0,13.8,34,3.3,0.0,991.2,665.0
2026-04-02T10:00:00,19.9,21.8,226.0,15.1,32,3.9,0.0,991.3,1050.0
2026-04-02T11:00:00,17.0,14.2,201.0,16.2,29,2.8,0.0,990.8,1195.0
2026-04-02T12:00:00,15.0,11.1,195.0,16.3,27,3.5,0.0,989.8,1270.0
2026-04-02T13:00:00,13.0,8.1,184.0,17.4,26,4.6,0.0,989.2,1135.0
2026-04-02T14:00:00,12.0,6.7,178.0,18.1,25,6.2,0.0,988.4,1040.0
2026-04-02T15:00:00,10.9,7.4,179.0,18.3,26,5.1,0.0,988.0,1265.0
2026-04-02T16:00:00,12.3,11.3,190.0,17.7,28,8.2,0.0,988.0,955.0
2026-04-02T17:00:00,12.8,18.4,203.0,17.2,31,8.5,0.0,988.4,565.0
2026-04-02T18:00:00,16.6,29.6,237.0,16.2,39,7.2,0.0,988.3,120.0
2026-04-02T19:00:00,17.3,37.0,230.0,15.7,28,16.0,0.0,989.4,685.0
2026-04-02T20:00:00,10.7,26.5,209.0,15.0,27,16.1,0.0,990.2,515.0
2026-04-02T21:00:00,8.1,15.0,188.0,13.8,31,14.4,0.0,991.0,385.0
2026-04-02T22:00:00,8.4,9.9,178.0,13.2,31,13.9,0.0,991.8,315.0
2026-04-02T23:00:00,7.1,9.3,172.0,12.9,32,12.4,0.0,992.6,270.0
2026-04-03T00:00:00,8.2,8.8,168.0,13.4,32,12.9,0.0,992.7,305.0
2026-04-03T01:00:00,7.6,7.7,165.0,12.1,34,12.3,0.0,992.9,225.0
2026-04-03T02:00:00,7.6,6.9,164.0,11.4,35,11.8,0.0,993.1,200.0
2026-04-03T03:00:00,8.5,8.0,164.0,10.8,36,11.1,0.0,993.5,170.0
2026-04-03T04:00:00,9.1,12.4,173.0,10.2,38,11.0,0.0,993.8,140.0
2026-04-03T05:00:00,11.2,23.6,187.0,10.0,39,11.5,0.0,994.1,145.0
2026-04-03T06:00:00,14.0,34.5,202.0,10.9,39,11.9,0.0,995.0,165.0
2026-04-03T07:00:00,14.5,33.6,209.0,12.7,36,8.2,0.0,995.7,205.0
2026-04-03T08:00:00,11.7,24.0,201.0,15.2,31,2.0,0.0,996.3,345.0
2026-04-03T09:00:00,11.0,15.9,186.0,17.1,27,4.0,0.0,996.7,530.0
2026-04-03T10:00:00,8.6,11.1,169.0,18.8,24,4.5,0.0,997.0,960.0
2026-04-03T11:00:00,7.5,6.6,166.0,20.0,22,4.8,0.0,996.7,1320.0
2026-04-03T12:00:00,6.7,5.2,161.0,21.0,18,5.5,0.0,996.1,1925.0
2026-04-03T13:00:00,6.2,4.5,159.0,21.8,17,5.6,0.0,995.8,2040.0
2026-04-03T14:00:00,6.0,4.7,156.0,22.0,17,7.8,0.0,995.4,2090.0
2026-04-03T15:00:00,6.0,6.1,155.0,21.8,18,9.6,0.0,995.3,1990.0
2026-04-03T16:00:00,7.4,8.7,160.0,21.1,20,11.1,0.0,995.2,1185.0
2026-04-03T17:00:00,9.6,18.6,183.0,19.7,23,10.8,0.0,995.6,565.0
2026-04-03T18:00:00,11.9,37.0,222.0,17.7,37,11.3,0.0,995.8,215.0
2026-04-03T19:00:00,14.0,37.3,231.0,16.5,39,10.1,0.0,996.9,190.0
2026-04-03T20:00:00,16.7,28.3,226.0,16.0,37,11.5,0.0,997.5,190.0
2026-04-03T21:00:00,18.0,28.2,246.0,16.0,31,11.4,0.0,997.9,190.0
2026-04-03T22:00:00,18.7,31.2,260.0,15.8,23,10.8,0.0,998.3,150.0
2026-04-03T23:00:00,18.2,32.7,274.0,15.0,25,9.7,0.0,999.0,140.0
2026-04-04T00:00:00,13.3,25.5,225.0,12.9,37,0.9,0.0,999.4,15.0
2026-04-04T01:00:00,12.4,22.9,215.0,11.7,36,2.8,0.0,999.7,20.0
2026-04-04T02:00:00,12.1,18.4,197.0,11.6,37,6.9,0.0,999.9,35.0
2026-04-04T03:00:00,13.1,17.3,201.0,10.6,41,4.8,0.0,1000.4,55.0
2026-04-04T04:00:00,13.6,18.3,213.0,9.9,45,2.2,0.0,1000.6,30.0
2026-04-04T05:00:00,15.5,22.8,219.0,9.2,47,3.6,0.0,1001.0,35.0
2026-04-04T06:00:00,18.1,27.4,220.0,11.1,40,6.0,0.0,1002.2,40.0
2026-04-04T07:00:00,17.3,27.2,225.0,13.3,38,6.8,0.0,1002.8,90.0
2026-04-04T08:00:00,17.4,20.1,228.0,15.8,37,3.9,0.0,1003.7,220.0
2026-04-04T09:00:00,22.6,16.8,226.0,17.5,38,5.9,0.0,1004.1,400.0
2026-04-04T10:00:00,23.9,12.2,229.0,18.8,38,6.3,0.0,1004.5,525.0
2026-04-04T11:00:00,24.4,7.8,223.0,20.1,35,6.4,0.0,1004.2,690.0
2026-04-04T12:00:00,24.4,7.0,220.0,20.8,30,5.9,0.0,1004.0,875.0
2026-04-04T13:00:00,22.0,6.3,206.0,21.9,26,6.0,0.0,1003.7,1005.0
2026-04-04T14:00:00,18.7,5.5,199.0,22.2,25,6.4,0.0,1003.1,970.0
2026-04-04T15:00:00,17.6,5.7,195.0,22.1,25,6.5,0.0,1002.7,790.0
2026-04-04T16:00:00,17.6,8.0,194.0,21.8,26,3.8,0.0,1002.5,635.0
2026-04-04T17:00:00,19.8,15.2,219.0,21.3,27,2.0,0.0,1002.6,395.0
2026-04-04T18:00:00,21.8,38.6,234.0,20.2,34,2.6,0.0,1002.4,40.0
2026-04-04T19:00:00,23.4,49.3,265.0,19.4,36,3.4,0.0,1003.2,45.0
2026-04-04T20:00:00,28.1,62.5,303.0,18.7,39,5.0,0.0,1003.7,55.0
2026-04-04T21:00:00,34.6,74.8,301.0,17.1,44,8.6,0.0,1004.1,100.0
2026-04-04T22:00:00,38.8,64.5,317.0,15.6,47,7.3,0.0,1004.6,85.0
2026-04-04T23:00:00,37.0,48.7,338.0,14.7,49,7.3,0.0,1004.8,85.0
2026-04-05T00:00:00,36.6,45.2,320.0,13.8,54,8.3,0.0,1005.3,90.0
2026-04-05T01:00:00,39.3,28.5,320.0,13.2,55,7.3,0.0,1005.4,85.0
2026-04-05T02:00:00,35.9,25.0,318.0,12.5,58,6.6,0.0,1005.3,75.0
2026-04-05T03:00:00,35.0,22.8,283.0,11.9,60,6.9,0.0,1005.5,65.0
2026-04-05T04:00:00,35.2,21.2,255.0,11.6,60,5.4,0.0,1005.4,60.0
2026-04-05T05:00:00,35.3,25.1,261.0,10.8,63,3.0,0.0,1005.4,40.0
2026-04-05T06:00:00,33.8,28.2,264.0,11.3,63,4.8,0.0,1006.4,55.0
2026-04-05T07:00:00,33.0,24.5,277.0,12.5,60,1.3,0.0,1006.9,95.0
2026-04-05T08:00:00,39.8,19.7,266.0,15.3,52,2.7,0.0,1007.1,175.0
2026-04-05T09:00:00,33.5,17.3,231.0,17.7,45,3.5,0.0,1007.3,350.0
2026-04-05T10:00:00,28.3,14.1,218.0,19.4,41,4.5,0.0,1007.3,490.0
2026-04-05T11:00:00,27.4,10.9,217.0,20.8,38,4.5,0.0,1006.9,620.0
2026-04-05T12:00:00,25.7,7.1,202.0,21.9,33,4.7,0.0,1006.3,860.0
2026-04-05T13:00:00,25.4,4.8,193.0,23.1,30,5.1,0.0,1005.8,975.0
2026-04-05T14:00:00,20.5,3.9,184.0,23.4,30,5.9,0.0,1005.1,990.0
2026-04-05T15:00:00,16.6,4.1,182.0,23.3,31,6.2,0.0,1004.6,925.0
2026-04-05T16:00:00,14.7,5.7,176.0,22.9,31,6.2,0.0,1004.2,840.0
2026-04-05T17:00:00,12.3,11.1,188.0,22.2,32,6.6,0.0,1004.2,685.0
2026-04-05T18:00:00,13.4,24.5,214.0,20.8,37,1.9,0.0,1003.9,30.0
2026-04-05T19:00:00,14.9,28.2,213.0,20.0,38,7.6,0.0,1004.7,95.0
2026-04-05T20:00:00,14.1,21.3,201.0,17.1,51,12.0,0.0,1004.9,210.0
2026-04-05T21:00:00,13.2,14.0,187.0,15.5,55,10.7,0.0,1005.2,210.0
2026-04-05T22:00:00,13.5,12.6,181.0,14.8,56,9.3,0.0,1005.5,220.0
2026-04-05T23:00:00,14.0,12.2,174.0,14.0,59,9.3,0.0,1005.7,180.0
2026-04-06T00:00:00,14.5,10.6,167.0,14.3,56,9.7,0.0,1005.7,180.0
2026-04-06T01:00:00,15.0,11.4,174.0,13.8,59,9.3,0.0,1005.9,225.0
2026-04-06T02:00:00,15.9,11.0,175.0,13.3,64,7.8,0.0,1005.7,185.0
2026-04-06T03:00:00,16.0,11.2,173.0,12.7,72,8.5,0.0,1005.5,170.0
2026-04-06T04:00:00,16.5,14.2,168.0,12.2,80,8.8,0.0,1005.4,165.0
2026-04-06T05:00:00,17.1,21.0,170.0,11.6,86,8.2,0.0,1005.3,155.0
2026-04-06T06:00:00,17.3,30.6,189.0,12.1,84,8.5,0.0,1006.3,215.0
2026-04-06T07:00:00,18.3,28.8,193.0,13.8,77,5.4,0.0,1006.6,210.0
2026-04-06T08:00:00,17.1,23.3,178.0,16.2,66,5.9,0.0,1006.6,250.0
2026-04-06T09:00:00,15.7,16.5,168.0,18.6,57,7.1,0.0,1006.7,360.0
2026-04-06T10:00:00,15.4,10.6,163.0,20.5,52,7.6,0.0,1006.8,505.0
2026-04-06T11:00:00,14.6,7.1,158.0,22.2,45,7.6,0.0,1006.5,635.0
2026-04-06T12:00:00,13.7,5.0,155.0,23.4,39,7.3,0.0,1005.5,810.0
2026-04-06T13:00:00,12.0,4.1,154.0,24.6,35,6.2,0.0,1004.8,960.0
2026-04-06T14:00:00,10.6,4.3,152.0,25.0,34,5.7,0.0,1003.9,1020.0
2026-04-06T15:00:00,9.5,5.5,154.0,25.0,34,7.8,0.0,1003.4,950.0
2026-04-06T16:00:00,8.2,8.0,157.0,24.5,37,9.9,0.0,1003.0,820.0
2026-04-06T17:00:00,11.5,17.5,177.0,23.2,43,9.3,0.0,1003.1,695.0
2026-04-06T18:00:00,11.3,26.1,191.0,21.3,52,11.1,0.0,1002.7,265.0
2026-04-06T19:00:00,10.8,24.0,181.0,18.9,58,11.5,0.0,1003.4,280.0
2026-04-06T20:00:00,11.0,20.0,187.0,17.3,60,9.7,0.0,1004.1,245.0
2026-04-06T21:00:00,11.2,17.1,186.0,16.3,61,8.6,0.0,1004.4,250.0
2026-04-06T22:00:00,12.3,15.7,175.0,15.6,63,7.8,0.0,1004.8,245.0
2026-04-06T23:00:00,13.0,14.5,176.0,15.0,66,8.2,0.0,1004.9,215.0
2026-04-07T00:00:00,11.7,12.9,174.0,14.0,69,10.1,0.0,1004.8,210.0
2026-04-07T01:00:00,13.8,13.4,167.0,13.3,73,9.7,0.0,1004.8,215.0
2026-04-07T02:00:00,13.2,11.9,160.0,12.6,79,9.2,0.0,1004.6,190.0
2026-04-07T03:00:00,12.7,12.0,156.0,12.1,83,9.0,0.0,1004.7,180.0
2026-04-07T04:00:00,12.1,14.4,153.0,11.7,87,8.6,0.0,1004.7,170.0
2026-04-07T05:00:00,14.4,21.4,154.0,11.4,89,8.2,0.0,1004.4,175.0
2026-04-07T06:00:00,12.4,30.0,162.0,12.1,86,9.0,0.0,1005.0,215.0
2026-04-07T07:00:00,12.3,22.4,163.0,13.8,78,6.8,0.0,1005.1,275.0
2026-04-07T08:00:00,11.8,18.2,148.0,15.9,68,5.8,0.0,1005.2,330.0
2026-04-07T09:00:00,11.5,13.5,142.0,18.2,60,5.3,0.0,1005.3,420.0
2026-04-07T10:00:00,11.8,10.4,144.0,20.4,52,6.4,0.0,1005.1,555.0
2026-04-07T11:00:00,9.3,8.2,142.0,22.1,46,7.2,0.0,1004.6,695.0
2026-04-07T12:00:00,8.7,5.7,142.0,22.9,41,7.0,0.0,1003.9,830.0
2026-04-07T13:00:00,8.6,4.4,144.0,24.0,38,8.0,0.0,1003.1,850.0
2026-04-07T14:00:00,8.9,4.5,146.0,24.6,36,8.6,0.0,1002.2,920.0
2026-04-07T15:00:00,8.3,5.5,142.0,24.7,36,9.0,0.0,1001.5,980.0
2026-04-07T16:00:00,7.6,8.0,144.0,24.0,40,10.3,0.0,1001.2,930.0
2026-04-07T17:00:00,9.1,12.4,166.0,21.8,50,11.6,0.0,1001.4,505.0
2026-04-07T18:00:00,9.7,20.0,170.0,20.0,56,13.0,0.0,1001.0,330.0
2026-04-07T19:00:00,9.0,21.1,169.0,17.7,62,13.7,0.0,1001.6,280.0
2026-04-07T20:00:00,9.8,16.1,166.0,15.9,67,12.3,0.0,1001.8,255.0
2026-04-07T21:00:00,10.9,14.8,173.0,15.0,70,10.6,0.0,1002.0,260.0
2026-04-07T22:00:00,12.2,14.3,166.0,14.2,74,9.8,0.0,1002.1,260.0
2026-04-07T23:00:00,13.2,13.4,162.0,13.5,78,9.5,0.0,1002.0,255.0
2026-04-08T00:00:00,13.9,12.0,160.0,13.0,80,9.8,0.0,1002.0,230.0
2026-04-08T01:00:00,13.9,11.3,160.0,12.6,83,9.4,0.0,1001.9,205.0
2026-04-08T02:00:00,14.0,11.1,157.0,12.2,85,7.6,0.0,1001.6,150.0
2026-04-08T03:00:00,14.2,11.4,156.0,11.8,87,7.3,0.0,1001.7,140.0
2026-04-08T04:00:00,14.6,15.4,158.0,11.5,89,6.6,0.0,1002.0,130.0
2026-04-08T05:00:00,15.1,24.3,167.0,11.1,91,5.9,0.0,1002.3,105.0
2026-04-08T06:00:00,17.9,39.4,196.0,12.0,88,4.6,0.0,1002.8,135.0
2026-04-08T07:00:00,16.3,40.6,192.0,13.6,78,2.3,0.0,1003.2,210.0
2026-04-08T08:00:00,15.7,32.8,182.0,15.7,68,1.9,0.0,1003.6,285.0
2026-04-08T09:00:00,14.2,24.1,170.0,18.0,58,2.5,0.0,1004.1,375.0
2026-04-08T10:00:00,15.4,20.5,170.0,20.0,48,3.3,0.0,1004.0,515.0
2026-04-08T11:00:00,17.6,16.3,169.0,21.7,42,3.9,0.0,1003.7,695.0
2026-04-08T12:00:00,18.0,11.1,165.0,22.5,40,3.8,0.0,1002.6,865.0
2026-04-08T13:00:00,24.7,7.4,163.0,23.7,39,3.5,0.0,1001.9,945.0
2026-04-08T14:00:00,25.7,6.3,173.0,24.0,40,4.5,0.0,1001.2,945.0
2026-04-08T15:00:00,24.4,7.1,179.0,24.1,40,4.7,0.0,1000.6,945.0
2026-04-08T16:00:00,21.5,10.4,185.0,23.8,41,5.2,0.0,1000.2,825.0
2026-04-08T17:00:00,22.2,20.0,202.0,23.1,43,4.0,0.0,1000.3,630.0
2026-04-08T18:00:00,25.4,37.9,240.0,22.2,47,1.4,0.0,999.7,20.0
2026-04-08T19:00:00,29.6,67.3,275.0,21.2,49,1.7,0.0,1000.1,15.0
2026-04-08T20:00:00,34.1,52.4,278.0,20.6,51,7.6,0.0,1000.4,65.0
2026-04-08T21:00:00,30.5,35.2,268.0,18.9,60,4.4,0.0,1000.7,85.0
2026-04-08T22:00:00,25.8,25.6,248.0,17.5,66,4.3,0.0,1001.0,80.0
2026-04-08T23:00:00,23.7,18.1,229.0,16.7,68,8.6,0.0,1001.1,255.0
2026-04-09T00:00:00,22.0,13.9,213.0,14.8,73,9.0,0.0,1001.6,200.0
2026-04-09T01:00:00,19.0,13.6,205.0,14.0,72,9.0,0.0,1001.6,220.0
2026-04-09T02:00:00,18.0,10.9,203.0,13.3,69,10.4,0.0,1001.7,250.0
2026-04-09T03:00:00,16.8,9.4,200.0,12.8,65,11.2,0.0,1001.6,270.0
2026-04-09T04:00:00,17.4,14.6,205.0,12.5,62,11.3,0.0,1001.7,280.0
2026-04-09T05:00:00,16.9,23.0,214.0,12.3,61,10.9,0.0,1001.7,280.0
2026-04-09T06:00:00,19.5,31.8,215.0,13.0,62,8.9,0.0,1001.9,245.0
2026-04-09T07:00:00,19.1,27.8,199.0,14.7,55,8.0,0.0,1002.3,410.0
2026-04-09T08:00:00,17.6,19.6,195.0,16.2,48,7.7,0.0,1002.2,510.0
2026-04-09T09:00:00,16.9,12.1,182.0,17.6,43,6.4,0.0,1002.0,660.0
2026-04-09T10:00:00,16.4,8.1,178.0,19.1,40,6.2,0.0,1001.6,825.0
2026-04-09T11:00:00,16.5,7.0,173.0,20.3,39,5.9,0.0,1000.6,1090.0
2026-04-09T12:00:00,15.8,6.6,170.0,21.0,38,5.1,0.0,999.7,1210.0
2026-04-09T13:00:00,14.8,6.0,171.0,21.9,37,5.9,0.0,998.9,1105.0
2026-04-09T14:00:00,15.9,6.0,164.0,22.1,37,5.4,0.0,998.1,1095.0
2026-04-09T15:00:00,17.0,7.1,167.0,22.1,37,5.1,0.0,997.3,985.0
2026-04-09T16:00:00,18.6,10.8,174.0,21.7,38,4.4,0.0,996.8,855.0
2026-04-09T17:00:00,19.9,20.0,192.0,21.1,39,3.8,0.0,996.8,540.0
2026-04-09T18:00:00,22.0,46.5,220.0,20.3,41,2.6,0.0,996.4,40.0
2026-04-09T19:00:00,25.4,56.6,253.0,19.7,42,4.9,0.0,996.8,50.0
2026-04-09T20:00:00,27.5,52.2,275.0,18.6,46,9.4,0.0,997.1,140.0
2026-04-09T21:00:00,25.0,44.9,262.0,17.0,51,8.8,0.0,997.5,160.0
2026-04-09T22:00:00,25.7,33.8,248.0,15.9,54,9.2,0.0,997.5,215.0
2026-04-09T23:00:00,25.9,27.2,240.0,14.9,61,10.2,0.0,997.9,255.0
2026-04-10T00:00:00,23.5,19.8,220.0,13.6,70,9.8,0.0,998.2,250.0
2026-04-10T01:00:00,22.2,15.3,210.0,12.7,75,9.4,0.0,997.9,225.0
2026-04-10T02:00:00,20.2,14.0,192.0,12.0,76,7.6,0.0,997.9,185.0
2026-04-10T03:00:00,19.2,14.9,198.0,11.4,77,7.6,0.0,997.7,175.0
2026-04-10T04:00:00,18.4,16.9,196.0,10.8,77,6.6,0.0,997.9,155.0
2026-04-10T05:00:00,17.4,26.3,199.0,10.4,77,7.2,0.0,997.7,160.0
2026-04-10T06:00:00,18.3,38.6,218.0,11.2,72,7.6,0.0,998.4,210.0
2026-04-10T07:00:00,17.0,31.3,206.0,12.9,62,6.1,0.0,998.7,285.0
2026-04-10T08:00:00,16.2,22.8,197.0,14.6,55,5.4,0.0,998.7,365.0
2026-04-10T09:00:00,16.1,22.4,192.0,15.9,52,4.1,0.0,998.9,470.0
2026-04-10T10:00:00,16.5,15.5,183.0,17.6,49,3.2,0.0,998.3,570.0
2026-04-10T11:00:00,17.5,13.9,177.0,19.1,47,3.0,0.0,997.8,715.0
2026-04-10T12:00:00,18.2,11.6,173.0,19.0,48,1.7,0.0,997.3,720.0
2026-04-10T13:00:00,18.1,11.2,167.0,21.0,43,2.0,0.0,996.7,710.0
2026-04-10T14:00:00,18.6,11.3,170.0,21.8,43,4.0,0.0,995.7,595.0
2026-04-10T15:00:00,17.6,12.7,174.0,21.9,45,4.2,0.0,995.3,665.0
2026-04-10T16:00:00,18.6,17.0,196.0,21.5,46,4.2,0.0,995.1,525.0
2026-04-10T17:00:00,20.2,27.2,205.0,20.8,51,4.2,0.0,994.9,300.0
2026-04-10T18:00:00,21.7,36.4,237.0,20.2,52,8.1,0.0,995.0,265.0
2026-04-10T19:00:00,21.1,40.4,246.0,19.0,54,8.9,0.0,995.8,185.0
2026-04-10T20:00:00,21.6,34.9,246.0,17.9,55,10.4,0.0,996.5,275.0
2026-04-10T21:00:00,21.4,22.5,238.0,17.0,59,11.4,0.0,996.7,335.0
2026-04-10T22:00:00,20.3,17.9,230.0,16.4,62,12.3,0.0,997.2,450.0
2026-04-10T23:00:00,21.4,14.0,197.0,15.5,66,13.2,0.0,997.7,475.0
2026-04-11T00:00:00,18.7,11.9,211.0,14.3,70,11.7,0.0,997.9,405.0
2026-04-11T01:00:00,16.6,10.4,184.0,13.5,68,10.7,0.0,997.8,380.0
2026-04-11T02:00:00,17.1,9.1,175.0,13.0,64,10.4,0.0,997.8,370.0
2026-04-11T03:00:00,17.5,8.4,179.0,12.5,62,9.3,0.0,997.9,340.0
2026-04-11T04:00:00,17.7,9.6,176.0,11.9,62,8.7,0.0,998.1,290.0
2026-04-11T05:00:00,18.9,13.6,188.0,11.5,62,8.7,0.0,998.3,235.0
2026-04-11T06:00:00,20.0,17.6,185.0,12.3,60,6.7,0.0,998.7,225.0
2026-04-11T07:00:00,17.6,15.1,180.0,13.8,52,5.4,0.0,999.0,340.0
2026-04-11T08:00:00,16.7,8.9,168.0,15.5,44,6.0,0.0,999.2,545.0
2026-04-11T09:00:00,15.9,7.5,162.0,17.2,37,6.6,0.0,999.3,710.0
2026-04-11T10:00:00,15.9,5.9,160.0,18.6,34,5.5,0.0,999.2,890.0
2026-04-11T11:00:00,15.7,5.5,157.0,19.7,34,6.1,0.0,998.9,1065.0
2026-04-11T12:00:00,15.5,4.7,157.0,20.0,34,8.0,0.0,998.1,1185.0
2026-04-11T13:00:00,15.2,3.9,153.0,20.9,34,6.5,0.0,997.6,1210.0
2026-04-11T14:00:00,14.7,3.5,153.0,21.3,34,5.3,0.0,997.1,1225.0
2026-04-11T15:00:00,14.3,3.8,156.0,21.4,34,5.8,0.0,996.5,1170.0
2026-04-11T16:00:00,14.3,5.6,167.0,21.0,35,4.9,0.0,996.3,1015.0
2026-04-11T17:00:00,15.6,10.8,174.0,20.5,37,3.1,0.0,996.1,725.0
2026-04-11T18:00:00,17.7,28.7,206.0,19.9,41,2.0,0.0,996.1,35.0
2026-04-11T19:00:00,19.5,42.3,218.0,19.0,43,2.1,0.0,996.3,30.0
2026-04-11T20:00:00,24.7,44.9,242.0,18.2,45,3.3,0.0,996.4,35.0
2026-04-11T21:00:00,26.0,37.8,249.0,17.5,48,5.7,0.0,996.3,95.0
2026-04-11T22:00:00,27.5,31.0,259.0,16.4,53,5.9,0.0,996.3,85.0
2026-04-11T23:00:00,28.0,23.0,234.0,15.6,56,7.0,0.0,996.7,90.0
2026-04-12T00:00:00,26.1,20.1,211.0,15.1,63,8.1,0.0,997.4,170.0
2026-04-12T01:00:00,23.3,17.5,197.0,14.3,70,9.3,0.0,997.3,220.0
2026-04-12T02:00:00,21.9,12.8,177.0,13.5,79,10.1,0.0,997.1,250.0
2026-04-12T03:00:00,20.7,11.0,179.0,13.0,81,9.1,0.0,996.8,230.0
2026-04-12T04:00:00,20.6,10.7,177.0,12.7,81,7.5,0.0,996.9,180.0
2026-04-12T05:00:00,21.5,14.8,179.0,12.4,79,7.6,0.0,996.8,185.0
2026-04-12T06:00:00,20.7,17.7,181.0,12.6,77,7.3,0.0,997.2,345.0
2026-04-12T07:00:00,18.6,13.0,166.0,13.8,68,8.0,0.0,997.7,440.0
2026-04-12T08:00:00,17.6,8.1,160.0,14.9,63,9.0,0.0,997.9,515.0
2026-04-12T09:00:00,17.0,7.7,156.0,16.6,54,9.4,0.0,997.7,670.0
2026-04-12T10:00:00,16.8,6.9,155.0,18.0,46,8.6,0.0,997.3,850.0
2026-04-12T11:00:00,15.9,6.8,153.0,18.2,48,8.1,0.0,997.2,990.0
2026-04-12T12:00:00,14.8,5.6,149.0,16.4,51,7.6,0.0,997.1,785.0
2026-04-12T13:00:00,13.3,4.2,145.0,16.7,49,9.4,0.0,996.2,645.0
2026-04-12T14:00:00,12.4,3.4,143.0,17.9,47,9.3,0.0,995.5,975.0
2026-04-12T15:00:00,13.0,3.7,147.0,19.1,49,11.9,0.0,994.7,1350.0
2026-04-12T16:00:00,12.6,6.8,153.0,18.7,54,13.2,0.0,994.4,1080.0
2026-04-12T17:00:00,12.4,10.8,163.0,18.1,57,10.6,0.0,993.8,1110.0
2026-04-12T18:00:00,12.5,15.8,172.0,17.4,57,9.2,0.1,994.3,1145.0
2026-04-12T19:00:00,13.2,19.1,176.0,17.0,58,7.0,0.0,994.2,1035.0
2026-04-12T20:00:00,14.0,15.5,168.0,16.9,56,7.5,0.0,994.4,880.0
2026-04-12T21:00:00,13.9,8.2,151.0,16.3,58,9.4,0.1,994.1,1110.0
2026-04-12T22:00:00,13.1,5.9,148.0,15.0,68,11.5,0.3,993.9,1000.0
2026-04-12T23:00:00,13.1,5.8,147.0,14.6,72,12.3,0.2,993.3,1055.0
2026-04-13T00:00:00,12.8,4.0,145.0,14.3,68,12.1,0.0,993.2,925.0
2026-04-13T01:00:00,12.7,3.6,144.0,13.5,82,9.3,1.0,992.6,875.0
2026-04-13T02:00:00,12.9,4.3,145.0,13.9,81,11.0,0.1,992.2,890.0
2026-04-13T03:00:00,12.2,6.6,150.0,13.6,79,10.4,0.2,992.0,745.0
2026-04-13T04:00:00,11.7,9.5,159.0,13.0,81,10.6,0.9,991.6,705.0
2026-04-13T05:00:00,12.0,18.2,165.0,12.5,86,9.6,0.4,991.3,280.0
2026-04-13T06:00:00,13.3,26.8,178.0,12.7,88,9.4,0.2,991.3,915.0
2026-04-13T07:00:00,13.3,37.0,187.0,13.3,84,10.0,1.6,991.0,775.0
2026-04-13T08:00:00,12.7,34.2,188.0,12.9,92,6.7,2.2,991.2,285.0
2026-04-13T09:00:00,11.7,28.0,189.0,13.5,87,10.1,0.8,991.0,570.0
2026-04-13T10:00:00,10.7,18.3,167.0,14.5,82,8.7,0.3,990.8,810.0
2026-04-13T11:00:00,10.3,12.2,158.0,16.0,73,9.7,0.0,990.4,1200.0
2026-04-13T12:00:00,11.1,10.5,156.0,15.6,73,5.1,0.0,990.3,1360.0
2026-04-13T13:00:00,11.6,10.0,153.0,15.4,73,5.6,1.8,989.9,1075.0
2026-04-13T14:00:00,10.9,11.8,150.0,15.5,75,10.7,1.0,989.5,445.0
2026-04-13T15:00:00,12.7,14.6,157.0,16.3,72,9.7,0.0,989.1,820.0
2026-04-13T16:00:00,14.8,23.7,170.0,17.1,66,7.7,0.0,989.4,1700.0
2026-04-13T17:00:00,16.9,30.2,195.0,17.6,55,13.2,0.0,989.2,1750.0
2026-04-13T18:00:00,17.4,35.1,227.0,16.7,61,6.2,0.0,989.7,1340.0
2026-04-13T19:00:00,16.5,41.6,235.0,15.2,69,7.2,0.0,990.3,255.0
2026-04-13T20:00:00,16.6,43.4,233.0,14.2,78,6.8,0.0,990.8,135.0
2026-04-13T21:00:00,18.1,41.2,230.0,13.6,82,6.5,0.0,991.0,95.0
2026-04-13T22:00:00,19.4,38.5,236.0,13.9,80,4.4,0.0,991.0,55.0
2026-04-13T23:00:00,18.4,35.2,212.0,13.6,82,3.4,0.0,991.1,25.0
2026-04-14T00:00:00,14.5,25.8,200.0,13.3,92,1.3,0.0,991.9,15.0
2026-04-14T01:00:00,13.9,15.9,189.0,13.9,84,2.0,0.3,991.8,150.0
2026-04-14T02:00:00,14.9,17.9,183.0,13.9,83,1.1,0.4,992.2,465.0
2026-04-14T03:00:00,15.9,17.6,177.0,13.7,84,0.6,0.2,992.3,345.0
2026-04-14T04:00:00,17.7,20.9,183.0,13.6,86,3.7,0.1,992.8,85.0
2026-04-14T05:00:00,18.0,34.9,206.0,13.0,93,7.3,0.2,993.3,105.0
2026-04-14T06:00:00,18.5,39.8,223.0,13.1,94,7.7,0.0,993.7,125.0
2026-04-14T07:00:00,19.0,45.5,239.0,13.6,94,6.5,0.0,994.1,170.0
2026-04-14T08:00:00,18.1,40.9,233.0,15.1,82,5.1,0.0,994.8,380.0
2026-04-14T09:00:00,13.0,27.8,195.0,16.1,76,6.2,0.0,995.5,655.0
2026-04-14T10:00:00,11.4,20.4,168.0,16.7,73,6.3,0.0,995.9,735.0
2026-04-14T11:00:00,11.4,11.7,160.0,17.7,67,5.9,0.0,995.9,825.0
2026-04-14T12:00:00,11.4,8.9,159.0,17.0,70,5.0,0.0,996.4,705.0
2026-04-14T13:00:00,11.4,7.4,160.0,17.6,65,3.7,0.1,996.6,760.0
2026-04-14T14:00:00,13.2,7.1,158.0,17.6,65,4.1,0.0,996.6,720.0
2026-04-14T15:00:00,12.9,8.0,161.0,17.6,65,2.9,0.0,996.5,610.0
2026-04-14T16:00:00,14.2,12.6,169.0,17.1,68,7.1,0.0,996.9,590.0
2026-04-14T17:00:00,17.4,19.6,178.0,15.3,82,6.5,0.1,997.6,300.0
2026-04-14T18:00:00,18.7,26.3,191.0,14.6,89,6.2,0.5,998.2,270.0
2026-04-14T19:00:00,19.0,29.6,208.0,14.3,91,3.7,0.2,998.9,185.0
2026-04-14T20:00:00,21.2,34.4,225.0,14.0,94,4.9,0.1,999.8,160.0
2026-04-14T21:00:00,25.2,36.6,227.0,14.2,93,5.5,0.1,1000.3,275.0
2026-04-14T22:00:00,25.6,38.1,234.0,13.9,92,5.6,0.0,1000.8,260.0
2026-04-14T23:00:00,29.4,34.0,239.0,13.7,92,5.6,0.0,1001.0,210.0
2026-04-15T00:00:00,27.4,25.8,230.0,14.0,91,4.8,0.0,1000.8,90.0
2026-04-15T01:00:00,24.3,21.3,223.0,13.4,94,5.5,0.0,1000.6,70.0
2026-04-15T02:00:00,23.2,21.1,217.0,13.0,95,4.6,0.0,1000.6,70.0
2026-04-15T03:00:00,24.2,22.1,228.0,12.4,95,3.7,0.0,1000.8,55.0
2026-04-15T04:00:00,27.6,22.3,235.0,12.6,96,2.7,0.0,1001.0,35.0
2026-04-15T05:00:00,29.7,37.2,250.0,12.9,96,1.5,0.0,1001.3,20.0
2026-04-15T06:00:00,33.6,52.0,282.0,13.9,93,6.0,0.0,1001.7,80.0
2026-04-15T07:00:00,28.0,43.1,258.0,15.4,81,6.2,0.0,1002.2,265.0
2026-04-15T08:00:00,24.7,30.5,211.0,16.5,72,5.8,0.0,1002.4,625.0
2026-04-15T09:00:00,22.5,15.7,195.0,17.7,65,5.7,0.1,1002.5,810.0
2026-04-15T10:00:00,20.4,11.1,196.0,18.8,59,4.5,0.1,1002.1,915.0
2026-04-15T11:00:00,18.3,9.7,195.0,19.7,56,0.9,0.1,1001.6,1105.0
2026-04-15T12:00:00,18.6,9.2,189.0,19.6,62,1.8,0.0,1001.6,1120.0
2026-04-15T13:00:00,18.6,8.7,186.0,20.6,55,3.3,0.1,1001.4,1205.0
2026-04-15T14:00:00,19.0,8.6,184.0,20.7,55,5.1,0.0,1001.0,1285.0
2026-04-15T15:00:00,17.6,8.8,178.0,20.5,56,6.4,0.0,1000.8,1130.0
2026-04-15T16:00:00,17.4,9.7,180.0,19.8,58,9.1,0.0,1001.0,980.0
2026-04-15T17:00:00,21.8,19.3,187.0,18.8,67,7.1,0.0,1001.1,465.0
2026-04-15T18:00:00,24.5,30.0,234.0,17.2,83,2.8,0.0,1001.0,90.0
2026-04-15T19:00:00,25.4,44.5,262.0,16.8,82,4.9,0.0,1001.6,120.0
2026-04-15T20:00:00,30.1,54.8,249.0,16.1,85,5.3,0.0,1002.0,145.0
2026-04-15T21:00:00,33.8,54.5,268.0,15.3,87,4.5,0.0,1002.3,100.0
2026-04-15T22:00:00,35.0,47.9,271.0,14.7,89,4.4,0.0,1002.2,65.0
2026-04-15T23:00:00,36.3,47.8,276.0,14.1,92,4.4,0.0,1002.1,50.0
2026-04-16T00:00:00,39.4,43.7,311.0,13.8,93,1.9,0.0,1002.1,25.0
2026-04-16T01:00:00,43.6,39.3,291.0,13.7,94,3.0,0.0,1001.8,30.0
2026-04-16T02:00:00,47.3,35.3,299.0,13.8,92,1.9,0.0,1001.6,35.0
2026-04-16T03:00:00,48.2,31.0,305.0,13.6,92,2.0,0.0,1001.5,30.0
2026-04-16T04:00:00,47.4,30.0,287.0,13.3,91,3.2,0.0,1001.4,35.0
2026-04-16T05:00:00,48.2,39.2,292.0,12.9,91,2.2,0.0,1001.5,35.0
2026-04-16T06:00:00,48.7,41.4,323.0,13.9,90,4.2,0.0,1001.8,35.0
2026-04-16T07:00:00,45.3,44.4,357.0,16.3,83,2.2,0.0,1002.0,120.0
2026-04-16T08:00:00,42.2,37.3,303.0,18.1,76,2.6,0.0,1002.2,405.0
2026-04-16T09:00:00,38.7,28.9,244.0,19.4,68,4.4,0.0,1002.3,780.0
2026-04-16T10:00:00,36.2,16.6,220.0,20.5,61,3.8,0.0,1002.2,950.0
2026-04-16T11:00:00,31.7,12.0,203.0,21.4,58,3.3,0.0,1002.0,1040.0
2026-04-16T12:00:00,28.8,9.2,187.0,22.0,55,2.8,0.0,1001.3,1170.0
2026-04-16T13:00:00,26.0,7.1,188.0,22.5,53,2.9,0.0,1001.1,1215.0
2026-04-16T14:00:00,26.1,7.4,189.0,22.7,52,2.7,0.0,1000.5,1150.0
2026-04-16T15:00:00,25.8,8.8,188.0,22.7,51,3.8,0.0,1000.0,1095.0
2026-04-16T16:00:00,24.8,13.1,197.0,22.5,52,3.9,0.0,999.8,1015.0
2026-04-16T17:00:00,28.0,20.8,216.0,21.8,58,4.8,0.0,1000.0,855.0
2026-04-16T18:00:00,29.7,33.2,236.0,20.5,66,5.0,0.0,999.6,130.0
2026-04-16T19:00:00,31.0,46.6,266.0,19.0,71,4.8,0.0,1000.2,75.0
2026-04-16T20:00:00,30.7,50.4,268.0,18.3,72,4.0,0.0,1000.8,45.0
2026-04-16T21:00:00,34.8,47.2,270.0,17.7,74,6.2,0.0,1001.4,85.0
2026-04-16T22:00:00,43.3,46.8,286.0,17.0,78,7.3,0.0,1001.7,100.0
2026-04-16T23:00:00,42.1,40.2,295.0,16.4,82,8.0,0.0,1002.1,110.0
2026-04-17T00:00:00,47.2,35.3,295.0,16.2,84,7.4,0.0,1002.2,110.0
2026-04-17T01:00:00,49.6,31.8,300.0,15.7,86,8.2,0.0,1002.4,125.0
2026-04-17T02:00:00,47.9,24.5,284.0,15.6,83,5.6,0.1,1002.1,100.0
2026-04-17T03:00:00,43.9,18.0,255.0,15.1,83,6.9,0.0,1002.0,90.0
2026-04-17T04:00:00,40.6,19.4,237.0,14.5,85,9.6,0.1,1002.4,135.0
2026-04-17T05:00:00,39.3,28.1,240.0,14.4,87,9.6,0.2,1002.6,125.0
2026-04-17T06:00:00,37.9,43.2,270.0,15.4,82,6.7,0.0,1002.8,95.0
2026-04-17T07:00:00,36.8,43.9,275.0,17.6,74,5.0,0.0,1003.0,375.0
2026-04-17T08:00:00,36.5,35.6,265.0,18.7,66,5.2,0.0,1003.2,510.0
2026-04-17T09:00:00,36.6,23.7,230.0,19.9,61,4.1,0.0,1003.2,715.0
2026-04-17T10:00:00,32.7,15.9,203.0,21.1,55,4.6,0.0,1003.0,1080.0
2026-04-17T11:00:00,31.6,10.0,190.0,22.2,50,4.7,0.0,1002.4,1275.0
2026-04-17T12:00:00,29.7,6.6,181.0,23.1,45,4.0,0.0,1001.6,1415.0
2026-04-17T13:00:00,27.3,5.3,180.0,23.9,43,4.1,0.0,1001.1,1490.0
2026-04-17T14:00:00,26.1,5.6,183.0,23.9,43,4.4,0.0,1000.4,1520.0
2026-04-17T15:00:00,23.5,8.1,186.0,23.6,44,5.4,0.0,999.7,1450.0
2026-04-17T16:00:00,23.4,15.0,202.0,23.3,45,7.3,0.0,999.4,1370.0
2026-04-17T17:00:00,25.3,22.3,230.0,22.6,49,7.6,0.0,999.6,320.0
2026-04-17T18:00:00,29.8,52.5,264.0,20.9,61,3.2,0.0,999.2,125.0
2026-04-17T19:00:00,32.5,66.4,262.0,20.6,57,0.6,0.0,999.8,15.0
2026-04-17T20:00:00,34.3,56.2,266.0,19.7,60,1.7,0.0,1000.2,25.0
2026-04-17T21:00:00,36.3,52.2,275.0,18.9,62,4.5,0.0,1000.5,65.0
2026-04-17T22:00:00,36.2,47.6,283.0,17.9,68,4.9,0.0,1000.8,55.0
2026-04-17T23:00:00,38.1,43.8,295.0,17.0,73,5.0,0.0,1000.8,55.0
2026-04-18T00:00:00,41.2,39.6,311.0,16.1,83,4.4,0.0,1001.2,35.0
2026-04-18T01:00:00,41.3,32.8,319.0,16.0,82,4.9,0.0,1001.1,50.0
2026-04-18T02:00:00,40.9,27.7,295.0,15.8,80,5.6,0.0,1001.2,60.0
2026-04-18T03:00:00,41.7,22.0,274.0,15.8,77,6.9,0.0,1001.3,95.0
2026-04-18T04:00:00,38.3,20.0,259.0,15.9,75,8.3,0.0,1001.4,120.0
2026-04-18T05:00:00,38.4,17.5,237.0,15.5,78,6.9,0.0,1001.4,115.0
2026-04-18T06:00:00,36.1,21.4,234.0,16.5,76,5.8,0.0,1001.8,115.0
2026-04-18T07:00:00,33.1,16.3,225.0,18.4,68,2.3,0.0,1002.0,145.0
2026-04-18T08:00:00,29.8,11.8,212.0,20.5,58,0.7,0.0,1002.1,330.0
2026-04-18T09:00:00,26.0,8.9,200.0,22.0,50,3.3,0.0,1002.1,880.0
2026-04-18T10:00:00,28.1,7.1,188.0,22.7,48,4.8,0.2,1002.2,1260.0
2026-04-18T11:00:00,28.2,6.4,187.0,23.2,47,4.8,0.3,1001.7,1355.0
2026-04-18T12:00:00,26.3,5.7,184.0,24.2,41,6.3,0.2,1000.9,1615.0
2026-04-18T13:00:00,25.2,4.6,179.0,25.1,37,5.4,0.0,1000.5,1775.0
2026-04-18T14:00:00,24.4,4.1,182.0,25.5,37,5.9,0.0,999.9,1900.0
2026-04-18T15:00:00,21.9,4.3,187.0,25.7,36,6.4,0.0,999.2,1945.0
2026-04-18T16:00:00,18.8,6.8,187.0,25.1,37,7.6,0.0,999.2,1825.0
2026-04-18T17:00:00,20.4,11.4,201.0,24.0,40,9.4,0.0,999.0,390.0
2026-04-18T18:00:00,22.6,27.2,215.0,23.2,40,5.5,0.0,998.5,105.0
2026-04-18T19:00:00,25.7,40.4,233.0,22.2,48,0.6,0.0,999.0,15.0
2026-04-18T20:00:00,29.3,58.1,249.0,21.3,46,1.1,0.0,999.3,20.0
2026-04-18T21:00:00,34.8,62.6,278.0,19.8,52,3.1,0.0,999.3,35.0
2026-04-18T22:00:00,34.0,56.3,283.0,18.7,58,2.6,0.0,999.6,35.0
2026-04-18T23:00:00,35.3,43.3,291.0,18.2,62,3.8,0.0,999.4,60.0
2026-04-19T00:00:00,35.9,36.5,289.0,18.3,61,1.5,0.0,999.2,35.0
2026-04-19T01:00:00,37.8,31.4,273.0,18.0,63,7.8,0.0,998.9,115.0
2026-04-19T02:00:00,36.1,23.4,260.0,16.9,70,14.3,0.1,999.1,245.0
2026-04-19T03:00:00,33.4,20.8,240.0,16.6,73,3.9,0.0,999.1,75.0
2026-04-19T04:00:00,28.3,18.5,228.0,15.5,79,11.8,0.0,999.4,230.0
2026-04-19T05:00:00,21.6,13.8,207.0,15.2,82,10.9,0.7,999.7,265.0
2026-04-19T06:00:00,18.5,15.9,193.0,15.3,86,8.9,1.4,999.1,200.0
2026-04-19T07:00:00,17.9,13.5,202.0,16.4,85,7.2,1.6,999.7,275.0
2026-04-19T08:00:00,14.0,10.1,195.0,17.1,78,6.5,1.9,1000.2,405.0
2026-04-19T09:00:00,13.1,9.0,196.0,17.9,71,6.8,0.0,999.8,450.0
2026-04-19T10:00:00,12.4,6.9,183.0,19.9,63,4.7,0.0,999.7,745.0
2026-04-19T11:00:00,11.0,5.4,178.0,20.9,56,5.9,0.2,999.2,950.0
2026-04-19T12:00:00,11.5,4.7,175.0,20.7,51,3.1,0.1,998.8,765.0
2026-04-19T13:00:00,10.9,5.5,175.0,21.6,47,0.7,0.0,998.4,1090.0
2026-04-19T14:00:00,10.7,3.8,176.0,22.7,46,1.4,0.0,996.9,1060.0
2026-04-19T15:00:00,11.2,4.1,178.0,22.8,46,0.9,0.0,996.6,1335.0
2026-04-19T16:00:00,11.2,6.1,181.0,22.7,45,1.1,0.0,996.1,1370.0
2026-04-19T17:00:00,11.4,10.6,191.0,22.1,48,5.2,0.0,996.0,1175.0
2026-04-19T18:00:00,11.8,17.4,200.0,21.5,48,6.5,0.0,995.7,220.0
2026-04-19T19:00:00,12.2,25.8,215.0,19.9,54,9.7,0.0,996.2,215.0
2026-04-19T20:00:00,12.5,25.9,227.0,19.4,57,6.1,0.0,996.6,200.0
2026-04-19T21:00:00,15.0,21.4,228.0,18.3,62,1.9,0.0,996.7,45.0
2026-04-19T22:00:00,15.8,16.6,225.0,17.7,66,2.4,0.0,996.5,35.0
2026-04-19T23:00:00,16.2,16.6,220.0,16.9,69,3.1,0.0,996.4,60.0
2026-04-20T00:00:00,17.0,16.5,210.0,14.6,88,1.9,0.0,997.2,25.0
2026-04-20T01:00:00,19.7,19.8,211.0,13.8,93,3.4,0.0,996.4,90.0
2026-04-20T02:00:00,23.5,18.0,203.0,13.7,93,7.2,0.0,996.4,125.0
2026-04-20T03:00:00,24.7,21.2,207.0,13.5,92,3.2,0.0,996.3,130.0
2026-04-20T04:00:00,29.8,20.6,229.0,13.0,93,2.7,0.0,996.0,95.0
2026-04-20T05:00:00,29.5,32.6,240.0,13.2,92,4.3,0.2,996.1,170.0
2026-04-20T06:00:00,30.8,32.1,235.0,13.9,88,3.7,0.0,996.3,180.0
2026-04-20T07:00:00,24.9,26.9,217.0,15.1,81,4.5,0.0,996.5,310.0
2026-04-20T08:00:00,26.1,18.6,200.0,16.7,70,4.8,0.1,996.6,575.0
2026-04-20T09:00:00,24.4,13.2,187.0,17.9,65,5.7,0.1,996.5,805.0
2026-04-20T10:00:00,23.1,10.2,183.0,19.1,61,5.1,0.0,996.0,890.0
2026-04-20T11:00:00,20.0,7.7,182.0,20.2,59,5.0,0.0,995.3,970.0
2026-04-20T12:00:00,19.5,6.1,177.0,20.7,58,7.2,0.0,994.9,960.0
2026-04-20T13:00:00,20.1,5.8,168.0,21.8,53,3.1,0.0,994.2,1320.0
2026-04-20T14:00:00,19.0,5.7,168.0,22.3,50,3.3,0.0,993.1,1425.0
2026-04-20T15:00:00,19.1,7.2,172.0,22.6,48,2.9,0.0,992.4,1520.0
2026-04-20T16:00:00,18.3,10.5,176.0,21.9,50,3.5,0.0,992.2,1335.0
2026-04-20T17:00:00,13.4,16.5,188.0,21.5,49,5.0,0.0,991.9,1210.0
2026-04-20T18:00:00,15.4,24.4,204.0,20.7,51,5.5,0.0,991.9,140.0
2026-04-20T19:00:00,17.1,29.2,227.0,19.7,55,7.7,0.0,992.3,230.0
2026-04-20T20:00:00,15.4,22.3,225.0,18.5,62,9.4,0.0,993.0,335.0
2026-04-20T21:00:00,16.5,20.2,217.0,17.4,68,9.3,0.0,993.3,195.0
2026-04-20T22:00:00,16.6,16.1,209.0,16.6,71,11.0,0.0,993.5,180.0
2026-04-20T23:00:00,17.3,15.3,194.0,16.1,75,6.3,0.0,993.5,160.0
2026-04-21T00:00:00,21.7,13.4,190.0,13.8,95,1.9,0.0,994.4,60.0
2026-04-21T01:00:00,21.7,9.5,186.0,13.9,95,5.3,0.0,994.6,210.0
2026-04-21T02:00:00,19.0,9.2,189.0,13.7,94,6.1,0.0,994.8,300.0
2026-04-21T03:00:00,17.4,7.2,179.0,13.8,90,11.4,0.0,994.9,500.0
2026-04-21T04:00:00,15.4,7.3,170.0,13.6,89,11.4,0.3,995.0,605.0
2026-04-21T05:00:00,14.5,11.1,169.0,13.1,91,11.7,4.5,995.4,640.0
2026-04-21T06:00:00,13.4,17.2,174.0,13.6,90,9.0,3.3,995.5,445.0
2026-04-21T07:00:00,11.6,15.7,173.0,14.4,80,11.0,0.0,996.0,630.0
2026-04-21T08:00:00,9.6,11.3,175.0,15.3,69,11.7,0.0,996.1,770.0
2026-04-21T09:00:00,8.4,6.8,170.0,16.8,61,12.8,0.0,996.2,995.0
2026-04-21T10:00:00,8.4,5.0,168.0,18.1,57,11.8,0.0,995.8,1240.0
2026-04-21T11:00:00,8.3,4.0,167.0,18.8,54,10.7,0.0,995.4,1355.0
2026-04-21T12:00:00,7.7,3.7,164.0,18.6,58,10.0,0.0,995.2,1235.0
2026-04-21T13:00:00,8.1,3.5,162.0,19.1,54,10.4,0.0,994.8,1365.0
2026-04-21T14:00:00,8.1,3.9,162.0,19.6,52,9.9,0.0,994.1,1490.0
2026-04-21T15:00:00,8.0,5.2,163.0,19.3,53,10.6,0.0,993.7,1360.0
2026-04-21T16:00:00,8.4,7.3,165.0,18.7,54,10.6,0.0,993.9,1340.0
2026-04-21T17:00:00,9.7,11.3,176.0,17.9,58,10.0,0.0,994.2,1160.0
2026-04-21T18:00:00,11.6,19.5,191.0,16.8,63,9.5,0.0,994.6,600.0
2026-04-21T19:00:00,12.3,28.1,202.0,15.7,70,12.8,0.0,995.2,610.0
2026-04-21T20:00:00,10.3,23.2,193.0,14.5,73,9.7,0.2,996.5,500.0
2026-04-21T21:00:00,10.2,18.0,195.0,12.2,88,13.4,6.7,997.6,340.0
2026-04-21T22:00:00,10.9,16.8,191.0,12.8,82,13.6,0.2,997.9,450.0
2026-04-21T23:00:00,10.8,13.0,186.0,13.1,74,15.1,0.0,998.5,880.0
2026-04-22T00:00:00,12.2,8.8,172.0,13.2,68,12.5,0.0,999.1,775.0
2026-04-22T01:00:00,10.0,7.1,165.0,12.7,66,13.7,0.0,999.1,750.0
2026-04-22T02:00:00,8.8,6.8,157.0,12.3,67,11.9,0.0,999.8,825.0
2026-04-22T03:00:00,7.9,7.9,158.0,11.7,69,11.6,0.0,1000.4,805.0
2026-04-22T04:00:00,8.3,11.1,163.0,11.3,71,10.9,0.0,1000.5,745.0
2026-04-22T05:00:00,8.6,15.6,180.0,11.2,71,10.7,0.0,1000.8,665.0
2026-04-22T06:00:00,9.2,24.2,182.0,11.5,72,8.5,0.0,1001.6,655.0
2026-04-22T07:00:00,8.7,16.2,183.0,12.4,66,8.6,0.0,1002.1,750.0
2026-04-22T08:00:00,7.8,9.2,179.0,13.6,60,8.6,0.0,1002.5,950.0
2026-04-22T09:00:00,7.9,6.9,173.0,14.9,54,9.8,0.0,1002.7,1170.0
2026-04-22T10:00:00,8.2,4.8,170.0,16.1,49,10.2,0.0,1002.8,1590.0
2026-04-22T11:00:00,8.0,4.4,165.0,16.6,48,9.0,0.0,1002.5,1745.0
2026-04-22T12:00:00,8.3,4.4,165.0,17.2,46,7.3,0.0,1002.2,1870.0
2026-04-22T13:00:00,7.9,5.0,162.0,17.7,44,5.9,0.0,1002.2,1985.0
2026-04-22T14:00:00,9.0,6.2,163.0,18.0,42,4.8,0.0,1001.9,2040.0
2026-04-22T15:00:00,8.0,7.1,162.0,17.9,42,4.3,0.0,1001.7,2055.0
2026-04-22T16:00:00,8.9,10.6,169.0,17.9,41,3.0,0.0,1001.6,2070.0
2026-04-22T17:00:00,11.4,18.1,180.0,17.6,45,2.6,0.0,1001.8,2035.0
2026-04-22T18:00:00,13.9,26.5,210.0,16.1,54,4.8,0.0,1001.7,215.0
2026-04-22T19:00:00,15.9,35.7,224.0,14.9,60,4.4,0.0,1002.3,115.0
2026-04-22T20:00:00,16.3,40.5,227.0,14.1,63,8.0,0.0,1003.0,70.0
2026-04-22T21:00:00,15.0,30.8,216.0,13.1,70,3.4,0.0,1003.8,45.0
2026-04-22T22:00:00,15.1,23.4,213.0,12.3,74,5.1,0.0,1004.6,90.0
2026-04-22T23:00:00,17.9,24.8,210.0,11.3,78,4.9,0.0,1005.2,90.0
2026-04-23T00:00:00,21.2,22.7,229.0,10.9,76,4.1,0.0,1005.3,60.0
2026-04-23T01:00:00,22.3,20.6,225.0,11.0,76,3.7,0.0,1005.6,50.0
2026-04-23T02:00:00,20.5,17.8,227.0,10.7,77,5.3,0.0,1005.9,85.0
2026-04-23T03:00:00,25.4,18.9,237.0,10.2,79,4.0,0.0,1005.9,80.0
2026-04-23T04:00:00,28.3,24.9,242.0,9.8,79,4.2,0.0,1005.9,70.0
2026-04-23T05:00:00,22.7,33.8,252.0,9.9,79,4.0,0.0,1006.3,55.0
2026-04-23T06:00:00,22.8,44.7,299.0,11.6,73,3.8,0.0,1006.8,75.0
2026-04-23T07:00:00,23.5,44.1,286.0,13.5,65,2.3,0.0,1007.2,195.0
2026-04-23T08:00:00,23.6,32.9,263.0,15.1,55,2.7,0.0,1007.4,465.0
2026-04-23T09:00:00,22.9,22.9,216.0,16.6,47,2.3,0.0,1007.3,895.0
2026-04-23T10:00:00,22.0,13.9,190.0,18.0,43,2.6,0.0,1006.8,1215.0
2026-04-23T11:00:00,17.7,10.8,181.0,19.1,43,4.2,0.0,1005.8,1350.0
2026-04-23T12:00:00,12.7,6.3,170.0,20.0,41,4.8,0.0,1004.9,1415.0
2026-04-23T13:00:00,9.9,4.8,163.0,20.7,40,5.0,0.0,1004.2,1315.0
2026-04-23T14:00:00,10.0,4.8,163.0,21.0,40,6.0,0.0,1003.4,1170.0
2026-04-23T15:00:00,10.3,5.7,166.0,21.2,40,6.7,0.0,1002.4,1115.0
2026-04-23T16:00:00,10.7,7.9,173.0,21.0,41,7.7,0.0,1001.8,1115.0
2026-04-23T17:00:00,11.2,17.0,179.0,20.3,43,6.5,0.0,1001.7,785.0
2026-04-23T18:00:00,12.3,27.4,196.0,19.1,51,4.7,0.0,1000.9,295.0
2026-04-23T19:00:00,14.1,32.0,213.0,17.6,56,5.1,0.0,1001.0,125.0
2026-04-23T20:00:00,16.4,34.0,230.0,16.6,59,5.2,0.0,1001.1,95.0
2026-04-23T21:00:00,17.0,31.8,235.0,15.5,65,4.4,0.0,1001.4,60.0
2026-04-23T22:00:00,19.0,28.0,235.0,14.8,66,4.3,0.0,1001.1,60.0
2026-04-23T23:00:00,19.9,24.7,233.0,13.9,68,4.4,0.0,1001.0,60.0
2026-04-24T00:00:00,20.2,22.6,223.0,13.2,71,5.8,0.0,1000.8,55.0
2026-04-24T01:00:00,19.0,21.6,245.0,12.6,72,7.1,0.0,1000.5,75.0
2026-04-24T02:00:00,20.1,20.8,216.0,11.9,73,7.0,0.0,1000.5,80.0
2026-04-24T03:00:00,20.8,21.9,225.0,11.1,78,4.7,0.0,1000.4,65.0
2026-04-24T04:00:00,25.2,28.5,241.0,10.6,80,4.1,0.0,1000.4,50.0
2026-04-24T05:00:00,25.6,40.8,268.0,10.9,79,3.8,0.0,1000.6,45.0
2026-04-24T06:00:00,27.8,42.3,296.0,12.0,78,2.9,0.0,1000.9,35.0
2026-04-24T07:00:00,30.6,42.1,325.0,15.1,67,2.2,0.0,1001.1,110.0
2026-04-24T08:00:00,26.7,36.1,304.0,17.7,57,2.5,0.0,1001.3,260.0
2026-04-24T09:00:00,24.7,20.9,245.0,19.8,48,4.2,0.0,1001.3,500.0
2026-04-24T10:00:00,18.3,14.4,203.0,21.7,37,5.7,0.0,1001.1,845.0
2026-04-24T11:00:00,12.1,9.0,166.0,23.2,28,6.6,0.0,1000.6,1025.0
2026-04-24T12:00:00,9.0,5.6,154.0,24.1,24,7.4,0.0,999.8,1295.0
2026-04-24T13:00:00,7.7,4.0,149.0,25.2,22,8.9,0.0,999.2,1465.0
2026-04-24T14:00:00,6.8,4.3,147.0,25.5,23,9.5,0.0,998.4,1510.0
2026-04-24T15:00:00,6.2,5.3,148.0,25.6,25,10.1,0.0,997.7,1500.0
2026-04-24T16:00:00,6.0,6.7,149.0,25.0,27,10.7,0.0,997.2,1395.0
2026-04-24T17:00:00,8.4,11.5,171.0,23.4,33,12.1,0.0,997.3,1125.0
2026-04-24T18:00:00,8.6,18.8,170.0,21.1,37,12.9,0.0,997.1,425.0
2026-04-24T19:00:00,9.1,20.6,181.0,18.8,39,12.1,0.0,997.6,325.0
2026-04-24T20:00:00,9.4,18.4,180.0,17.2,41,11.2,0.0,998.0,275.0
2026-04-24T21:00:00,8.9,16.6,179.0,16.2,43,9.2,0.0,998.4,265.0
2026-04-24T22:00:00,9.0,15.5,167.0,15.3,48,9.0,0.0,998.7,275.0
2026-04-24T23:00:00,9.5,16.1,180.0,14.7,52,8.3,0.0,998.8,225.0
2026-04-25T00:00:00,10.1,15.8,180.0,13.9,58,8.2,0.0,998.7,190.0
2026-04-25T01:00:00,11.0,15.3,173.0,13.6,59,8.6,0.0,998.6,205.0
2026-04-25T02:00:00,11.2,13.7,176.0,13.3,59,7.8,0.0,998.5,175.0
2026-04-25T03:00:00,11.3,13.8,169.0,12.9,61,6.5,0.0,998.5,120.0
2026-04-25T04:00:00,12.1,13.3,166.0,12.5,64,4.9,0.0,998.4,95.0
2026-04-25T05:00:00,13.4,16.3,163.0,12.4,66,5.2,0.0,998.8,105.0
2026-04-25T06:00:00,12.8,17.5,162.0,13.5,66,6.0,0.0,999.6,245.0
2026-04-25T07:00:00,11.6,13.3,157.0,15.3,60,6.2,0.0,999.9,340.0
2026-04-25T08:00:00,11.1,10.3,155.0,17.4,49,5.7,0.0,1000.0,425.0
2026-04-25T09:00:00,10.1,8.2,151.0,19.7,41,5.2,0.0,999.8,565.0
2026-04-25T10:00:00,10.0,6.6,149.0,21.6,35,6.0,0.0,999.5,725.0
2026-04-25T11:00:00,10.2,4.7,146.0,23.3,28,6.0,0.0,998.8,930.0
2026-04-25T12:00:00,9.1,3.6,143.0,24.1,25,5.9,0.0,998.0,1195.0
2026-04-25T13:00:00,7.8,3.1,141.0,25.4,24,6.0,0.0,997.4,1295.0
2026-04-25T14:00:00,6.8,2.8,141.0,25.9,23,6.6,0.0,996.6,1410.0
2026-04-25T15:00:00,7.0,3.0,141.0,25.8,25,7.6,0.0,996.1,1425.0
2026-04-25T16:00:00,7.0,4.0,146.0,25.3,27,9.1,0.0,996.0,1450.0
2026-04-25T17:00:00,7.6,6.0,153.0,24.2,33,11.2,0.0,996.2,1140.0
2026-04-25T18:00:00,8.9,9.3,157.0,22.3,45,14.8,0.0,996.1,535.0
2026-04-25T19:00:00,9.9,13.2,172.0,19.2,53,12.1,0.0,996.9,310.0
2026-04-25T20:00:00,10.3,13.5,163.0,17.5,59,12.1,0.0,997.4,275.0
2026-04-25T21:00:00,9.8,12.0,156.0,16.3,65,10.5,0.0,997.8,260.0
2026-04-25T22:00:00,10.4,12.0,161.0,15.6,69,9.2,0.0,998.2,285.0
2026-04-25T23:00:00,11.7,12.4,160.0,15.0,72,9.1,0.0,998.4,285.0
2026-04-26T00:00:00,12.3,13.2,153.0,14.4,72,9.5,0.0,998.4,250.0
2026-04-26T01:00:00,13.3,11.5,156.0,13.8,76,9.7,0.0,998.6,265.0
2026-04-26T02:00:00,14.0,11.2,156.0,13.4,79,9.0,0.0,998.5,245.0
2026-04-26T03:00:00,14.0,10.9,157.0,12.9,82,7.7,0.0,998.4,205.0
2026-04-26T04:00:00,13.7,11.0,158.0,12.5,85,6.4,0.0,998.5,160.0
2026-04-26T05:00:00,13.9,12.3,157.0,12.4,86,6.4,0.0,999.0,150.0
2026-04-26T06:00:00,13.1,13.8,160.0,13.8,81,6.2,0.0,999.7,210.0
2026-04-26T07:00:00,12.0,10.6,157.0,15.7,73,5.6,0.0,1000.1,310.0
2026-04-26T08:00:00,12.4,8.0,155.0,17.8,65,5.7,0.0,1000.3,390.0
2026-04-26T09:00:00,13.5,6.5,153.0,20.1,56,5.6,0.0,1000.6,490.0
2026-04-26T10:00:00,12.5,5.0,153.0,22.4,48,4.7,0.0,1000.9,635.0
2026-04-26T11:00:00,12.0,3.8,150.0,24.3,40,4.3,0.0,1000.7,865.0
2026-04-26T12:00:00,10.3,3.2,147.0,25.2,36,5.1,0.0,1000.0,1345.0
2026-04-26T13:00:00,8.9,3.0,145.0,26.5,32,6.0,0.0,999.6,1650.0
2026-04-26T14:00:00,8.1,3.3,145.0,26.8,30,6.7,0.0,999.1,1780.0
2026-04-26T15:00:00,7.8,3.7,144.0,26.8,30,7.5,0.0,998.8,1790.0
2026-04-26T16:00:00,7.7,5.3,151.0,26.3,31,7.7,0.0,998.7,1730.0
2026-04-26T17:00:00,8.3,9.1,158.0,25.7,32,6.9,0.0,998.7,1700.0
2026-04-26T18:00:00,9.8,14.0,179.0,24.8,37,8.9,0.0,998.6,695.0
2026-04-26T19:00:00,10.6,20.3,188.0,21.9,50,12.9,0.0,999.3,320.0
2026-04-26T20:00:00,10.6,24.7,183.0,19.9,53,8.9,0.0,999.9,225.0
2026-04-26T21:00:00,11.5,20.9,187.0,18.5,56,6.7,0.0,1000.5,240.0
2026-04-26T22:00:00,11.8,16.5,184.0,17.7,58,7.3,0.0,1000.7,255.0
2026-04-26T23:00:00,12.3,16.6,181.0,17.1,60,7.6,0.0,1000.9,205.0
2026-04-27T00:00:00,12.4,19.6,177.0,16.3,66,7.8,0.0,1000.7,130.0
2026-04-27T01:00:00,13.2,16.8,177.0,15.9,66,6.9,0.0,1000.4,110.0
2026-04-27T02:00:00,13.5,14.7,175.0,15.2,68,7.0,0.0,1000.4,115.0
2026-04-27T03:00:00,14.5,14.7,175.0,14.4,71,6.7,0.0,1000.5,110.0
2026-04-27T04:00:00,14.3,19.8,178.0,13.9,73,6.0,0.0,1000.6,80.0
2026-04-27T05:00:00,16.4,29.2,199.0,13.9,74,4.2,0.0,1001.1,55.0
2026-04-27T06:00:00,21.8,39.6,222.0,14.8,71,3.3,0.0,1001.7,95.0
2026-04-27T07:00:00,29.1,34.5,229.0,17.5,59,0.4,0.0,1001.9,210.0
2026-04-27T08:00:00,30.9,25.6,219.0,19.7,49,1.1,0.0,1002.0,395.0
2026-04-27T09:00:00,28.8,17.8,192.0,21.6,44,2.4,0.0,1002.0,615.0
2026-04-27T10:00:00,26.2,11.4,178.0,23.2,41,3.6,0.0,1001.4,830.0
2026-04-27T11:00:00,24.5,7.1,171.0,24.6,38,4.2,0.0,1001.0,1365.0
2026-04-27T12:00:00,23.0,5.3,165.0,25.2,35,4.7,0.0,1000.2,1680.0
2026-04-27T13:00:00,20.0,4.4,162.0,26.3,32,4.9,0.0,999.4,1825.0
2026-04-27T14:00:00,17.0,5.0,160.0,26.8,31,6.0,0.0,998.6,1990.0
2026-04-27T15:00:00,14.9,5.7,161.0,26.8,30,7.4,0.0,997.9,1990.0
2026-04-27T16:00:00,14.2,7.6,164.0,26.4,30,8.1,0.0,997.4,1980.0
2026-04-27T17:00:00,13.6,12.0,167.0,25.9,31,7.9,0.0,997.4,2055.0
2026-04-27T18:00:00,13.4,20.4,195.0,25.3,32,7.0,0.0,997.2,380.0
2026-04-27T19:00:00,16.3,28.6,213.0,23.3,41,13.5,0.0,997.6,500.0
2026-04-27T20:00:00,17.1,26.5,224.0,20.5,46,8.8,0.0,998.1,295.0
2026-04-27T21:00:00,17.0,18.4,209.0,19.3,47,7.2,0.0,998.2,260.0
2026-04-27T22:00:00,16.6,16.6,191.0,18.5,49,6.3,0.0,998.4,255.0
2026-04-27T23:00:00,15.8,16.3,183.0,17.9,52,7.1,0.0,998.6,290.0
2026-04-28T00:00:00,15.0,14.1,172.0,17.3,56,9.8,0.0,998.6,245.0
2026-04-28T01:00:00,12.4,13.6,167.0,17.5,59,2.3,0.0,998.5,95.0
2026-04-28T02:00:00,13.2,13.5,176.0,17.4,59,4.7,0.0,998.3,55.0
2026-04-28T03:00:00,13.3,13.4,172.0,16.7,63,5.3,0.0,998.1,50.0
2026-04-28T04:00:00,13.5,22.9,184.0,16.0,68,3.1,0.0,997.9,45.0
2026-04-28T05:00:00,22.2,36.9,217.0,16.4,68,4.2,0.0,998.2,50.0
2026-04-28T06:00:00,24.6,37.9,228.0,17.9,64,4.0,0.0,998.5,225.0
2026-04-28T07:00:00,24.8,31.2,220.0,19.6,56,4.9,0.0,998.8,780.0
2026-04-28T08:00:00,21.9,24.2,205.0,20.8,49,8.0,0.0,998.8,1130.0
2026-04-28T09:00:00,20.9,17.3,184.0,21.7,47,9.0,0.0,999.0,1225.0
2026-04-28T10:00:00,19.0,12.6,173.0,22.3,45,8.3,0.0,998.9,1235.0
2026-04-28T11:00:00,18.9,9.1,171.0,23.2,41,6.2,0.0,998.3,1270.0
2026-04-28T12:00:00,16.7,8.7,163.0,22.6,39,1.3,0.0,998.1,1420.0
2026-04-28T13:00:00,15.5,9.2,161.0,24.0,35,0.7,0.0,997.8,1715.0
2026-04-28T14:00:00,14.9,11.2,162.0,24.3,34,0.5,0.0,997.1,1930.0
2026-04-28T15:00:00,12.4,13.9,166.0,24.6,34,2.4,0.0,996.8,2100.0
2026-04-28T16:00:00,14.6,17.7,172.0,23.8,37,6.0,0.0,996.6,1715.0
2026-04-28T17:00:00,15.4,22.1,194.0,23.2,39,3.6,0.0,996.5,1260.0
2026-04-28T18:00:00,14.9,28.0,209.0,22.5,42,6.9,0.0,996.7,515.0
2026-04-28T19:00:00,15.6,37.8,227.0,20.7,53,11.3,0.0,997.1,315.0
2026-04-28T20:00:00,15.4,31.5,231.0,19.4,59,10.9,0.0,997.6,215.0
2026-04-28T21:00:00,19.5,25.8,254.0,19.1,59,9.4,0.0,997.7,160.0
2026-04-28T22:00:00,20.4,21.3,249.0,18.4,62,10.2,0.0,997.9,175.0
2026-04-28T23:00:00,16.7,17.5,211.0,18.2,62,10.1,0.0,998.0,225.0
2026-04-29T00:00:00,16.9,17.0,209.0,16.1,87,7.9,0.0,998.6,260.0
2026-04-29T01:00:00,16.6,14.9,193.0,15.2,89,9.7,3.3,999.1,295.0
2026-04-29T02:00:00,18.4,11.6,173.0,14.9,91,13.8,6.2,998.7,225.0
2026-04-29T03:00:00,19.0,10.7,168.0,15.0,89,12.6,1.3,998.8,255.0
2026-04-29T04:00:00,19.5,13.3,172.0,15.0,88,9.7,0.2,998.9,330.0
2026-04-29T05:00:00,20.7,19.4,182.0,15.1,86,9.6,0.0,999.1,330.0
2026-04-29T06:00:00,19.9,24.4,195.0,15.9,84,6.7,0.0,999.3,415.0
2026-04-29T07:00:00,18.3,21.7,196.0,17.2,74,6.8,0.0,999.7,710.0
2026-04-29T08:00:00,17.1,17.4,183.0,18.4,68,6.3,0.0,1000.0,910.0
2026-04-29T09:00:00,16.3,12.3,176.0,19.6,61,7.2,0.0,999.9,1015.0
2026-04-29T10:00:00,16.3,9.3,168.0,20.7,54,7.2,0.0,999.8,1115.0
2026-04-29T11:00:00,13.6,7.2,155.0,21.2,51,5.3,0.2,999.4,1220.0
2026-04-29T12:00:00,14.4,5.8,149.0,22.0,42,4.9,0.1,999.4,1480.0
2026-04-29T13:00:00,14.3,5.3,147.0,23.4,39,3.4,0.0,999.0,1685.0
2026-04-29T14:00:00,14.3,4.6,147.0,24.0,36,4.5,0.0,998.5,1770.0
2026-04-29T15:00:00,14.0,5.3,147.0,24.1,35,7.0,0.0,997.9,1785.0
2026-04-29T16:00:00,13.3,7.1,152.0,23.5,36,9.4,0.0,997.8,1730.0
2026-04-29T17:00:00,11.6,10.2,157.0,22.8,39,11.5,0.0,997.8,1485.0
2026-04-29T18:00:00,11.7,14.2,162.0,21.4,46,14.1,0.0,998.4,720.0
2026-04-29T19:00:00,11.9,13.7,160.0,19.3,56,14.6,0.0,999.1,610.0
2026-04-29T20:00:00,9.2,8.3,155.0,18.6,56,15.7,0.0,1000.3,790.0
2026-04-29T21:00:00,7.7,6.2,149.0,17.9,53,16.2,0.0,1001.1,940.0
2026-04-29T22:00:00,6.7,5.3,145.0,16.8,55,16.2,0.0,1001.9,775.0
2026-04-29T23:00:00,6.2,4.6,144.0,15.9,59,14.4,0.2,1002.9,760.0
2026-04-30T00:00:00,5.1,4.4,144.0,14.8,71,16.0,0.1,1003.0,720.0
2026-04-30T01:00:00,4.8,3.1,146.0,13.8,77,14.8,0.3,1003.6,720.0
2026-04-30T02:00:00,5.6,2.9,149.0,13.5,78,14.1,0.2,1003.7,755.0
2026-04-30T03:00:00,9.2,3.6,151.0,13.4,74,12.8,0.0,1004.0,870.0
2026-04-30T04:00:00,10.0,6.1,156.0,13.5,62,12.6,0.0,1004.6,980.0
2026-04-30T05:00:00,11.4,11.2,169.0,13.3,54,14.6,0.0,1005.3,970.0
2026-04-30T06:00:00,11.4,13.4,175.0,13.9,49,14.1,0.0,1005.7,890.0
2026-04-30T07:00:00,12.0,13.3,173.0,14.2,45,13.5,0.0,1006.4,845.0
2026-04-30T08:00:00,11.8,10.7,169.0,14.5,43,13.7,0.0,1006.8,890.0
2026-04-30T09:00:00,11.3,8.0,166.0,15.0,40,14.2,0.0,1007.3,1030.0
2026-04-30T10:00:00,11.3,6.0,163.0,17.1,33,15.1,0.0,1007.3,1365.0
2026-04-30T11:00:00,10.8,5.3,163.0,18.3,30,14.7,0.0,1007.3,1465.0
2026-04-30T12:00:00,10.6,4.7,163.0,18.8,29,12.8,0.0,1007.1,1515.0
2026-04-30T13:00:00,10.0,4.3,160.0,19.5,31,10.3,0.0,1006.6,1645.0
2026-04-30T14:00:00,9.2,4.6,157.0,19.8,32,8.5,0.0,1005.8,1710.0
2026-04-30T15:00:00,8.6,5.5,159.0,19.9,33,8.2,0.0,1005.3,1720.0
2026-04-30T16:00:00,8.8,6.9,158.0,19.6,34,9.0,0.0,1005.1,1715.0
2026-04-30T17:00:00,9.1,11.5,167.0,18.8,35,9.8,0.0,1005.4,1545.0
2026-04-30T18:00:00,11.8,21.0,188.0,17.9,38,10.0,0.0,1005.2,575.0
2026-04-30T19:00:00,12.3,27.4,197.0,16.8,41,7.9,0.0,1006.0,280.0
2026-04-30T20:00:00,11.9,27.7,191.0,15.8,42,6.5,0.0,1006.9,245.0
2026-04-30T21:00:00,11.6,18.1,190.0,14.8,39,9.1,0.0,1007.5,350.0
2026-04-30T22:00:00,10.9,15.3,189.0,13.8,36,7.8,0.0,1008.0,325.0
2026-04-30T23:00:00,10.2,15.5,178.0,12.8,37,9.6,0.0,1008.5,220.0
2026-05-01T00:00:00,12.3,13.3,177.0,12.5,42,8.8,0.0,1008.4,160.0
2026-05-01T01:00:00,13.4,12.6,178.0,11.9,44,9.3,0.0,1008.6,185.0
2026-05-01T02:00:00,15.2,12.6,179.0,11.5,46,9.3,0.0,1008.8,195.0
2026-05-01T03:00:00,16.7,14.5,188.0,11.3,48,7.8,0.0,1009.0,175.0
2026-05-01T04:00:00,16.9,18.7,194.0,11.1,49,7.0,0.0,1009.1,160.0
2026-05-01T05:00:00,19.6,24.2,205.0,11.4,50,7.8,0.0,1009.6,235.0
2026-05-01T06:00:00,20.2,27.1,209.0,12.4,45,7.9,0.0,1010.2,400.0
2026-05-01T07:00:00,14.9,20.5,197.0,13.4,37,9.4,0.0,1010.6,525.0
2026-05-01T08:00:00,12.7,12.7,173.0,14.6,34,8.7,0.0,1011.0,670.0
2026-05-01T09:00:00,11.9,8.3,164.0,16.4,31,8.8,0.0,1011.3,975.0
2026-05-01T10:00:00,11.3,5.5,161.0,17.9,28,8.3,0.0,1011.3,1460.0
2026-05-01T11:00:00,11.0,4.4,159.0,19.0,26,7.0,0.0,1011.0,1590.0
2026-05-01T12:00:00,10.9,3.9,158.0,19.5,25,4.9,0.0,1010.0,1540.0
2026-05-01T13:00:00,10.6,3.8,156.0,20.7,24,4.6,0.0,1009.5,1490.0
2026-05-01T14:00:00,10.4,4.2,156.0,21.2,24,5.1,0.0,1008.8,1535.0
2026-05-01T15:00:00,10.3,5.2,158.0,21.3,24,6.0,0.0,1008.3,1490.0
2026-05-01T16:00:00,10.3,7.1,161.0,21.0,25,7.0,0.0,1007.8,1430.0
2026-05-01T17:00:00,11.4,12.0,171.0,20.3,27,8.7,0.0,1007.5,800.0
2026-05-01T18:00:00,12.0,19.5,194.0,19.3,29,8.9,0.0,1007.3,420.0
2026-05-01T19:00:00,14.0,28.8,196.0,18.2,32,3.1,0.0,1007.6,210.0
2026-05-01T20:00:00,15.5,37.6,204.0,17.3,36,1.9,0.0,1008.1,55.0
2026-05-01T21:00:00,18.2,38.2,211.0,16.7,35,4.6,0.0,1008.3,85.0
2026-05-01T22:00:00,20.3,33.2,219.0,15.6,38,4.1,0.0,1008.4,60.0
2026-05-01T23:00:00,21.9,29.2,233.0,14.4,42,3.1,0.0,1008.8,40.0
2026-05-02T00:00:00,20.1,27.9,220.0,13.9,47,3.6,0.0,1008.8,55.0
2026-05-02T01:00:00,21.4,22.5,217.0,13.2,50,4.2,0.0,1008.6,65.0
2026-05-02T02:00:00,24.6,21.6,223.0,12.7,52,4.5,0.0,1008.5,60.0
2026-05-02T03:00:00,27.2,19.9,230.0,11.7,56,3.7,0.0,1008.5,35.0
2026-05-02T04:00:00,26.6,21.2,233.0,10.9,61,2.2,0.0,1008.6,20.0
2026-05-02T05:00:00,29.5,21.1,233.0,11.2,61,2.1,0.0,1008.8,15.0
2026-05-02T06:00:00,25.5,23.1,228.0,13.1,51,4.4,0.0,1009.2,60.0
2026-05-02T07:00:00,23.6,16.3,215.0,16.1,42,0.7,0.0,1009.3,160.0
2026-05-02T08:00:00,22.7,14.7,207.0,18.3,34,1.0,0.0,1009.2,415.0
2026-05-02T09:00:00,13.9,10.5,179.0,20.2,28,1.8,0.0,1009.1,1035.0
2026-05-02T10:00:00,12.0,8.1,163.0,21.5,24,3.0,0.0,1008.5,1305.0
2026-05-02T11:00:00,10.9,6.2,159.0,22.7,22,3.8,0.0,1007.8,1485.0
2026-05-02T12:00:00,10.4,4.9,151.0,23.2,22,5.0,0.0,1006.6,1615.0
2026-05-02T13:00:00,9.1,3.7,146.0,24.2,21,6.1,0.0,1005.7,1635.0
2026-05-02T14:00:00,8.6,2.4,143.0,24.5,20,7.5,0.0,1004.8,1635.0
2026-05-02T15:00:00,7.8,2.6,141.0,24.6,19,7.3,0.0,1003.9,1595.0
2026-05-02T16:00:00,6.6,4.0,145.0,24.3,20,6.7,0.0,1003.3,1465.0
2026-05-02T17:00:00,6.7,6.5,147.0,23.7,21,6.2,0.0,1003.1,1325.0
2026-05-02T18:00:00,7.2,13.9,158.0,22.8,22,7.2,0.0,1002.7,465.0
2026-05-02T19:00:00,8.2,20.3,175.0,21.4,26,4.6,0.0,1003.0,140.0
2026-05-02T20:00:00,9.2,32.6,181.0,20.3,30,4.2,0.0,1003.3,90.0
2026-05-02T21:00:00,10.4,28.9,186.0,19.6,33,4.5,0.0,1003.4,80.0
2026-05-02T22:00:00,10.9,28.5,194.0,18.7,35,4.2,0.0,1003.3,65.0
2026-05-02T23:00:00,11.9,28.5,200.0,17.5,38,3.5,0.0,1003.1,45.0
2026-05-03T00:00:00,12.7,27.1,182.0,16.4,45,1.7,0.0,1003.0,20.0
2026-05-03T01:00:00,15.4,26.2,183.0,15.3,48,3.0,0.0,1002.3,50.0
2026-05-03T02:00:00,17.9,26.8,191.0,14.8,48,4.0,0.0,1002.0,80.0
2026-05-03T03:00:00,20.3,27.0,194.0,14.6,48,1.3,0.0,1001.8,65.0
2026-05-03T04:00:00,21.7,25.7,197.0,13.9,51,3.2,0.0,1001.6,65.0
2026-05-03T05:00:00,21.6,22.4,192.0,13.9,51,3.4,0.0,1001.7,65.0
2026-05-03T06:00:00,21.2,21.1,204.0,15.1,48,2.9,0.0,1002.0,70.0
2026-05-03T07:00:00,17.6,14.1,182.0,17.0,42,3.3,0.0,1002.3,160.0
2026-05-03T08:00:00,10.4,11.2,160.0,19.5,34,4.3,0.0,1002.3,320.0
2026-05-03T09:00:00,7.1,6.4,150.0,21.9,27,5.2,0.0,1002.2,810.0
2026-05-03T10:00:00,6.1,4.2,143.0,23.4,24,6.1,0.0,1002.1,1345.0
2026-05-03T11:00:00,5.7,3.8,138.0,24.1,21,6.6,0.0,1001.7,1565.0
2026-05-03T12:00:00,5.5,3.2,135.0,23.6,23,8.8,0.0,1001.3,1355.0
2026-05-03T13:00:00,4.8,2.5,135.0,23.8,24,10.2,0.0,1001.2,1505.0
2026-05-03T14:00:00,4.9,2.3,135.0,24.4,25,7.5,0.0,1000.5,1515.0
2026-05-03T15:00:00,4.6,3.3,133.0,24.2,25,4.0,0.0,999.8,1585.0
2026-05-03T16:00:00,4.4,4.0,133.0,24.5,23,4.1,0.0,999.3,1790.0
2026-05-03T17:00:00,4.3,6.0,135.0,24.0,21,7.1,0.0,998.9,1740.0
2026-05-03T18:00:00,5.1,8.6,142.0,22.3,24,11.8,0.0,999.0,420.0
2026-05-03T19:00:00,5.2,9.8,146.0,21.0,28,11.8,0.0,999.1,355.0
2026-05-03T20:00:00,6.2,9.1,145.0,19.9,33,12.6,0.0,999.7,365.0
2026-05-03T21:00:00,7.1,8.0,146.0,18.7,36,12.2,0.0,1000.0,355.0
2026-05-03T22:00:00,6.8,8.3,146.0,17.7,38,10.1,0.0,1000.2,340.0
2026-05-03T23:00:00,6.4,10.4,144.0,16.6,41,8.9,0.0,1000.3,270.0
2026-05-04T00:00:00,6.9,9.8,142.0,17.2,42,8.7,0.0,1000.2,305.0
2026-05-04T01:00:00,7.3,9.5,141.0,17.1,42,8.6,0.0,999.8,280.0
2026-05-04T02:00:00,7.2,9.3,143.0,16.6,44,8.6,0.0,999.6,270.0
2026-05-04T03:00:00,7.1,10.0,141.0,15.7,48,7.4,0.0,999.5,240.0
2026-05-04T04:00:00,8.0,12.8,148.0,15.2,51,6.6,0.0,999.4,185.0
2026-05-04T05:00:00,8.5,18.1,149.0,15.4,51,8.0,0.0,999.6,280.0
2026-05-04T06:00:00,10.9,25.8,156.0,16.5,49,8.0,0.0,1000.1,340.0
2026-05-04T07:00:00,9.6,23.3,160.0,17.1,46,9.1,0.0,1000.5,425.0
2026-05-04T08:00:00,8.7,18.9,151.0,17.1,47,7.2,0.0,1001.0,440.0
2026-05-04T09:00:00,7.7,14.2,143.0,17.8,45,7.1,0.0,1001.2,500.0
2026-05-04T10:00:00,7.2,10.2,139.0,18.8,41,6.1,0.0,1001.3,565.0
2026-05-04T11:00:00,6.7,7.9,136.0,20.0,36,6.1,0.0,1000.8,700.0
2026-05-04T12:00:00,7.0,6.2,136.0,20.6,31,8.4,0.0,1000.4,725.0
2026-05-04T13:00:00,7.4,5.2,134.0,20.8,30,7.3,0.0,1000.0,830.0
2026-05-04T14:00:00,7.8,5.6,136.0,21.8,28,5.1,0.0,999.6,1280.0
2026-05-04T15:00:00,7.3,6.7,143.0,22.8,26,3.2,0.0,999.0,1795.0
2026-05-04T16:00:00,7.3,8.7,154.0,22.6,29,4.6,0.0,998.4,1875.0
2026-05-04T17:00:00,7.7,10.8,156.0,21.3,36,8.9,0.0,998.2,505.0
2026-05-04T18:00:00,7.8,14.0,149.0,20.5,39,9.8,0.0,998.3,410.0
2026-05-04T19:00:00,7.0,15.4,148.0,19.5,44,8.2,0.0,998.5,765.0
2026-05-04T20:00:00,7.8,12.5,148.0,18.5,50,13.0,0.0,999.2,645.0
2026-05-04T21:00:00,8.7,12.0,150.0,17.8,55,10.6,0.0,999.1,410.0
2026-05-04T22:00:00,9.4,12.5,148.0,16.9,58,7.9,0.0,999.0,255.0
2026-05-04T23:00:00,9.4,10.0,140.0,16.5,59,6.1,0.0,998.4,145.0
2026-05-05T00:00:00,8.9,8.5,150.0,16.0,59,9.6,0.0,997.7,340.0
2026-05-05T01:00:00,10.5,8.8,154.0,15.5,63,8.5,0.0,997.0,315.0
2026-05-05T02:00:00,9.9,9.4,153.0,15.2,64,8.4,0.0,996.2,265.0
2026-05-05T03:00:00,9.3,9.7,149.0,15.2,63,9.0,0.0,995.6,245.0
2026-05-05T04:00:00,8.3,10.8,150.0,14.8,68,5.8,0.1,995.2,170.0
2026-05-05T05:00:00,8.2,15.4,155.0,14.8,69,6.9,0.0,994.7,210.0
2026-05-05T06:00:00,10.4,27.1,175.0,13.8,86,10.7,0.6,995.7,245.0
2026-05-05T07:00:00,11.8,31.7,190.0,13.5,91,6.5,1.5,996.0,265.0
2026-05-05T08:00:00,11.9,29.5,179.0,13.7,92,6.7,1.0,995.7,235.0
2026-05-05T09:00:00,10.9,22.2,169.0,14.7,86,6.5,0.2,995.8,350.0
2026-05-05T10:00:00,8.8,16.9,164.0,15.2,77,8.5,0.1,996.0,550.0
2026-05-05T11:00:00,10.7,13.6,160.0,15.6,75,5.5,0.0,996.1,540.0
2026-05-05T12:00:00,11.6,11.4,162.0,14.8,84,9.7,0.4,996.1,625.0
2026-05-05T13:00:00,12.2,9.3,161.0,16.6,73,10.9,0.0,995.8,855.0
2026-05-05T14:00:00,11.6,10.4,162.0,16.7,70,9.5,0.0,995.4,895.0
2026-05-05T15:00:00,11.7,11.7,163.0,16.9,69,8.0,0.0,995.1,840.0
2026-05-05T16:00:00,11.8,14.5,159.0,17.1,68,6.8,0.0,994.8,805.0
2026-05-05T17:00:00,12.2,17.6,164.0,16.6,71,6.4,0.0,994.4,590.0
2026-05-05T18:00:00,13.5,25.6,180.0,15.8,77,6.9,0.0,994.8,435.0
2026-05-05T19:00:00,13.9,43.1,193.0,14.6,84,5.8,0.2,995.1,245.0
2026-05-05T20:00:00,14.9,53.4,214.0,14.3,85,5.6,0.1,995.6,190.0
2026-05-05T21:00:00,13.7,31.9,212.0,14.0,88,5.8,0.0,995.6,190.0
2026-05-05T22:00:00,14.0,26.9,199.0,13.4,91,5.4,0.0,995.3,130.0
2026-05-05T23:00:00,12.5,23.1,200.0,12.8,94,5.7,0.3,995.2,135.0
2026-05-06T00:00:00,12.1,19.3,194.0,12.9,95,9.5,0.6,994.2,190.0
2026-05-06T01:00:00,11.4,14.3,175.0,12.7,94,8.3,2.9,993.7,260.0
2026-05-06T02:00:00,11.6,11.2,156.0,12.8,93,8.1,11.0,993.4,235.0
2026-05-06T03:00:00,11.0,11.5,151.0,13.0,94,11.5,0.5,992.8,360.0
2026-05-06T04:00:00,10.8,13.6,152.0,13.0,94,12.2,0.2,992.1,420.0
2026-05-06T05:00:00,10.7,18.6,156.0,12.9,92,12.8,6.9,991.4,510.0
2026-05-06T06:00:00,8.6,21.0,163.0,13.9,93,15.0,7.1,991.6,615.0
2026-05-06T07:00:00,7.4,21.8,166.0,14.1,88,17.7,0.9,991.2,575.0
2026-05-06T08:00:00,7.0,18.0,159.0,14.3,86,18.4,1.2,991.2,605.0
2026-05-06T09:00:00,5.0,16.4,154.0,15.0,88,18.3,0.7,991.0,655.0
2026-05-06T10:00:00,5.0,11.6,150.0,16.2,83,18.8,0.2,991.1,780.0
2026-05-06T11:00:00,6.2,8.9,145.0,17.1,78,12.2,0.3,990.8,915.0
2026-05-06T12:00:00,4.9,6.1,137.0,17.9,73,17.7,0.3,991.0,945.0
2026-05-06T13:00:00,5.2,5.1,132.0,18.2,71,13.8,0.2,990.6,930.0
2026-05-06T14:00:00,4.9,4.7,131.0,18.8,69,5.1,0.2,990.3,1305.0
2026-05-06T15:00:00,4.7,6.5,134.0,16.2,76,10.5,12.5,991.0,370.0
2026-05-06T16:00:00,5.8,13.1,146.0,14.3,92,7.9,5.4,991.2,195.0
2026-05-06T17:00:00,5.3,20.3,165.0,16.0,86,6.2,0.0,990.7,180.0
2026-05-06T18:00:00,6.9,26.5,185.0,14.9,85,5.9,0.0,991.9,75.0
2026-05-06T19:00:00,7.3,37.0,186.0,14.0,88,13.1,0.1,991.5,370.0
2026-05-06T20:00:00,10.2,34.6,192.0,13.3,89,11.5,0.0,993.1,285.0
2026-05-06T21:00:00,12.1,32.1,196.0,12.9,87,8.4,0.1,993.2,260.0
2026-05-06T22:00:00,13.6,30.5,202.0,12.5,86,6.5,0.1,993.5,190.0
2026-05-06T23:00:00,12.7,28.4,194.0,12.5,87,5.1,0.0,993.9,90.0
2026-05-07T00:00:00,12.4,19.7,192.0,12.3,90,11.2,0.0,994.5,245.0
2026-05-07T01:00:00,11.2,17.1,190.0,12.2,89,13.9,2.7,994.3,245.0
2026-05-07T02:00:00,11.0,13.0,180.0,12.2,83,10.8,0.0,994.2,200.0
2026-05-07T03:00:00,9.1,13.1,168.0,12.2,80,5.8,0.0,994.2,155.0
2026-05-07T04:00:00,8.6,16.9,167.0,10.8,85,3.1,0.0,994.3,40.0
2026-05-07T05:00:00,8.4,22.6,172.0,11.7,87,7.5,0.0,994.6,85.0
2026-05-07T06:00:00,10.5,30.2,180.0,12.6,91,6.4,0.0,995.6,100.0
2026-05-07T07:00:00,10.8,29.9,182.0,14.3,81,6.3,0.0,996.0,290.0
2026-05-07T08:00:00,11.2,22.0,168.0,15.7,73,6.1,0.0,996.4,490.0
2026-05-07T09:00:00,11.4,12.9,160.0,17.0,65,5.8,0.1,996.5,785.0
2026-05-07T10:00:00,10.5,9.1,156.0,18.0,61,3.6,0.2,996.4,870.0
2026-05-07T11:00:00,10.1,6.6,152.0,18.8,59,2.3,0.1,996.0,985.0
2026-05-07T12:00:00,9.5,4.7,148.0,19.2,57,3.6,0.1,996.0,1190.0
2026-05-07T13:00:00,8.6,4.4,146.0,20.1,54,3.0,0.0,995.7,1215.0
2026-05-07T14:00:00,8.5,4.9,145.0,20.3,51,3.1,0.0,995.2,1250.0
2026-05-07T15:00:00,9.0,6.1,147.0,20.5,50,2.4,0.0,995.0,1325.0
2026-05-07T16:00:00,8.6,9.0,152.0,20.4,50,2.1,0.0,994.9,1350.0
2026-05-07T17:00:00,8.5,16.9,159.0,20.0,53,2.6,0.0,994.7,1355.0
2026-05-07T18:00:00,10.6,34.8,185.0,18.7,68,3.9,0.0,994.9,125.0
2026-05-07T19:00:00,12.6,42.4,201.0,17.3,71,3.3,0.0,995.5,45.0
2026-05-07T20:00:00,15.2,41.0,202.0,16.9,70,9.8,0.0,996.2,210.0
2026-05-07T21:00:00,18.6,45.1,207.0,15.6,75,8.9,0.0,996.7,195.0
2026-05-07T22:00:00,20.3,35.3,204.0,14.7,80,5.6,0.0,997.0,120.0
2026-05-07T23:00:00,20.2,34.2,215.0,14.2,82,7.0,0.0,997.1,105.0
2026-05-08T00:00:00,33.3,42.4,257.0,13.6,88,1.7,0.0,997.0,15.0
2026-05-08T01:00:00,35.0,36.8,258.0,13.1,90,2.8,0.0,996.7,20.0
2026-05-08T02:00:00,36.8,28.0,238.0,12.9,91,6.2,0.0,997.1,110.0
2026-05-08T03:00:00,29.3,23.7,236.0,12.7,91,6.2,0.0,996.9,70.0
2026-05-08T04:00:00,27.3,21.8,233.0,12.3,91,5.9,0.0,997.1,115.0
2026-05-08T05:00:00,24.6,26.9,216.0,12.6,90,7.1,0.0,997.5,140.0
2026-05-08T06:00:00,21.3,40.7,253.0,14.0,85,2.5,0.0,998.2,135.0
2026-05-08T07:00:00,21.4,30.0,210.0,15.6,80,2.0,0.0,998.8,435.0
2026-05-08T08:00:00,21.2,21.0,188.0,16.9,74,7.6,0.0,999.0,735.0
2026-05-08T09:00:00,17.4,14.6,160.0,17.6,75,7.7,0.0,999.2,810.0
2026-05-08T10:00:00,15.5,10.3,147.0,18.4,73,7.2,0.1,999.3,925.0
2026-05-08T11:00:00,14.6,8.4,144.0,19.3,70,4.8,0.1,998.9,1010.0
2026-05-08T12:00:00,13.8,8.1,142.0,19.6,69,4.9,0.1,998.6,1150.0
2026-05-08T13:00:00,13.0,7.5,139.0,20.3,64,3.6,0.1,998.1,1255.0
2026-05-08T14:00:00,12.2,7.8,139.0,20.7,62,3.6,0.0,997.8,1355.0
2026-05-08T15:00:00,12.2,9.9,142.0,20.9,60,2.1,0.0,997.4,1480.0
2026-05-08T16:00:00,12.4,14.4,152.0,20.2,61,4.6,0.1,997.2,880.0
2026-05-08T17:00:00,13.7,19.4,163.0,19.5,65,5.2,0.1,997.4,490.0
2026-05-08T18:00:00,17.3,36.4,184.0,19.6,71,1.9,0.0,997.4,70.0
2026-05-08T19:00:00,19.1,61.5,222.0,17.8,73,3.1,0.0,998.0,35.0
2026-05-08T20:00:00,21.3,53.1,218.0,17.0,74,7.5,0.0,998.9,45.0
2026-05-08T21:00:00,23.0,51.1,232.0,15.8,79,8.2,0.0,999.0,70.0
2026-05-08T22:00:00,24.3,47.3,232.0,15.1,83,5.7,0.0,999.3,60.0
2026-05-08T23:00:00,26.0,40.5,232.0,14.2,87,4.0,0.0,999.3,40.0
2026-05-09T00:00:00,29.9,37.7,224.0,14.6,83,5.9,0.0,999.2,55.0
2026-05-09T01:00:00,31.3,36.4,220.0,14.2,83,7.3,0.0,999.4,55.0
2026-05-09T02:00:00,33.7,31.1,225.0,13.4,85,4.8,0.0,999.3,45.0
2026-05-09T03:00:00,34.7,23.8,230.0,12.6,87,1.7,0.0,999.1,15.0
2026-05-09T04:00:00,35.6,22.1,222.0,11.8,91,1.5,0.0,999.3,15.0
2026-05-09T05:00:00,33.7,22.7,220.0,12.6,89,6.0,0.0,999.7,45.0
2026-05-09T06:00:00,30.7,20.7,216.0,14.3,85,5.9,0.0,1000.1,75.0
2026-05-09T07:00:00,30.9,15.4,215.0,16.5,77,4.2,0.0,1000.3,125.0
2026-05-09T08:00:00,27.0,15.9,193.0,18.7,67,3.2,0.0,1000.6,270.0
2026-05-09T09:00:00,26.5,13.8,180.0,20.4,55,3.6,0.0,1000.3,940.0
2026-05-09T10:00:00,23.6,10.5,165.0,21.3,50,2.8,0.0,1000.1,1195.0
2026-05-09T11:00:00,20.7,8.0,156.0,22.0,48,1.8,0.0,999.7,1240.0
2026-05-09T12:00:00,18.2,5.8,152.0,22.5,45,2.3,0.0,998.9,1395.0
2026-05-09T13:00:00,15.5,4.5,146.0,23.4,42,1.4,0.0,998.5,1565.0
2026-05-09T14:00:00,13.7,4.7,147.0,23.7,41,1.2,0.0,997.7,1625.0
2026-05-09T15:00:00,12.2,5.5,148.0,23.7,41,2.2,0.0,997.2,1660.0
2026-05-09T16:00:00,11.5,7.5,150.0,23.5,41,2.3,0.0,997.2,1785.0
2026-05-09T17:00:00,11.1,11.7,151.0,22.9,45,2.7,0.0,996.8,175.0
2026-05-09T18:00:00,13.7,34.6,177.0,21.5,57,6.4,0.0,996.4,125.0
2026-05-09T19:00:00,17.0,46.6,205.0,19.7,63,5.5,0.0,996.5,105.0
2026-05-09T20:00:00,16.6,46.1,213.0,19.1,63,5.1,0.0,997.0,85.0
2026-05-09T21:00:00,16.1,38.4,206.0,18.3,69,3.6,0.0,997.1,80.0
2026-05-09T22:00:00,17.0,31.1,195.0,17.9,68,1.1,0.0,997.4,30.0
2026-05-09T23:00:00,19.3,32.5,193.0,17.0,73,5.0,0.0,997.5,45.0
2026-05-10T00:00:00,23.6,27.3,199.0,17.4,75,4.8,0.0,997.3,55.0
2026-05-10T01:00:00,25.0,23.1,190.0,17.4,78,1.2,0.1,997.2,60.0
2026-05-10T02:00:00,22.8,20.3,186.0,16.3,78,7.2,0.8,997.2,255.0
2026-05-10T03:00:00,16.0,11.2,163.0,16.0,78,8.9,0.1,996.5,220.0
2026-05-10T04:00:00,12.4,7.6,144.0,15.5,82,3.8,0.0,996.6,215.0
2026-05-10T05:00:00,11.1,7.8,145.0,15.3,84,5.4,0.1,996.7,130.0
2026-05-10T06:00:00,10.8,8.7,145.0,16.1,81,1.3,0.1,996.9,35.0
2026-05-10T07:00:00,11.4,12.0,147.0,16.3,80,5.4,0.3,997.2,620.0
2026-05-10T08:00:00,11.1,9.8,146.0,15.9,81,6.1,0.7,997.2,555.0
2026-05-10T09:00:00,11.3,9.5,141.0,16.1,83,3.6,0.9,997.2,665.0
2026-05-10T10:00:00,12.1,8.7,139.0,16.6,82,8.4,1.3,997.2,675.0
2026-05-10T11:00:00,12.5,8.1,135.0,16.5,77,9.9,0.6,996.7,655.0
2026-05-10T12:00:00,13.1,8.7,135.0,16.8,77,9.0,0.0,996.8,655.0
2026-05-10T13:00:00,12.7,7.9,137.0,17.9,69,7.7,0.1,996.2,755.0
2026-05-10T14:00:00,11.5,8.1,141.0,18.1,69,7.0,0.2,995.6,770.0
2026-05-10T15:00:00,11.6,10.0,141.0,18.0,70,4.5,0.0,995.2,765.0
2026-05-10T16:00:00,11.5,11.6,145.0,17.5,72,1.5,0.0,994.7,450.0
2026-05-10T17:00:00,13.7,15.3,155.0,17.6,72,2.1,0.0,994.1,530.0
2026-05-10T18:00:00,16.5,19.0,160.0,16.8,76,2.3,0.0,994.6,465.0
2026-05-10T19:00:00,19.1,28.2,182.0,16.2,83,1.2,0.0,994.4,65.0
2026-05-10T20:00:00,22.7,35.3,190.0,15.9,88,3.2,0.0,994.9,70.0
2026-05-10T21:00:00,23.8,38.6,200.0,15.7,89,2.5,0.0,994.6,70.0
2026-05-10T22:00:00,26.2,38.2,213.0,15.6,89,2.4,0.2,994.2,95.0
2026-05-10T23:00:00,27.2,34.5,219.0,15.1,91,1.8,1.7,993.8,55.0
2026-05-11T00:00:00,22.3,24.0,187.0,14.2,94,3.8,1.4,993.5,45.0
2026-05-11T01:00:00,13.7,18.4,164.0,13.9,96,3.2,1.7,992.4,45.0
2026-05-11T02:00:00,13.7,8.8,147.0,13.9,95,1.5,1.0,992.1,30.0
2026-05-11T03:00:00,9.8,9.6,137.0,13.8,96,3.9,0.1,991.5,90.0
2026-05-11T04:00:00,8.3,9.5,135.0,13.6,96,5.6,0.0,991.1,155.0
2026-05-11T05:00:00,10.6,14.9,143.0,13.7,96,5.8,0.1,991.0,185.0
2026-05-11T06:00:00,11.8,21.4,146.0,14.0,95,8.4,0.2,990.9,265.0
2026-05-11T07:00:00,13.4,20.8,156.0,14.7,91,8.5,0.8,990.5,235.0
2026-05-11T08:00:00,13.1,17.5,149.0,15.9,88,7.6,0.1,990.3,500.0
2026-05-11T09:00:00,10.2,15.5,140.0,17.0,79,5.6,0.2,989.7,685.0
2026-05-11T10:00:00,8.9,12.8,137.0,16.9,77,6.4,0.6,989.2,395.0
2026-05-11T11:00:00,7.7,9.8,138.0,15.3,87,8.7,2.0,989.4,325.0
2026-05-11T12:00:00,6.1,9.9,136.0,15.5,80,11.1,0.2,989.1,530.0
2026-05-11T13:00:00,6.9,8.3,139.0,15.9,80,1.1,0.1,988.2,270.0
2026-05-11T14:00:00,6.8,7.9,140.0,18.1,73,6.6,0.0,987.5,620.0
2026-05-11T15:00:00,8.0,9.1,137.0,18.3,72,8.5,0.0,986.8,575.0
2026-05-11T16:00:00,8.8,11.6,145.0,18.5,71,3.6,0.0,986.5,465.0
2026-05-11T17:00:00,9.0,16.8,152.0,18.2,72,0.8,0.0,986.5,455.0
2026-05-11T18:00:00,10.2,21.2,165.0,16.0,85,2.2,0.0,986.1,65.0
2026-05-11T19:00:00,10.4,26.1,178.0,15.3,90,3.8,0.0,985.9,65.0
2026-05-11T20:00:00,12.7,31.1,199.0,15.4,89,1.3,0.0,986.2,55.0
2026-05-11T21:00:00,14.7,31.6,201.0,15.1,90,2.3,0.0,986.4,50.0
2026-05-11T22:00:00,15.3,28.2,195.0,14.4,92,2.4,0.0,986.5,35.0
2026-05-11T23:00:00,18.2,22.1,195.0,13.9,93,2.7,0.1,986.2,40.0
2026-05-12T00:00:00,21.4,20.5,198.0,12.6,93,5.4,0.0,985.7,45.0
2026-05-12T01:00:00,21.5,20.5,206.0,12.3,96,6.2,0.0,985.8,70.0
2026-05-12T02:00:00,18.6,18.8,213.0,12.1,96,7.0,0.0,985.5,90.0
2026-05-12T03:00:00,14.1,15.3,199.0,11.7,96,9.2,0.0,985.4,105.0
2026-05-12T04:00:00,9.8,13.3,174.0,11.3,95,7.9,0.0,985.7,120.0
2026-05-12T05:00:00,6.7,15.3,155.0,12.4,84,11.7,0.0,985.9,220.0
2026-05-12T06:00:00,4.1,14.2,140.0,14.8,88,10.8,0.0,986.2,490.0
2026-05-12T07:00:00,2.9,9.5,141.0,17.6,37,18.0,0.0,986.5,1060.0
2026-05-12T08:00:00,2.4,6.1,135.0,18.6,30,22.9,0.0,987.4,1250.0
2026-05-12T09:00:00,2.0,4.0,132.0,18.8,29,23.2,0.0,988.5,1785.0
2026-05-12T10:00:00,2.0,3.1,132.0,19.1,25,20.8,0.0,989.5,1925.0
2026-05-12T11:00:00,2.2,2.8,129.0,19.0,26,20.9,0.0,989.9,1665.0
2026-05-12T12:00:00,2.3,2.6,124.0,20.7,25,16.8,0.0,989.2,2085.0
2026-05-12T13:00:00,2.5,2.6,124.0,19.5,24,18.4,0.0,989.6,1515.0
2026-05-12T14:00:00,2.7,3.1,123.0,19.4,23,18.6,0.0,989.7,1260.0
2026-05-12T15:00:00,2.7,4.0,125.0,19.3,23,16.8,0.0,989.8,1065.0
2026-05-12T16:00:00,2.7,5.6,127.0,19.2,25,12.3,0.0,990.1,950.0
2026-05-12T17:00:00,3.7,11.8,137.0,18.3,32,9.0,0.0,990.0,555.0
2026-05-12T18:00:00,4.0,17.0,152.0,17.3,35,10.5,0.0,989.8,280.0
2026-05-12T19:00:00,6.0,24.9,166.0,15.5,44,9.1,0.0,990.2,150.0
2026-05-12T20:00:00,7.5,26.5,176.0,14.4,49,9.7,0.0,990.8,165.0
2026-05-12T21:00:00,9.1,24.9,176.0,13.9,55,13.7,0.0,991.8,570.0
2026-05-12T22:00:00,8.9,23.7,166.0,13.3,69,10.8,0.0,992.5,585.0
2026-05-12T23:00:00,6.5,14.5,154.0,12.9,70,11.4,0.0,992.6,565.0
2026-05-13T00:00:00,7.6,11.9,150.0,12.8,67,12.0,0.0,992.1,455.0
2026-05-13T01:00:00,7.8,7.9,151.0,12.4,71,11.8,0.0,991.7,510.0
2026-05-13T02:00:00,6.9,6.5,146.0,12.3,72,10.5,0.0,991.6,575.0
2026-05-13T03:00:00,6.2,6.6,145.0,12.1,72,10.7,0.0,991.6,600.0
2026-05-13T04:00:00,6.3,10.0,150.0,12.0,74,8.8,0.0,991.6,605.0
2026-05-13T05:00:00,8.1,15.2,149.0,12.2,70,8.9,0.0,992.1,635.0
2026-05-13T06:00:00,8.6,20.6,156.0,13.4,60,9.1,0.0,992.2,825.0
2026-05-13T07:00:00,7.1,17.3,153.0,14.3,51,12.7,0.0,992.3,1065.0
2026-05-13T08:00:00,6.6,11.8,147.0,15.1,50,13.2,0.0,992.3,1075.0
2026-05-13T09:00:00,6.1,8.0,138.0,16.1,49,12.1,0.0,992.3,1155.0
2026-05-13T10:00:00,5.9,5.3,135.0,16.9,48,10.3,0.0,992.2,1270.0
2026-05-13T11:00:00,5.8,4.6,135.0,17.7,47,8.6,0.0,991.7,1505.0
2026-05-13T12:00:00,5.8,4.2,135.0,18.8,38,5.3,0.0,991.0,2050.0
2026-05-13T13:00:00,6.3,3.8,133.0,19.2,37,4.9,0.0,990.2,2040.0
2026-05-13T14:00:00,6.8,4.1,133.0,19.9,37,3.1,0.0,989.3,2225.0
2026-05-13T15:00:00,7.2,5.3,136.0,19.6,38,4.0,0.0,988.7,2200.0
2026-05-13T16:00:00,7.4,9.0,142.0,19.4,38,6.4,0.0,988.4,1650.0
2026-05-13T17:00:00,8.4,12.7,148.0,18.8,42,6.5,0.0,988.2,1015.0
2026-05-13T18:00:00,8.9,18.7,157.0,18.0,49,6.8,0.0,987.9,270.0
2026-05-13T19:00:00,11.2,34.2,176.0,16.4,60,3.6,0.0,987.6,55.0
2026-05-13T20:00:00,14.5,44.4,201.0,15.9,63,0.4,0.0,987.9,10.0
2026-05-13T21:00:00,19.2,46.0,212.0,15.0,66,2.2,0.0,987.8,30.0
2026-05-13T22:00:00,18.6,38.9,214.0,14.3,73,1.5,0.0,987.6,40.0
2026-05-13T23:00:00,17.9,30.7,214.0,13.0,81,3.4,0.6,987.6,40.0
2026-05-14T00:00:00,21.6,29.4,202.0,13.2,82,6.0,0.6,987.0,60.0
2026-05-14T01:00:00,17.3,26.9,205.0,12.2,87,2.7,0.4,986.5,35.0
2026-05-14T02:00:00,17.0,20.0,184.0,11.5,91,5.9,0.6,985.8,70.0
2026-05-14T03:00:00,18.1,17.6,180.0,11.1,94,6.9,0.4,985.5,105.0
2026-05-14T04:00:00,18.0,16.1,177.0,10.9,93,10.8,1.1,985.5,250.0
2026-05-14T05:00:00,14.1,21.6,178.0,11.3,94,10.8,1.4,985.2,290.0
2026-05-14T06:00:00,12.5,23.9,182.0,13.5,85,8.8,1.4,984.8,340.0
2026-05-14T07:00:00,10.3,20.2,173.0,12.6,87,11.0,2.0,985.4,410.0
2026-05-14T08:00:00,9.7,15.9,162.0,13.3,88,9.3,2.1,985.0,325.0
2026-05-14T09:00:00,9.9,13.1,156.0,14.2,79,12.9,0.4,984.3,415.0
2026-05-14T10:00:00,10.6,9.7,150.0,15.9,69,11.3,0.0,983.8,670.0
2026-05-14T11:00:00,11.1,7.5,145.0,16.8,66,9.5,0.1,983.0,950.0
2026-05-14T12:00:00,9.9,7.2,142.0,15.5,71,9.7,0.2,981.6,765.0
2026-05-14T13:00:00,9.6,7.3,141.0,15.1,76,9.3,2.0,981.4,500.0
2026-05-14T14:00:00,7.8,7.7,150.0,14.9,77,11.4,1.1,980.8,570.0
2026-05-14T15:00:00,6.8,11.2,151.0,15.2,72,11.5,0.4,980.1,565.0
2026-05-14T16:00:00,8.8,15.6,160.0,15.5,70,9.1,0.0,979.8,720.0
2026-05-14T17:00:00,9.1,23.4,170.0,12.7,83,3.2,1.8,980.2,245.0
2026-05-14T18:00:00,9.4,26.5,179.0,12.3,94,9.0,0.9,979.6,325.0
2026-05-14T19:00:00,11.0,34.9,202.0,12.0,90,10.4,0.9,979.9,405.0
2026-05-14T20:00:00,13.1,41.9,225.0,11.8,92,7.7,1.6,980.7,390.0
2026-05-14T21:00:00,15.5,49.2,236.0,11.0,95,8.6,0.3,980.8,270.0
2026-05-14T22:00:00,19.9,48.6,238.0,10.5,95,1.0,0.0,981.7,30.0
2026-05-14T23:00:00,23.6,43.5,237.0,10.2,96,1.1,0.0,981.6,40.0
2026-05-15T00:00:00,30.6,37.1,216.0,9.9,94,8.4,0.0,981.9,185.0
2026-05-15T01:00:00,28.7,29.8,209.0,9.5,95,4.4,0.0,981.1,170.0
2026-05-15T02:00:00,24.5,21.7,209.0,9.3,96,3.3,0.0,981.0,115.0
2026-05-15T03:00:00,26.1,21.6,198.0,9.3,96,4.1,0.0,981.1,130.0
2026-05-15T04:00:00,26.5,22.7,201.0,9.4,95,7.0,0.0,981.0,175.0
2026-05-15T05:00:00,20.1,29.2,198.0,9.8,94,8.4,0.0,981.2,265.0
2026-05-15T06:00:00,20.4,32.2,211.0,10.9,88,6.3,0.1,981.9,395.0
2026-05-15T07:00:00,20.3,31.8,218.0,10.6,90,6.4,0.8,982.0,330.0
2026-05-15T08:00:00,17.2,27.1,205.0,10.6,92,6.8,0.8,982.3,340.0
2026-05-15T09:00:00,12.3,21.3,176.0,10.6,86,7.0,1.1,982.6,335.0
2026-05-15T10:00:00,8.5,17.2,163.0,10.2,89,9.4,1.1,983.0,345.0
2026-05-15T11:00:00,7.1,13.8,159.0,10.9,91,7.8,1.2,983.4,465.0
2026-05-15T12:00:00,5.5,10.9,155.0,12.7,71,7.6,0.5,982.8,725.0
2026-05-15T13:00:00,4.4,8.5,144.0,12.8,75,10.0,1.3,982.9,820.0
2026-05-15T14:00:00,4.4,6.7,149.0,12.1,76,9.9,1.9,983.3,520.0
2026-05-15T15:00:00,4.4,9.0,155.0,12.7,74,6.6,0.7,983.1,445.0
2026-05-15T16:00:00,4.7,12.6,154.0,13.1,70,4.6,0.2,983.2,530.0
2026-05-15T17:00:00,6.3,16.8,162.0,13.3,66,1.1,0.1,982.9,675.0
2026-05-15T18:00:00,6.1,21.3,158.0,12.7,69,2.4,0.0,983.5,550.0
2026-05-15T19:00:00,6.6,31.3,197.0,11.3,83,5.4,0.0,983.6,215.0
2026-05-15T20:00:00,7.3,38.5,191.0,10.6,89,4.0,0.0,984.3,170.0
2026-05-15T21:00:00,8.2,31.1,186.0,10.3,91,4.0,0.0,984.3,90.0
2026-05-15T22:00:00,8.4,30.8,200.0,10.3,92,0.7,0.0,984.3,30.0
2026-05-15T23:00:00,10.0,31.5,211.0,10.0,94,4.2,0.0,984.2,90.0
2026-05-16T00:00:00,9.6,29.7,211.0,10.2,95,1.8,0.0,983.7,90.0
2026-05-16T01:00:00,9.6,27.5,200.0,9.7,96,1.3,0.6,983.8,40.0
2026-05-16T02:00:00,10.9,21.5,179.0,9.8,94,0.4,0.3,983.5,35.0
2026-05-16T03:00:00,11.8,19.5,178.0,9.3,95,0.6,0.0,983.4,30.0
2026-05-16T04:00:00,13.2,16.0,175.0,8.8,97,5.9,0.0,983.8,75.0
2026-05-16T05:00:00,14.8,13.6,163.0,9.2,97,8.2,0.0,984.3,175.0
2026-05-16T06:00:00,17.9,11.3,171.0,10.7,95,8.3,0.0,984.4,275.0
2026-05-16T07:00:00,15.4,12.1,178.0,12.0,88,7.4,0.0,984.8,370.0
2026-05-16T08:00:00,7.9,6.6,153.0,14.1,73,5.6,0.0,985.2,610.0
2026-05-16T09:00:00,5.6,4.1,144.0,16.7,47,7.9,0.0,985.7,1275.0
2026-05-16T10:00:00,3.7,3.5,142.0,17.9,38,10.0,0.0,986.4,1450.0
2026-05-16T11:00:00,2.6,3.3,143.0,18.9,33,8.7,0.0,986.7,1700.0
2026-05-16T12:00:00,2.6,2.9,138.0,20.3,29,8.8,0.0,986.4,2320.0
2026-05-16T13:00:00,2.7,2.3,131.0,20.6,26,9.8,0.0,986.7,2485.0
2026-05-16T14:00:00,2.7,2.0,130.0,20.6,25,11.3,0.0,987.2,2490.0
2026-05-16T15:00:00,2.6,2.2,131.0,20.6,24,10.0,0.0,987.6,2530.0
2026-05-16T16:00:00,2.5,3.2,132.0,20.4,25,10.4,0.0,988.0,2450.0
2026-05-16T17:00:00,3.1,6.9,137.0,19.7,33,7.3,0.0,988.1,855.0
2026-05-16T18:00:00,3.5,12.4,146.0,18.0,41,10.8,0.0,988.6,220.0
2026-05-16T19:00:00,4.3,17.1,157.0,16.0,50,10.5,0.0,989.4,105.0
2026-05-16T20:00:00,5.2,19.4,162.0,15.2,52,11.7,0.0,990.6,180.0
2026-05-16T21:00:00,6.0,19.8,175.0,14.8,44,12.8,0.0,991.5,235.0
2026-05-16T22:00:00,6.3,18.6,180.0,13.7,44,11.5,0.0,992.1,220.0
2026-05-16T23:00:00,5.7,17.2,176.0,13.0,46,12.2,0.0,992.5,185.0
2026-05-17T00:00:00,3.6,10.0,157.0,12.8,51,11.3,0.0,992.7,95.0
2026-05-17T01:00:00,5.0,11.1,151.0,12.1,56,9.4,0.0,992.8,90.0
2026-05-17T02:00:00,5.1,10.7,144.0,11.3,60,5.8,0.0,993.1,85.0
2026-05-17T03:00:00,5.1,9.4,147.0,10.9,63,8.3,0.0,993.3,80.0
2026-05-17T04:00:00,5.3,9.9,149.0,10.1,67,5.2,0.0,993.7,70.0
2026-05-17T05:00:00,6.1,11.5,154.0,10.9,66,4.3,0.0,994.7,70.0
2026-05-17T06:00:00,6.5,12.3,168.0,12.3,64,3.8,0.0,995.3,115.0
2026-05-17T07:00:00,7.7,9.3,157.0,14.4,62,4.7,0.0,995.9,310.0
2026-05-17T08:00:00,7.2,8.4,162.0,16.2,59,5.4,0.0,996.4,580.0
2026-05-17T09:00:00,10.0,6.7,162.0,17.4,54,6.9,0.0,996.6,745.0
2026-05-17T10:00:00,11.4,4.8,161.0,18.4,48,8.8,0.0,996.6,960.0
2026-05-17T11:00:00,10.9,4.8,155.0,19.0,44,6.6,0.0,996.7,1190.0
2026-05-17T12:00:00,9.7,4.4,149.0,20.5,35,4.0,0.0,996.2,2200.0
2026-05-17T13:00:00,9.3,3.8,142.0,21.1,34,1.1,0.0,995.9,2380.0
2026-05-17T14:00:00,9.2,3.5,139.0,21.4,33,3.5,0.0,995.7,2575.0
2026-05-17T15:00:00,8.6,3.4,144.0,21.3,32,4.2,0.0,995.5,2510.0
2026-05-17T16:00:00,7.7,5.1,149.0,21.4,31,3.7,0.0,995.4,2395.0
2026-05-17T17:00:00,6.5,8.8,148.0,21.1,33,3.8,0.0,995.2,2395.0
2026-05-17T18:00:00,7.1,13.5,160.0,20.0,42,5.2,0.0,995.0,920.0
2026-05-17T19:00:00,7.7,16.0,159.0,17.7,48,10.6,0.0,995.6,500.0
2026-05-17T20:00:00,6.4,29.2,170.0,16.1,53,7.4,0.0,996.4,380.0
2026-05-17T21:00:00,6.2,13.8,154.0,15.0,57,7.1,0.0,997.0,355.0
2026-05-17T22:00:00,6.3,14.4,148.0,13.9,63,4.8,0.0,997.2,305.0
2026-05-17T23:00:00,7.4,16.9,153.0,13.5,66,3.9,0.0,997.4,165.0
2026-05-18T00:00:00,7.0,15.8,153.0,13.5,67,4.9,0.0,997.2,85.0
2026-05-18T01:00:00,8.6,13.3,157.0,12.9,69,5.0,0.0,997.0,55.0
2026-05-18T02:00:00,9.1,13.8,160.0,12.5,70,4.9,0.0,997.0,45.0
2026-05-18T03:00:00,9.0,15.0,160.0,12.1,72,5.0,0.0,996.9,45.0
2026-05-18T04:00:00,10.7,18.4,168.0,12.1,71,5.2,0.0,997.0,65.0
2026-05-18T05:00:00,10.2,27.6,176.0,12.9,71,6.2,0.0,997.6,120.0
2026-05-18T06:00:00,12.2,28.9,172.0,14.3,70,3.9,0.0,997.9,190.0
2026-05-18T07:00:00,12.9,25.2,169.0,15.8,63,2.6,0.0,998.1,360.0
2026-05-18T08:00:00,10.6,18.9,156.0,17.1,58,1.0,0.0,998.4,605.0
2026-05-18T09:00:00,9.3,14.8,145.0,18.3,51,2.2,0.0,998.5,915.0
2026-05-18T10:00:00,8.8,10.8,142.0,19.3,47,2.6,0.0,998.4,1195.0
2026-05-18T11:00:00,8.1,7.8,138.0,20.2,42,4.0,0.0,997.9,1525.0
2026-05-18T12:00:00,7.6,5.1,135.0,21.5,34,5.8,0.0,997.1,2095.0
2026-05-18T13:00:00,6.7,5.3,133.0,22.0,34,7.0,0.0,996.2,2310.0
2026-05-18T14:00:00,6.4,5.7,133.0,22.2,35,6.3,0.0,996.1,2420.0
2026-05-18T15:00:00,5.4,7.1,133.0,17.7,61,13.0,1.2,997.1,445.0
2026-05-18T16:00:00,4.9,10.4,138.0,16.4,68,13.1,0.2,997.6,445.0
2026-05-18T17:00:00,5.3,14.2,143.0,16.6,65,8.8,0.5,997.3,370.0
2026-05-18T18:00:00,6.6,20.7,158.0,17.2,62,5.2,0.0,997.4,250.0
2026-05-18T19:00:00,8.2,33.0,184.0,16.2,72,1.7,0.0,997.7,35.0
2026-05-18T20:00:00,9.7,32.0,185.0,15.3,77,3.2,0.0,998.2,60.0
2026-05-18T21:00:00,12.2,33.6,181.0,14.5,79,13.2,0.0,999.1,340.0
2026-05-18T22:00:00,14.6,28.0,170.0,13.1,88,7.2,0.0,998.9,120.0
2026-05-18T23:00:00,16.3,25.8,169.0,12.6,91,4.0,0.0,998.9,95.0
2026-05-19T00:00:00,23.2,24.5,169.0,12.6,88,4.0,0.0,998.7,60.0
2026-05-19T01:00:00,23.7,22.2,178.0,11.8,91,2.4,0.0,998.6,35.0
2026-05-19T02:00:00,16.6,17.6,180.0,11.3,94,4.6,0.0,998.8,60.0
2026-05-19T03:00:00,17.1,18.0,180.0,11.1,95,5.9,0.0,999.1,110.0
2026-05-19T04:00:00,17.5,21.0,179.0,10.7,97,5.9,0.0,999.5,100.0
2026-05-19T05:00:00,16.0,24.1,198.0,11.5,93,3.9,0.0,999.9,95.0
2026-05-19T06:00:00,16.0,26.2,185.0,12.7,88,2.3,0.0,1000.4,135.0
2026-05-19T07:00:00,15.7,25.2,189.0,14.8,77,2.0,0.0,1000.8,245.0
2026-05-19T08:00:00,14.9,21.4,179.0,16.8,68,3.0,0.0,1001.1,420.0
2026-05-19T09:00:00,14.2,17.0,160.0,18.6,58,3.2,0.0,1001.3,900.0
2026-05-19T10:00:00,12.4,12.3,153.0,19.8,48,1.5,0.1,1001.2,1135.0
2026-05-19T11:00:00,10.4,9.1,144.0,20.7,44,2.3,0.0,1001.3,1320.0
2026-05-19T12:00:00,11.2,7.3,139.0,21.0,44,2.7,0.0,1001.0,1335.0
2026-05-19T13:00:00,10.1,5.9,139.0,21.7,41,1.2,0.0,1000.8,1380.0
2026-05-19T14:00:00,8.5,5.8,140.0,21.7,42,0.0,0.0,1000.5,1400.0
2026-05-19T15:00:00,8.2,7.6,140.0,22.1,42,0.2,0.0,1000.4,1500.0
2026-05-19T16:00:00,8.8,11.9,154.0,22.0,43,0.6,0.0,1000.4,1425.0
2026-05-19T17:00:00,8.3,15.1,156.0,21.7,44,0.7,0.0,1000.3,1345.0
2026-05-19T18:00:00,8.7,21.4,162.0,21.3,49,2.7,0.0,1000.5,65.0
2026-05-19T19:00:00,9.9,37.4,185.0,20.2,54,1.0,0.0,1000.8,45.0
2026-05-19T20:00:00,13.5,31.0,201.0,19.6,54,1.2,0.0,1001.6,40.0
2026-05-19T21:00:00,12.3,31.5,174.0,18.2,60,9.1,0.0,1002.5,250.0
2026-05-19T22:00:00,9.5,21.2,160.0,16.6,65,8.2,0.0,1003.0,220.0
2026-05-19T23:00:00,9.5,18.1,147.0,15.5,71,6.8,0.0,1002.9,170.0
2026-05-20T00:00:00,9.9,14.7,140.0,15.3,71,7.8,0.0,1003.1,155.0
2026-05-20T01:00:00,10.2,13.1,141.0,14.6,76,7.5,0.0,1003.1,140.0
2026-05-20T02:00:00,11.0,13.4,143.0,14.0,80,6.7,0.0,1003.2,110.0
2026-05-20T03:00:00,12.6,15.9,147.0,13.6,82,5.2,0.0,1003.3,75.0
2026-05-20T04:00:00,13.5,20.6,157.0,13.1,85,3.9,0.0,1003.7,55.0
2026-05-20T05:00:00,13.3,23.2,171.0,14.0,81,5.7,0.0,1004.4,70.0
2026-05-20T06:00:00,12.5,25.5,180.0,15.9,73,3.2,0.0,1004.8,120.0
2026-05-20T07:00:00,10.2,23.3,164.0,18.2,62,5.0,0.0,1005.2,280.0
2026-05-20T08:00:00,9.2,18.1,152.0,19.9,54,5.6,0.0,1005.5,425.0
2026-05-20T09:00:00,9.1,9.8,143.0,21.8,46,6.1,0.0,1005.6,795.0
2026-05-20T10:00:00,8.3,6.6,139.0,23.0,41,6.0,0.0,1005.4,1225.0
2026-05-20T11:00:00,7.6,5.6,136.0,24.1,38,5.8,0.0,1005.1,1390.0
2026-05-20T12:00:00,7.3,4.8,135.0,25.4,35,4.0,0.0,1004.3,1635.0
2026-05-20T13:00:00,7.3,3.9,133.0,26.3,33,4.8,0.0,1003.8,1740.0
2026-05-20T14:00:00,7.2,4.1,131.0,26.4,33,5.4,0.0,1003.8,1635.0
2026-05-20T15:00:00,7.0,5.4,134.0,26.5,32,6.1,0.0,1003.6,1640.0
2026-05-20T16:00:00,6.6,7.3,138.0,26.1,32,4.1,0.0,1003.7,1640.0
2026-05-20T17:00:00,6.8,13.4,147.0,25.6,34,4.1,0.0,1003.8,1620.0
2026-05-20T18:00:00,9.3,20.6,154.0,25.8,29,5.7,0.0,1003.5,160.0
2026-05-20T19:00:00,10.5,32.8,173.0,24.2,36,8.2,0.0,1004.4,355.0
2026-05-20T20:00:00,12.8,41.5,180.0,22.6,49,9.1,0.0,1005.5,405.0
2026-05-20T21:00:00,16.1,43.8,201.0,21.6,53,9.8,0.0,1005.8,280.0
2026-05-20T22:00:00,17.4,40.0,208.0,20.8,58,6.1,0.0,1006.3,210.0
2026-05-20T23:00:00,19.9,35.7,212.0,19.9,63,5.4,0.0,1006.4,155.0
2026-05-21T00:00:00,21.9,32.5,209.0,19.1,66,6.7,0.0,1006.4,105.0
2026-05-21T01:00:00,24.8,31.3,209.0,18.2,72,3.3,0.0,1006.5,75.0
2026-05-21T02:00:00,24.9,27.0,209.0,17.8,74,3.3,0.0,1006.6,65.0
2026-05-21T03:00:00,24.6,24.6,208.0,17.1,78,3.8,0.0,1006.8,55.0
2026-05-21T04:00:00,24.6,27.3,214.0,16.5,81,3.8,0.0,1007.1,45.0
2026-05-21T05:00:00,25.3,30.1,214.0,17.5,75,4.0,0.0,1007.6,65.0
2026-05-21T06:00:00,22.4,31.7,234.0,19.2,66,1.6,0.0,1008.4,160.0
2026-05-21T07:00:00,28.2,31.9,232.0,21.4,55,2.2,0.0,1008.4,355.0
2026-05-21T08:00:00,28.7,24.5,222.0,23.3,48,2.7,0.0,1008.4,550.0
2026-05-21T09:00:00,22.4,17.2,191.0,25.0,42,2.4,0.0,1008.2,1075.0
2026-05-21T10:00:00,19.1,8.7,168.0,26.4,37,3.4,0.0,1007.9,1640.0
2026-05-21T11:00:00,13.8,6.0,156.0,27.6,32,3.7,0.0,1007.4,1935.0
2026-05-21T12:00:00,12.9,4.8,150.0,28.9,26,5.2,0.0,1006.4,2290.0
2026-05-21T13:00:00,11.7,4.4,145.0,29.2,26,6.5,0.0,1006.0,2205.0
2026-05-21T14:00:00,10.9,4.3,142.0,29.3,26,5.9,0.0,1005.5,1935.0
2026-05-21T15:00:00,10.1,5.2,148.0,29.3,25,3.1,0.0,1005.2,1835.0
2026-05-21T16:00:00,9.7,7.9,147.0,29.1,24,1.3,0.0,1005.2,1810.0
2026-05-21T17:00:00,8.3,13.6,158.0,28.6,25,0.7,0.0,1005.1,1805.0
2026-05-21T18:00:00,9.6,17.5,159.0,28.4,23,8.0,0.0,1005.0,1525.0
2026-05-21T19:00:00,9.8,28.3,176.0,26.8,28,9.3,0.0,1005.6,670.0
2026-05-21T20:00:00,10.2,31.4,176.0,25.3,32,5.9,0.0,1006.4,325.0
2026-05-21T21:00:00,12.9,35.1,184.0,24.1,36,5.1,0.0,1007.0,175.0
2026-05-21T22:00:00,12.9,32.0,189.0,23.1,39,7.8,0.0,1007.3,150.0
2026-05-21T23:00:00,12.1,23.8,181.0,22.2,42,8.9,0.0,1007.4,185.0
2026-05-22T00:00:00,10.6,18.4,168.0,21.6,47,8.6,0.0,1007.8,225.0
2026-05-22T01:00:00,12.9,15.4,169.0,20.6,51,8.0,0.0,1007.9,200.0
2026-05-22T02:00:00,16.4,13.3,171.0,20.0,55,8.5,0.0,1008.0,195.0
2026-05-22T03:00:00,19.9,13.4,174.0,19.5,57,8.5,0.0,1008.3,190.0
2026-05-22T04:00:00,21.1,16.5,177.0,19.0,58,8.2,0.0,1008.6,185.0
2026-05-22T05:00:00,15.9,21.1,175.0,19.8,55,7.6,0.0,1008.9,215.0
2026-05-22T06:00:00,14.5,23.1,178.0,21.7,48,6.7,0.0,1009.3,355.0
2026-05-22T07:00:00,13.9,19.2,164.0,23.6,40,8.4,0.0,1009.4,555.0
2026-05-22T08:00:00,10.3,12.2,155.0,25.1,35,7.8,0.0,1009.6,815.0
2026-05-22T09:00:00,7.1,6.8,145.0,26.4,32,7.5,0.0,1009.6,1285.0
2026-05-22T10:00:00,7.6,4.6,140.0,27.6,29,6.7,0.0,1009.2,1675.0
2026-05-22T11:00:00,8.2,4.1,138.0,28.5,27,6.1,0.0,1008.8,1870.0
2026-05-22T12:00:00,8.8,4.0,138.0,29.7,25,4.8,0.0,1007.6,2060.0
2026-05-22T13:00:00,9.2,4.0,138.0,30.2,25,5.2,0.0,1006.9,2100.0
2026-05-22T14:00:00,9.6,4.3,138.0,30.5,25,5.0,0.0,1006.4,2080.0
2026-05-22T15:00:00,9.8,5.3,144.0,30.6,25,4.7,0.0,1006.2,1990.0
2026-05-22T16:00:00,8.9,6.7,146.0,30.4,25,4.8,0.0,1006.0,1985.0
2026-05-22T17:00:00,8.3,10.4,148.0,29.8,26,7.9,0.0,1006.0,1960.0
2026-05-22T18:00:00,8.0,13.4,150.0,28.9,27,12.5,0.0,1006.1,1675.0
2026-05-22T19:00:00,8.2,19.8,162.0,27.0,34,10.8,0.0,1006.5,555.0
2026-05-22T20:00:00,7.9,20.8,163.0,25.7,38,9.4,0.0,1007.4,375.0
2026-05-22T21:00:00,8.2,19.3,164.0,24.6,40,9.7,0.0,1007.8,395.0
2026-05-22T22:00:00,8.7,19.4,165.0,23.7,41,10.6,0.0,1007.9,400.0
2026-05-22T23:00:00,9.8,18.0,158.0,22.8,43,9.7,0.0,1008.1,315.0
2026-05-23T00:00:00,9.8,16.3,155.0,22.4,45,8.4,0.0,1008.0,270.0
2026-05-23T01:00:00,10.1,13.9,156.0,21.7,47,7.6,0.0,1008.0,225.0
2026-05-23T02:00:00,11.9,14.0,160.0,21.0,49,7.6,0.0,1008.1,180.0
2026-05-23T03:00:00,14.0,13.8,160.0,20.5,50,7.7,0.0,1008.4,160.0
2026-05-23T04:00:00,14.3,12.6,163.0,20.3,51,7.3,0.0,1008.8,150.0
2026-05-23T05:00:00,14.7,12.3,163.0,21.0,49,7.0,0.0,1009.0,175.0
2026-05-23T06:00:00,11.4,9.4,163.0,23.0,43,6.2,0.0,1009.4,320.0
2026-05-23T07:00:00,9.0,6.5,153.0,24.8,34,6.1,0.0,1009.4,615.0
2026-05-23T08:00:00,7.4,4.9,143.0,26.2,31,5.6,0.0,1009.4,1105.0
2026-05-23T09:00:00,7.3,3.9,140.0,27.3,29,5.9,0.0,1009.3,1455.0
2026-05-23T10:00:00,7.7,3.6,140.0,28.3,29,5.4,0.0,1009.1,1590.0
2026-05-23T11:00:00,8.0,3.8,140.0,29.1,28,5.9,0.0,1008.5,1630.0
2026-05-23T12:00:00,8.0,3.6,140.0,30.6,26,5.6,0.0,1007.6,1810.0
2026-05-23T13:00:00,8.1,2.9,139.0,31.1,26,6.8,0.0,1007.1,1805.0
2026-05-23T14:00:00,8.8,2.7,136.0,31.3,26,7.3,0.0,1006.7,1780.0
2026-05-23T15:00:00,7.9,3.1,137.0,31.4,26,7.1,0.0,1006.3,1670.0
2026-05-23T16:00:00,7.8,3.9,139.0,31.2,25,7.5,0.0,1006.2,1660.0
2026-05-23T17:00:00,7.9,5.4,143.0,30.7,26,6.8,0.0,1006.2,1715.0
2026-05-23T18:00:00,8.7,9.1,149.0,30.4,27,9.0,0.0,1005.8,1560.0
2026-05-23T19:00:00,9.8,16.0,158.0,28.3,35,10.7,0.0,1006.2,585.0
2026-05-23T20:00:00,10.0,17.2,159.0,26.8,38,7.0,0.0,1006.9,340.0
2026-05-23T21:00:00,9.5,18.9,164.0,26.1,40,6.1,0.0,1007.6,235.0
2026-05-23T22:00:00,9.9,19.9,163.0,25.3,43,8.3,0.0,1008.1,310.0
2026-05-23T23:00:00,10.2,21.1,164.0,24.3,46,8.6,0.0,1008.4,275.0
2026-05-24T00:00:00,10.9,18.7,159.0,23.5,50,8.8,0.0,1008.4,265.0
2026-05-24T01:00:00,11.3,13.9,153.0,22.9,52,8.4,0.0,1008.5,220.0
2026-05-24T02:00:00,11.9,12.4,152.0,22.4,52,8.6,0.0,1008.7,215.0
2026-05-24T03:00:00,14.2,12.1,153.0,21.9,52,8.5,0.0,1009.0,195.0
2026-05-24T04:00:00,15.7,11.3,158.0,21.6,52,8.0,0.0,1009.3,175.0
2026-05-24T05:00:00,14.6,10.0,160.0,22.4,50,7.3,0.0,1009.6,190.0
2026-05-24T06:00:00,9.6,7.6,158.0,24.3,46,5.9,0.0,1010.0,295.0
2026-05-24T07:00:00,8.2,9.1,147.0,25.9,40,6.0,0.0,1010.1,520.0
2026-05-24T08:00:00,8.6,5.7,139.0,27.1,36,6.2,0.0,1010.3,885.0
2026-05-24T09:00:00,7.0,3.4,133.0,28.3,33,6.2,0.0,1010.4,1225.0
2026-05-24T10:00:00,7.9,3.2,134.0,29.4,31,5.8,0.0,1010.3,1380.0
2026-05-24T11:00:00,8.5,3.1,135.0,30.4,30,5.8,0.0,1010.0,1455.0
2026-05-24T12:00:00,8.6,3.1,136.0,32.1,26,6.6,0.0,1009.2,1980.0
2026-05-24T13:00:00,9.3,2.8,136.0,32.4,26,7.9,0.0,1008.8,2115.0
2026-05-24T14:00:00,9.2,2.8,135.0,32.6,26,8.8,0.0,1008.5,2100.0
2026-05-24T15:00:00,8.4,3.3,136.0,32.6,25,9.8,0.0,1008.3,2200.0
2026-05-24T16:00:00,8.2,4.2,138.0,32.2,26,11.0,0.0,1008.4,2265.0
2026-05-24T17:00:00,8.1,5.7,140.0,31.5,26,11.2,0.0,1008.4,2080.0
2026-05-24T18:00:00,8.6,9.6,145.0,30.9,24,10.7,0.0,1008.0,950.0
2026-05-24T19:00:00,8.8,13.5,157.0,29.2,29,8.9,0.0,1008.2,330.0
2026-05-24T20:00:00,8.5,20.1,161.0,28.1,32,7.2,0.0,1009.1,175.0
2026-05-24T21:00:00,8.0,24.6,156.0,27.2,35,5.8,0.0,1009.6,110.0
2026-05-24T22:00:00,8.4,25.4,161.0,26.6,39,1.1,0.0,1010.1,35.0
2026-05-24T23:00:00,10.1,28.8,166.0,26.1,39,2.2,0.0,1010.2,35.0
2026-05-25T00:00:00,12.2,19.5,169.0,25.3,44,2.8,0.0,1010.2,60.0
2026-05-25T01:00:00,12.4,19.7,171.0,24.9,46,0.7,0.0,1010.0,15.0
2026-05-25T02:00:00,10.7,21.1,173.0,24.2,48,2.3,0.0,1009.9,40.0
2026-05-25T03:00:00,13.1,23.7,165.0,23.2,53,3.6,0.0,1010.1,60.0
2026-05-25T04:00:00,13.6,21.3,168.0,22.6,58,1.8,0.0,1010.3,55.0
2026-05-25T05:00:00,13.9,25.3,186.0,23.7,55,1.5,0.0,1010.8,55.0
2026-05-25T06:00:00,16.7,32.2,198.0,24.7,55,2.2,0.0,1011.3,80.0
2026-05-25T07:00:00,16.8,27.0,209.0,27.2,44,4.6,0.0,1011.5,355.0
2026-05-25T08:00:00,15.1,19.9,188.0,28.8,38,5.9,0.0,1011.8,685.0
2026-05-25T09:00:00,14.1,14.4,169.0,29.9,34,5.5,0.0,1011.7,955.0
2026-05-25T10:00:00,11.4,8.2,163.0,31.2,31,5.3,0.0,1011.7,1410.0
2026-05-25T11:00:00,11.7,4.6,159.0,32.3,29,6.1,0.0,1011.3,2015.0
2026-05-25T12:00:00,11.9,4.1,159.0,33.9,23,7.7,0.0,1010.4,2575.0
2026-05-25T13:00:00,11.7,4.0,158.0,34.1,21,8.5,0.0,1009.8,2415.0
2026-05-25T14:00:00,11.1,4.1,158.0,34.3,20,7.9,0.0,1009.5,2330.0
2026-05-25T15:00:00,10.6,4.9,156.0,34.2,20,7.4,0.0,1009.2,2165.0
2026-05-25T16:00:00,10.2,6.4,158.0,33.8,20,7.5,0.0,1009.1,2175.0
2026-05-25T17:00:00,9.9,8.6,157.0,33.3,20,7.0,0.0,1008.7,1960.0
2026-05-25T18:00:00,11.7,13.5,164.0,32.8,20,5.6,0.0,1008.2,1320.0
2026-05-25T19:00:00,14.2,23.6,188.0,31.5,23,3.8,0.0,1008.2,240.0
2026-05-25T20:00:00,14.1,29.7,198.0,30.9,26,0.9,0.0,1008.8,35.0
2026-05-25T21:00:00,14.7,36.4,217.0,29.3,30,3.2,0.0,1009.3,70.0
2026-05-25T22:00:00,16.9,37.9,210.0,28.0,35,6.6,0.0,1009.7,150.0
2026-05-25T23:00:00,17.8,30.6,224.0,26.7,38,8.8,0.0,1009.8,130.0
2026-05-26T00:00:00,15.3,29.1,213.0,25.1,45,6.4,0.0,1009.6,55.0
2026-05-26T01:00:00,18.9,24.5,200.0,24.5,45,4.1,0.0,1009.2,40.0
2026-05-26T02:00:00,21.7,22.2,197.0,24.4,46,5.2,0.0,1009.0,50.0
2026-05-26T03:00:00,20.9,21.2,187.0,23.8,51,0.7,0.0,1008.8,20.0
2026-05-26T04:00:00,18.8,25.5,198.0,22.9,54,1.1,0.0,1009.0,25.0
2026-05-26T05:00:00,18.8,28.1,207.0,23.8,51,2.2,0.0,1009.2,60.0
2026-05-26T06:00:00,22.3,30.1,223.0,24.7,50,1.8,0.0,1010.0,150.0
2026-05-26T07:00:00,26.7,28.9,214.0,26.9,42,2.2,0.0,1010.0,275.0
2026-05-26T08:00:00,26.3,25.7,213.0,29.0,34,3.2,0.0,1010.0,485.0
2026-05-26T09:00:00,22.7,20.7,206.0,30.8,29,4.2,0.0,1009.9,760.0
2026-05-26T10:00:00,20.5,12.5,190.0,32.3,26,5.0,0.0,1009.7,1260.0
2026-05-26T11:00:00,17.8,6.5,172.0,33.5,23,6.0,0.0,1009.2,1725.0
2026-05-26T12:00:00,18.5,4.8,173.0,34.7,21,7.7,0.0,1008.0,2035.0
2026-05-26T13:00:00,13.6,4.4,160.0,35.1,21,8.1,0.0,1007.3,2130.0
2026-05-26T14:00:00,13.1,3.7,156.0,35.3,21,8.0,0.0,1006.8,2225.0
2026-05-26T15:00:00,11.7,4.5,153.0,35.1,21,8.8,0.0,1006.2,2145.0
2026-05-26T16:00:00,10.6,5.3,151.0,34.6,22,9.4,0.0,1005.9,1945.0
2026-05-26T17:00:00,10.1,8.5,149.0,34.0,23,9.6,0.0,1005.7,1695.0
2026-05-26T18:00:00,11.4,14.3,166.0,33.9,22,8.2,0.0,1004.8,1680.0
2026-05-26T19:00:00,13.7,18.3,161.0,31.5,29,11.6,0.0,1004.7,450.0
2026-05-26T20:00:00,16.1,19.3,171.0,29.2,32,9.4,0.0,1005.1,315.0
2026-05-26T21:00:00,16.3,18.5,175.0,28.1,33,9.0,0.0,1005.2,280.0
2026-05-26T22:00:00,12.8,16.3,175.0,27.3,33,9.0,0.0,1005.1,265.0
2026-05-26T23:00:00,11.4,15.5,166.0,26.5,36,7.5,0.0,1004.9,220.0
2026-05-27T00:00:00,11.5,14.2,156.0,25.7,41,6.2,0.0,1004.7,140.0
2026-05-27T01:00:00,11.8,13.3,153.0,25.5,41,3.6,0.0,1003.9,75.0
2026-05-27T02:00:00,12.7,13.3,153.0,25.4,41,3.5,0.0,1003.4,60.0
2026-05-27T03:00:00,13.2,14.1,162.0,24.6,42,3.2,0.0,1003.2,50.0
2026-05-27T04:00:00,13.2,19.0,168.0,23.6,45,4.1,0.0,1003.2,60.0
2026-05-27T05:00:00,14.6,25.8,180.0,24.0,46,5.5,0.0,1003.2,75.0
2026-05-27T06:00:00,14.2,32.1,200.0,25.1,42,2.5,0.0,1003.5,170.0
2026-05-27T07:00:00,14.7,30.4,184.0,27.3,34,2.8,0.0,1003.5,345.0
2026-05-27T08:00:00,13.7,21.9,171.0,29.3,30,2.7,0.0,1003.4,515.0
2026-05-27T09:00:00,13.4,16.3,158.0,31.2,26,3.3,0.0,1003.1,695.0
2026-05-27T10:00:00,12.4,8.3,157.0,32.8,24,5.1,0.0,1002.8,1005.0
2026-05-27T11:00:00,12.6,4.9,154.0,34.2,23,6.5,0.0,1002.1,1580.0
2026-05-27T12:00:00,12.5,3.9,151.0,35.7,22,9.0,0.0,1000.7,2125.0
2026-05-27T13:00:00,11.6,3.4,150.0,36.1,23,7.2,0.0,1000.1,2860.0
2026-05-27T14:00:00,11.5,3.7,146.0,35.5,24,7.7,0.0,999.6,2415.0
2026-05-27T15:00:00,11.5,4.5,149.0,34.9,24,8.2,0.0,999.1,1975.0
2026-05-27T16:00:00,11.3,6.6,152.0,35.0,24,6.5,0.0,998.9,2360.0
2026-05-27T17:00:00,12.2,10.1,155.0,33.8,27,6.1,0.0,998.8,1400.0
2026-05-27T18:00:00,12.4,15.3,159.0,33.9,23,10.3,0.0,997.7,940.0
2026-05-27T19:00:00,12.4,14.6,156.0,31.3,32,13.0,0.0,998.0,460.0
2026-05-27T20:00:00,12.2,16.1,162.0,28.9,35,11.7,0.0,998.5,285.0
2026-05-27T21:00:00,11.8,18.4,184.0,27.9,37,9.4,0.0,998.9,275.0
2026-05-27T22:00:00,13.0,18.6,190.0,27.0,38,8.8,0.0,999.2,205.0
2026-05-27T23:00:00,13.8,21.7,192.0,26.1,40,8.3,0.0,999.2,210.0
2026-05-28T00:00:00,14.6,20.5,182.0,27.1,50,3.8,0.0,998.5,60.0
2026-05-28T01:00:00,14.4,18.4,171.0,25.6,55,8.2,0.0,998.8,175.0
2026-05-28T02:00:00,14.5,17.7,179.0,24.4,57,6.5,0.0,999.4,75.0
2026-05-28T03:00:00,18.4,19.1,183.0,24.5,54,3.5,0.0,999.4,40.0
2026-05-28T04:00:00,20.7,25.8,186.0,24.4,57,7.8,0.0,1000.0,240.0
2026-05-28T05:00:00,18.3,27.5,199.0,24.8,63,4.7,0.0,1000.4,305.0
2026-05-28T06:00:00,15.3,26.5,194.0,26.7,55,2.1,0.0,1000.3,460.0
2026-05-28T07:00:00,15.2,24.9,186.0,27.9,53,3.6,0.0,1000.4,685.0
2026-05-28T08:00:00,14.1,17.6,168.0,28.8,51,3.0,0.0,1000.4,885.0
2026-05-28T09:00:00,12.2,8.3,162.0,30.1,48,5.6,0.0,1000.6,1055.0
2026-05-28T10:00:00,12.7,5.0,155.0,30.3,46,9.3,0.0,1001.0,1110.0
2026-05-28T11:00:00,12.1,4.0,151.0,30.5,47,8.3,0.2,1000.7,985.0
2026-05-28T12:00:00,13.3,4.1,151.0,33.7,25,5.5,0.1,999.2,2375.0
2026-05-28T13:00:00,12.9,4.0,151.0,34.0,24,9.0,0.0,999.2,2140.0
2026-05-28T14:00:00,11.2,4.6,151.0,32.7,25,13.5,0.0,999.2,1455.0
2026-05-28T15:00:00,10.0,5.6,153.0,32.5,28,10.6,0.0,999.3,1715.0
2026-05-28T16:00:00,10.9,7.7,155.0,32.8,25,2.7,0.0,999.4,1615.0
2026-05-28T17:00:00,11.8,11.7,162.0,32.5,24,3.0,0.0,999.4,2130.0
2026-05-28T18:00:00,11.7,17.7,170.0,31.6,26,14.0,0.0,998.7,825.0
2026-05-28T19:00:00,13.3,24.3,181.0,28.9,41,10.3,0.0,999.6,595.0
2026-05-28T20:00:00,12.4,22.5,183.0,28.1,47,7.3,0.0,1000.7,495.0
2026-05-28T21:00:00,14.5,23.1,181.0,27.4,49,1.7,0.0,1001.4,155.0
2026-05-28T22:00:00,16.9,22.1,189.0,26.6,51,4.9,0.0,1001.4,210.0
2026-05-28T23:00:00,18.4,20.1,189.0,25.6,54,5.1,0.0,1001.3,185.0
2026-05-29T00:00:00,16.7,15.0,172.0,25.7,54,3.8,0.0,1000.9,100.0
2026-05-29T01:00:00,16.4,13.0,168.0,24.3,59,8.2,0.0,1001.3,215.0
2026-05-29T02:00:00,17.1,10.9,166.0,22.9,69,9.6,0.0,1001.6,250.0
2026-05-29T03:00:00,18.7,10.0,174.0,21.7,75,6.9,0.0,1002.1,255.0
2026-05-29T04:00:00,15.1,11.6,170.0,17.9,93,10.0,1.3,1004.8,265.0
2026-05-29T05:00:00,14.5,14.0,164.0,19.1,88,12.3,0.2,1004.6,415.0
2026-05-29T06:00:00,15.0,13.5,164.0,22.9,70,15.4,0.0,1004.4,630.0
2026-05-29T07:00:00,11.7,11.3,159.0,24.2,59,13.6,0.0,1005.3,840.0
2026-05-29T08:00:00,10.8,8.4,158.0,25.2,56,12.2,0.0,1005.7,875.0
2026-05-29T09:00:00,10.9,7.4,157.0,26.7,50,10.1,0.0,1005.7,1075.0
2026-05-29T10:00:00,10.4,5.3,151.0,28.1,43,8.9,0.0,1005.6,1215.0
2026-05-29T11:00:00,9.0,4.1,137.0,29.3,38,9.2,0.0,1005.4,1415.0
2026-05-29T12:00:00,8.0,3.6,133.0,30.2,32,8.8,0.0,1004.8,1675.0
2026-05-29T13:00:00,7.7,3.4,134.0,31.0,30,9.0,0.0,1004.1,1985.0
2026-05-29T14:00:00,7.7,3.7,136.0,31.2,29,10.0,0.0,1003.6,1965.0
2026-05-29T15:00:00,7.8,4.5,137.0,31.0,29,10.7,0.0,1003.2,1985.0
2026-05-29T16:00:00,7.9,6.2,138.0,30.6,30,11.1,0.0,1003.1,1910.0
2026-05-29T17:00:00,7.6,8.3,139.0,29.8,32,11.3,0.0,1003.1,1655.0
2026-05-29T18:00:00,7.7,11.7,144.0,29.6,32,11.8,0.0,1002.1,1205.0
2026-05-29T19:00:00,8.2,16.8,145.0,28.1,38,10.2,0.0,1002.4,435.0
2026-05-29T20:00:00,9.2,23.1,161.0,27.0,43,8.1,0.0,1003.0,265.0
2026-05-29T21:00:00,11.3,26.6,176.0,26.0,46,7.6,0.0,1003.4,170.0
2026-05-29T22:00:00,11.8,25.9,181.0,25.1,50,6.7,0.0,1003.6,150.0
2026-05-29T23:00:00,12.8,25.6,182.0,24.1,56,7.0,0.0,1003.4,205.0
2026-05-30T00:00:00,14.0,25.8,188.0,23.3,62,6.9,0.0,1003.4,150.0
2026-05-30T01:00:00,15.5,25.5,183.0,22.4,66,6.1,0.0,1002.8,175.0
2026-05-30T02:00:00,17.8,22.2,173.0,21.7,69,4.4,0.0,1002.9,155.0
2026-05-30T03:00:00,17.9,18.8,164.0,21.4,69,4.7,0.0,1003.0,150.0
2026-05-30T04:00:00,18.4,18.1,163.0,21.2,68,4.7,0.0,1003.1,145.0
2026-05-30T05:00:00,20.4,17.3,166.0,21.8,64,4.8,0.0,1003.0,160.0
2026-05-30T06:00:00,16.2,10.0,165.0,23.3,58,5.6,0.0,1003.1,250.0
2026-05-30T07:00:00,15.5,8.0,157.0,25.1,50,4.6,0.0,1003.3,390.0
2026-05-30T08:00:00,15.8,6.9,150.0,26.8,46,4.1,0.0,1003.3,620.0
2026-05-30T09:00:00,10.4,5.9,145.0,28.4,42,4.1,0.0,1003.1,1170.0
2026-05-30T10:00:00,11.3,5.0,145.0,29.7,39,5.0,0.0,1002.7,1440.0
2026-05-30T11:00:00,9.9,4.5,146.0,30.7,35,4.7,0.0,1002.1,1775.0
2026-05-30T12:00:00,8.7,4.9,143.0,31.7,32,4.3,0.0,1001.4,2060.0
2026-05-30T13:00:00,9.6,4.3,144.0,32.2,30,5.6,0.0,1000.5,2115.0
2026-05-30T14:00:00,8.9,4.1,146.0,32.0,30,8.1,0.0,1000.1,2070.0
2026-05-30T15:00:00,8.4,4.2,144.0,32.0,29,8.6,0.0,999.9,1950.0
2026-05-30T16:00:00,8.2,4.8,145.0,31.8,28,7.7,0.0,999.7,1945.0
2026-05-30T17:00:00,8.6,7.2,146.0,31.5,27,7.0,0.0,999.0,1835.0
2026-05-30T18:00:00,9.4,11.5,162.0,31.7,25,4.0,0.0,998.5,1740.0
2026-05-30T19:00:00,11.6,13.7,156.0,30.6,28,7.5,0.0,998.7,890.0
2026-05-30T20:00:00,10.9,15.2,162.0,28.2,41,12.4,0.0,998.9,450.0
2026-05-30T21:00:00,11.7,13.2,169.0,26.4,45,9.8,0.0,999.1,275.0
2026-05-30T22:00:00,11.9,13.1,164.0,25.5,47,8.4,0.0,999.2,250.0
2026-05-30T23:00:00,11.7,15.1,163.0,24.9,49,7.2,0.0,998.9,255.0
2026-05-31T00:00:00,11.4,14.7,162.0,24.4,53,7.5,0.0,998.7,180.0
2026-05-31T01:00:00,10.8,11.8,162.0,23.8,55,7.4,0.0,998.2,160.0
2026-05-31T02:00:00,10.6,11.0,161.0,23.3,56,6.3,0.0,997.9,170.0
2026-05-31T03:00:00,10.6,11.0,157.0,22.8,58,5.9,0.0,997.9,225.0
2026-05-31T04:00:00,10.5,11.5,154.0,22.3,60,6.0,0.0,997.9,140.0
2026-05-31T05:00:00,10.4,11.7,153.0,23.0,57,5.2,0.0,998.3,165.0
2026-05-31T06:00:00,10.5,8.9,153.0,24.0,54,6.3,0.0,998.5,255.0
2026-05-31T07:00:00,10.3,7.6,152.0,25.9,50,6.7,0.0,998.6,390.0
2026-05-31T08:00:00,10.1,6.5,151.0,27.8,44,6.5,0.0,998.7,650.0
2026-05-31T09:00:00,9.9,4.5,148.0,29.6,39,6.0,0.0,998.3,1030.0
2026-05-31T10:00:00,10.2,2.8,148.0,31.0,36,6.7,0.0,997.9,1405.0
2026-05-31T11:00:00,10.6,2.6,147.0,31.9,33,7.3,0.0,997.6,1690.0
2026-05-31T12:00:00,10.4,2.7,147.0,32.6,27,7.9,0.0,996.3,580.0
2026-05-31T13:00:00,8.8,2.7,147.0,28.7,42,6.1,0.7,997.3,420.0
2026-05-31T14:00:00,11.1,2.5,148.0,30.9,35,6.6,0.3,996.2,1260.0
2026-05-31T15:00:00,10.2,2.8,146.0,30.7,35,12.2,0.0,996.3,1390.0
2026-05-31T16:00:00,9.1,4.4,147.0,30.5,36,6.4,0.0,995.7,1295.0
2026-05-31T17:00:00,9.1,5.9,146.0,29.5,41,8.8,0.0,995.4,955.0
2026-05-31T18:00:00,10.0,8.6,145.0,29.6,43,10.4,0.0,994.3,630.0
2026-05-31T19:00:00,10.8,11.2,154.0,27.9,47,11.4,0.0,994.4,495.0
2026-05-31T20:00:00,11.1,10.4,154.0,25.8,52,10.3,0.0,995.0,390.0
2026-05-31T21:00:00,11.4,9.3,148.0,24.9,55,6.1,0.0,995.4,445.0
2026-05-31T22:00:00,11.2,7.9,146.0,22.5,70,13.0,0.7,996.6,225.0
2026-05-31T23:00:00,11.6,7.8,144.0,22.1,74,10.8,0.3,995.2,185.0
2026-06-01T00:00:00,11.2,6.2,138.0,20.4,88,6.9,0.0,994.5,155.0
2026-06-01T01:00:00,12.3,6.4,135.0,20.2,91,13.8,0.3,994.9,220.0
2026-06-01T02:00:00,12.0,5.8,132.0,19.7,89,9.6,0.0,994.6,135.0
2026-06-01T03:00:00,12.2,6.1,130.0,19.4,90,8.6,0.0,994.4,105.0
2026-06-01T04:00:00,11.4,7.3,132.0,19.3,90,2.7,0.0,994.9,120.0
2026-06-01T05:00:00,11.1,10.9,135.0,20.1,87,6.9,0.0,995.9,215.0
2026-06-01T06:00:00,10.8,13.2,141.0,22.0,76,3.2,0.0,996.3,345.0
2026-06-01T07:00:00,10.3,9.9,142.0,23.8,68,4.8,0.0,996.3,630.0
2026-06-01T08:00:00,9.2,7.6,141.0,25.8,57,3.1,0.0,996.5,1095.0
2026-06-01T09:00:00,8.3,6.1,133.0,27.1,51,4.5,0.0,996.6,1185.0
2026-06-01T10:00:00,6.8,7.5,132.0,28.4,45,4.7,0.0,996.4,1420.0
2026-06-01T11:00:00,6.8,5.7,131.0,29.8,39,5.9,0.0,995.9,2180.0
2026-06-01T12:00:00,7.4,4.8,130.0,30.1,34,4.2,0.0,995.5,2175.0
2026-06-01T13:00:00,6.8,4.7,130.0,31.0,31,3.4,0.0,994.8,2400.0
2026-06-01T14:00:00,6.2,4.8,134.0,31.4,28,5.9,0.0,994.2,2430.0
2026-06-01T15:00:00,6.0,4.9,135.0,31.3,28,8.7,0.0,993.9,2330.0
2026-06-01T16:00:00,6.5,6.0,136.0,31.0,28,9.7,0.0,993.8,2380.0
2026-06-01T17:00:00,6.9,7.7,137.0,30.4,30,10.2,0.0,993.6,2310.0
2026-06-01T18:00:00,7.0,9.6,141.0,30.4,28,8.4,0.0,993.3,1910.0
2026-06-01T19:00:00,8.9,10.1,150.0,28.7,36,11.5,0.0,993.8,680.0
2026-06-01T20:00:00,8.2,8.4,154.0,26.3,50,13.6,0.0,995.2,780.0
2026-06-01T21:00:00,8.0,8.4,155.0,23.8,66,13.3,0.0,996.5,710.0
2026-06-01T22:00:00,7.2,7.5,156.0,22.3,74,11.5,0.0,996.9,625.0
2026-06-01T23:00:00,6.5,7.6,154.0,21.9,76,13.1,0.0,996.8,660.0
2026-06-02T00:00:00,7.7,6.6,153.0,19.9,88,16.1,0.0,996.2,495.0
2026-06-02T01:00:00,8.1,5.6,151.0,20.1,87,16.7,0.1,995.8,585.0
2026-06-02T02:00:00,8.8,5.1,148.0,19.9,84,12.5,0.1,996.1,580.0
2026-06-02T03:00:00,9.2,5.1,148.0,19.0,93,10.4,1.7,996.1,510.0
2026-06-02T04:00:00,8.9,7.4,150.0,18.7,96,9.1,2.3,996.1,485.0
2026-06-02T05:00:00,8.5,9.1,152.0,18.8,95,11.1,0.7,995.9,555.0
2026-06-02T06:00:00,7.8,13.8,152.0,20.5,81,15.0,1.0,995.7,570.0
2026-06-02T07:00:00,7.6,14.6,155.0,20.4,84,13.6,0.4,995.6,510.0
2026-06-02T08:00:00,6.4,14.0,156.0,21.7,79,13.9,0.1,995.6,680.0
2026-06-02T09:00:00,5.2,8.9,153.0,22.7,75,12.3,0.6,995.6,830.0
2026-06-02T10:00:00,5.5,8.6,153.0,22.9,73,11.4,1.1,995.2,655.0
2026-06-02T11:00:00,5.0,7.7,151.0,20.2,90,6.7,3.0,994.9,385.0
2026-06-02T12:00:00,4.6,6.8,147.0,20.7,85,14.8,0.8,993.8,510.0
2026-06-02T13:00:00,4.7,7.6,147.0,20.4,86,13.4,1.0,993.4,515.0
2026-06-02T14:00:00,5.8,9.7,148.0,19.4,92,9.4,2.7,993.2,395.0
2026-06-02T15:00:00,6.5,13.1,151.0,18.6,94,12.1,1.2,993.0,375.0
2026-06-02T16:00:00,5.8,18.2,159.0,18.6,96,8.5,7.5,992.4,490.0
2026-06-02T17:00:00,6.2,25.1,163.0,18.3,96,8.8,5.6,991.4,510.0
2026-06-02T18:00:00,7.1,33.3,174.0,18.2,94,8.8,11.9,991.6,480.0
2026-06-02T19:00:00,6.3,32.1,178.0,18.1,95,11.2,3.5,991.5,460.0
2026-06-02T20:00:00,6.6,30.8,186.0,18.0,97,8.3,1.7,991.2,385.0
2026-06-02T21:00:00,6.7,27.7,186.0,17.7,96,8.8,1.9,991.7,380.0
2026-06-02T22:00:00,6.9,26.8,186.0,17.4,95,8.6,3.1,991.5,310.0
2026-06-02T23:00:00,8.9,26.3,191.0,17.4,95,5.7,0.5,990.4,165.0
2026-06-03T00:00:00,8.8,25.0,185.0,16.7,93,3.1,0.0,991.3,110.0
2026-06-03T01:00:00,10.3,23.2,185.0,16.7,92,1.7,0.0,990.7,40.0
2026-06-03T02:00:00,11.7,22.3,186.0,16.0,95,3.5,0.0,990.1,55.0
2026-06-03T03:00:00,12.2,21.6,187.0,15.8,96,4.7,0.0,990.2,60.0
2026-06-03T04:00:00,14.3,21.5,184.0,15.5,97,7.4,0.0,990.3,90.0
2026-06-03T05:00:00,14.1,22.4,176.0,16.3,93,8.3,0.0,990.7,155.0
2026-06-03T06:00:00,13.4,22.1,172.0,18.0,88,6.9,0.0,991.1,225.0
2026-06-03T07:00:00,11.1,16.9,172.0,19.7,81,7.2,0.0,991.2,390.0
2026-06-03T08:00:00,9.4,11.8,156.0,21.5,74,9.0,0.0,991.1,515.0
2026-06-03T09:00:00,4.0,7.6,136.0,23.8,58,10.6,0.0,991.3,1080.0
2026-06-03T10:00:00,3.5,3.6,124.0,25.4,35,14.3,0.0,991.6,1680.0
2026-06-03T11:00:00,2.0,2.8,120.0,25.8,36,14.7,0.0,991.7,1615.0
2026-06-03T12:00:00,1.9,2.6,117.0,27.5,27,13.0,0.0,991.2,2735.0
2026-06-03T13:00:00,2.0,2.6,116.0,27.6,29,10.3,0.0,991.0,2565.0
2026-06-03T14:00:00,2.2,2.9,116.0,27.5,31,9.1,0.0,991.2,2290.0
2026-06-03T15:00:00,2.5,3.9,122.0,27.2,34,9.7,0.0,991.1,1665.0
2026-06-03T16:00:00,3.3,5.2,124.0,26.7,37,7.6,0.0,991.1,980.0
2026-06-03T17:00:00,3.8,8.6,131.0,26.0,45,4.9,0.0,991.0,340.0
2026-06-03T18:00:00,4.5,18.2,139.0,25.3,51,5.5,0.0,991.0,70.0
2026-06-03T19:00:00,5.3,26.8,158.0,23.2,57,5.2,0.0,991.2,55.0
2026-06-03T20:00:00,6.1,29.8,158.0,22.1,59,6.0,0.0,991.7,50.0
2026-06-03T21:00:00,6.4,25.2,159.0,20.7,67,4.9,0.0,992.6,70.0
2026-06-03T22:00:00,6.5,34.7,177.0,19.9,72,10.3,0.0,993.9,270.0
2026-06-03T23:00:00,7.3,39.2,184.0,18.7,80,14.2,0.0,994.2,345.0
2026-06-04T00:00:00,7.0,21.1,166.0,19.2,78,11.7,0.0,994.2,425.0
2026-06-04T01:00:00,9.8,12.9,155.0,18.8,74,11.3,0.0,994.2,405.0
2026-06-04T02:00:00,11.7,8.8,150.0,18.4,73,11.9,0.0,994.0,435.0
2026-06-04T03:00:00,8.7,8.7,138.0,17.9,75,10.3,0.0,994.2,460.0
2026-06-04T04:00:00,9.3,10.7,137.0,17.4,77,8.5,0.0,994.8,435.0
2026-06-04T05:00:00,7.8,14.8,141.0,17.9,75,8.4,0.0,995.1,495.0
2026-06-04T06:00:00,7.0,19.3,145.0,18.9,73,8.6,0.0,995.4,580.0
2026-06-04T07:00:00,6.2,15.8,145.0,19.8,68,10.6,0.0,995.1,600.0
2026-06-04T08:00:00,7.1,12.2,141.0,20.7,64,9.1,0.0,995.6,690.0
2026-06-04T09:00:00,7.2,8.7,136.0,21.8,62,9.3,0.0,995.3,775.0
2026-06-04T10:00:00,7.2,6.5,133.0,22.9,60,8.7,0.0,994.9,865.0
2026-06-04T11:00:00,8.1,5.2,133.0,23.7,56,5.9,0.0,994.7,1090.0
2026-06-04T12:00:00,7.9,4.6,133.0,24.3,52,6.3,0.4,993.8,1075.0
2026-06-04T13:00:00,7.2,4.7,134.0,24.9,49,3.9,0.0,993.4,1410.0
2026-06-04T14:00:00,6.7,5.8,135.0,24.9,48,4.8,0.1,992.9,1465.0
2026-06-04T15:00:00,6.1,8.1,137.0,24.7,49,1.9,0.0,992.4,1500.0
2026-06-04T16:00:00,6.3,11.1,149.0,24.5,49,3.2,0.0,992.0,1550.0
2026-06-04T17:00:00,9.3,17.8,162.0,23.8,52,3.2,0.0,991.4,1375.0
2026-06-04T18:00:00,10.7,25.9,165.0,23.0,63,5.6,0.0,990.8,420.0
2026-06-04T19:00:00,8.1,23.4,165.0,22.4,69,2.6,0.1,990.5,40.0
2026-06-04T20:00:00,9.9,24.8,165.0,19.8,78,14.4,0.1,991.0,310.0
2026-06-04T21:00:00,9.7,23.8,166.0,18.0,86,12.1,0.1,991.8,190.0
2026-06-04T22:00:00,7.2,21.3,156.0,17.8,94,8.0,0.8,991.7,85.0
2026-06-04T23:00:00,5.3,19.6,149.0,18.0,96,10.0,1.0,991.1,145.0
2026-06-05T00:00:00,4.8,16.0,143.0,18.1,92,7.6,1.3,990.5,245.0
2026-06-05T01:00:00,4.1,12.8,135.0,17.8,93,7.0,4.7,990.7,310.0
2026-06-05T02:00:00,4.4,11.2,130.0,17.5,93,5.7,1.9,990.8,220.0
2026-06-05T03:00:00,4.5,10.3,131.0,17.2,94,7.9,0.2,991.0,220.0
2026-06-05T04:00:00,4.9,11.2,133.0,17.0,94,4.3,0.0,991.2,145.0
2026-06-05T05:00:00,5.0,13.6,135.0,17.6,91,4.7,0.0,991.8,150.0
2026-06-05T06:00:00,5.8,17.2,141.0,18.3,88,3.2,0.0,992.8,295.0
2026-06-05T07:00:00,5.7,17.7,145.0,19.3,79,4.0,0.0,993.2,560.0
2026-06-05T08:00:00,5.3,13.9,147.0,20.4,72,3.9,0.0,993.7,650.0
2026-06-05T09:00:00,5.6,12.1,144.0,21.6,66,4.3,0.0,994.0,980.0
2026-06-05T10:00:00,5.9,9.0,135.0,22.5,65,5.2,0.0,994.2,1235.0
2026-06-05T11:00:00,5.6,4.9,132.0,23.0,64,6.5,0.0,994.3,1290.0
2026-06-05T12:00:00,5.3,4.3,130.0,23.4,59,7.4,0.0,994.3,1105.0
2026-06-05T13:00:00,5.6,3.8,131.0,23.9,58,5.2,0.0,994.1,1085.0
2026-06-05T14:00:00,5.5,3.8,133.0,24.2,55,7.4,0.0,993.9,1115.0
2026-06-05T15:00:00,5.4,5.0,136.0,24.5,53,7.9,0.0,993.9,1185.0
2026-06-05T16:00:00,5.2,7.1,138.0,24.3,51,7.7,0.1,993.9,1260.0
2026-06-05T17:00:00,4.6,11.8,139.0,23.7,55,7.2,0.0,994.0,1025.0
2026-06-05T18:00:00,5.5,17.5,148.0,23.5,61,5.2,0.0,994.2,265.0
2026-06-05T19:00:00,7.4,18.3,153.0,22.5,65,4.4,0.0,994.4,120.0
2026-06-05T20:00:00,7.3,16.9,148.0,21.7,69,5.9,0.0,995.3,145.0
2026-06-05T21:00:00,6.7,15.0,139.0,20.0,69,12.5,0.5,996.2,495.0
2026-06-05T22:00:00,6.4,11.1,138.0,16.3,86,14.1,1.3,997.4,255.0
2026-06-05T23:00:00,5.9,10.1,132.0,16.1,94,14.8,2.3,997.6,245.0
2026-06-06T00:00:00,5.7,8.5,129.0,15.7,93,6.9,0.3,997.6,170.0
2026-06-06T01:00:00,5.5,6.9,127.0,16.3,93,13.6,4.6,997.4,330.0
2026-06-06T02:00:00,5.5,6.6,126.0,16.5,94,10.0,3.4,997.6,490.0
2026-06-06T03:00:00,6.0,6.8,126.0,16.8,94,10.8,0.4,998.0,575.0
2026-06-06T04:00:00,5.3,5.8,124.0,16.5,93,10.7,0.0,998.6,485.0
2026-06-06T05:00:00,4.1,5.7,123.0,16.7,91,10.9,0.0,998.9,510.0
2026-06-06T06:00:00,3.7,5.5,126.0,18.1,84,10.2,0.0,998.7,570.0
2026-06-06T07:00:00,4.0,5.5,127.0,18.8,79,11.0,0.0,999.1,555.0
2026-06-06T08:00:00,4.1,5.4,130.0,19.7,77,9.8,0.1,999.3,640.0
2026-06-06T09:00:00,4.7,5.1,131.0,20.6,76,8.5,0.0,999.3,755.0
2026-06-06T10:00:00,5.4,4.4,130.0,21.3,73,6.4,0.1,999.6,855.0
2026-06-06T11:00:00,5.9,4.2,129.0,22.5,68,6.1,0.1,999.6,985.0
2026-06-06T12:00:00,6.0,3.5,127.0,23.9,53,7.6,0.0,999.7,1165.0
2026-06-06T13:00:00,6.0,3.3,125.0,24.5,50,4.9,0.2,999.3,1255.0
2026-06-06T14:00:00,5.9,3.6,126.0,24.9,49,3.1,0.2,999.3,1405.0
2026-06-06T15:00:00,5.4,3.5,129.0,24.9,50,3.9,0.1,999.3,1410.0
2026-06-06T16:00:00,5.5,5.2,133.0,24.9,51,4.3,0.0,999.2,1005.0
2026-06-06T17:00:00,6.5,9.3,141.0,24.5,54,5.4,0.0,999.2,650.0
2026-06-06T18:00:00,6.9,12.5,141.0,24.2,58,1.9,0.0,999.6,60.0
2026-06-06T19:00:00,7.7,21.1,156.0,23.2,64,1.0,0.0,1000.1,35.0
2026-06-06T20:00:00,8.8,31.3,170.0,22.5,67,0.4,0.0,1000.9,15.0
2026-06-06T21:00:00,8.9,33.8,167.0,21.6,68,8.4,0.0,1001.7,245.0
2026-06-06T22:00:00,9.4,26.2,160.0,20.3,68,8.9,0.0,1002.0,235.0
2026-06-06T23:00:00,10.2,23.7,159.0,19.2,73,6.5,0.0,1002.2,145.0
2026-06-07T00:00:00,9.5,25.3,151.0,19.2,76,7.9,0.0,1002.2,125.0
2026-06-07T01:00:00,10.7,18.6,151.0,18.6,79,6.4,0.0,1002.2,100.0
2026-06-07T02:00:00,13.1,17.4,153.0,18.2,80,6.2,0.0,1002.2,85.0
2026-06-07T03:00:00,14.0,18.1,153.0,17.8,82,6.4,0.0,1002.3,70.0
2026-06-07T04:00:00,13.4,18.6,152.0,17.7,83,6.8,0.0,1002.6,85.0
2026-06-07T05:00:00,14.1,16.0,154.0,18.6,78,7.1,0.0,1003.1,140.0
2026-06-07T06:00:00,7.0,9.6,130.0,20.0,74,4.8,0.0,1003.8,160.0
2026-06-07T07:00:00,6.3,7.0,124.0,21.6,67,5.5,0.0,1004.1,310.0
2026-06-07T08:00:00,6.4,6.7,123.0,23.0,61,3.5,0.0,1004.4,475.0
2026-06-07T09:00:00,6.2,4.9,123.0,24.4,56,1.1,0.0,1004.5,785.0
2026-06-07T10:00:00,6.4,4.2,123.0,25.3,53,0.4,0.0,1004.5,1070.0
2026-06-07T11:00:00,5.9,3.3,124.0,26.1,50,2.1,0.1,1004.4,1245.0
2026-06-07T12:00:00,6.0,2.9,124.0,26.7,49,4.0,0.3,1003.9,1375.0
2026-06-07T13:00:00,6.1,2.9,122.0,27.3,49,2.4,0.0,1003.4,1490.0
2026-06-07T14:00:00,6.4,3.2,122.0,27.5,48,2.1,0.0,1003.1,1525.0
2026-06-07T15:00:00,6.5,4.6,124.0,27.7,47,2.7,0.0,1002.9,1560.0
2026-06-07T16:00:00,6.6,5.7,129.0,27.5,47,3.3,0.0,1002.6,1510.0
2026-06-07T17:00:00,6.8,9.1,139.0,26.9,49,1.5,0.0,1002.5,1235.0
2026-06-07T18:00:00,8.8,13.5,143.0,26.7,53,4.7,0.0,1001.8,95.0
2026-06-07T19:00:00,9.7,21.0,163.0,25.5,61,1.3,0.0,1001.8,35.0
2026-06-07T20:00:00,11.1,30.2,170.0,25.2,62,0.8,0.0,1002.0,30.0
2026-06-07T21:00:00,12.0,25.4,165.0,24.0,64,3.1,0.0,1002.5,65.0
2026-06-07T22:00:00,12.7,22.2,175.0,22.7,62,6.1,0.0,1002.9,150.0
2026-06-07T23:00:00,13.4,22.0,184.0,21.4,63,4.3,0.0,1002.7,80.0
2026-06-08T00:00:00,19.0,22.1,170.0,20.4,80,1.3,0.0,1002.5,15.0
2026-06-08T01:00:00,20.2,23.5,161.0,19.8,82,1.2,0.0,1002.5,15.0
2026-06-08T02:00:00,19.9,20.5,162.0,19.2,88,3.2,0.0,1002.3,20.0
2026-06-08T03:00:00,22.4,19.6,162.0,19.3,88,5.3,0.0,1002.2,45.0
2026-06-08T04:00:00,22.5,24.3,161.0,19.5,85,4.5,0.0,1002.5,60.0
2026-06-08T05:00:00,24.4,22.5,177.0,20.2,82,5.6,0.0,1002.4,95.0
2026-06-08T06:00:00,23.3,26.3,192.0,21.7,78,3.1,0.0,1002.7,170.0
2026-06-08T07:00:00,19.4,22.9,182.0,23.3,70,4.2,0.0,1002.8,385.0
2026-06-08T08:00:00,17.5,18.3,177.0,24.5,65,5.2,0.0,1002.8,495.0
2026-06-08T09:00:00,18.9,12.6,163.0,25.9,58,3.6,0.0,1002.5,730.0
2026-06-08T10:00:00,17.6,9.9,154.0,27.1,53,3.3,0.0,1002.2,1425.0
2026-06-08T11:00:00,17.4,6.2,158.0,27.9,51,3.3,0.1,1001.8,1570.0
2026-06-08T12:00:00,18.4,5.5,152.0,28.5,45,5.1,0.0,1000.8,1535.0
2026-06-08T13:00:00,17.2,4.8,148.0,29.1,43,3.2,0.0,1000.2,1615.0
2026-06-08T14:00:00,14.6,6.0,145.0,29.3,42,2.2,0.0,999.6,1730.0
2026-06-08T15:00:00,9.3,6.1,145.0,29.4,41,1.2,0.0,999.1,1765.0
2026-06-08T16:00:00,9.3,8.2,150.0,29.0,42,1.1,0.0,998.7,1610.0
2026-06-08T17:00:00,10.2,12.8,159.0,28.5,44,2.2,0.0,998.3,1340.0
2026-06-08T18:00:00,11.2,17.7,172.0,28.0,46,4.1,0.0,997.7,60.0
2026-06-08T19:00:00,13.1,28.4,190.0,26.8,57,2.0,0.0,997.7,60.0
2026-06-08T20:00:00,14.4,31.3,196.0,25.7,61,6.8,0.0,997.9,155.0
2026-06-08T21:00:00,18.9,31.4,198.0,24.9,53,11.1,0.0,998.4,370.0
2026-06-08T22:00:00,22.6,32.0,197.0,23.9,55,11.0,0.0,998.3,305.0
2026-06-08T23:00:00,24.8,29.0,195.0,22.8,68,7.6,0.0,998.1,145.0
2026-06-09T00:00:00,20.2,17.9,191.0,22.3,70,10.7,0.0,997.4,225.0
2026-06-09T01:00:00,15.2,15.0,174.0,22.0,71,8.6,0.0,997.3,215.0
2026-06-09T02:00:00,12.0,12.3,170.0,21.1,71,3.5,0.0,996.8,135.0
2026-06-09T03:00:00,14.7,11.8,170.0,20.8,68,4.0,0.0,996.8,135.0
2026-06-09T04:00:00,14.4,14.0,169.0,20.6,65,6.9,0.0,996.9,185.0
2026-06-09T05:00:00,10.9,20.0,175.0,20.8,67,6.1,0.0,997.3,205.0
2026-06-09T06:00:00,11.4,24.1,192.0,22.4,62,8.0,0.0,997.1,285.0
2026-06-09T07:00:00,11.8,23.0,178.0,23.6,58,7.8,0.0,997.4,405.0
2026-06-09T08:00:00,12.0,18.7,164.0,25.0,54,5.9,0.0,997.3,630.0
2026-06-09T09:00:00,11.7,14.6,158.0,26.3,49,4.0,0.0,997.2,960.0
2026-06-09T10:00:00,11.0,10.2,165.0,27.5,45,2.0,0.0,996.9,1415.0
2026-06-09T11:00:00,10.7,6.8,163.0,28.3,42,2.7,0.0,996.3,1565.0
2026-06-09T12:00:00,10.8,5.5,163.0,29.3,40,5.0,0.0,995.5,1635.0
2026-06-09T13:00:00,11.3,5.3,160.0,30.1,38,4.5,0.0,995.0,1955.0
2026-06-09T14:00:00,11.7,5.5,156.0,30.2,38,3.1,0.0,994.6,2210.0
2026-06-09T15:00:00,11.9,6.9,149.0,24.0,65,16.4,0.2,995.2,410.0
2026-06-09T16:00:00,10.3,9.8,155.0,25.3,58,3.7,0.2,995.1,290.0
2026-06-09T17:00:00,9.3,13.7,154.0,25.2,61,6.7,0.1,994.5,530.0
2026-06-09T18:00:00,9.3,16.2,156.0,27.9,46,3.0,0.1,993.6,400.0
2026-06-09T19:00:00,9.9,19.9,163.0,25.0,59,5.3,0.3,994.0,165.0
2026-06-09T20:00:00,10.8,20.4,168.0,21.9,78,12.4,0.3,994.8,300.0
2026-06-09T21:00:00,11.2,18.7,167.0,21.3,76,7.6,0.0,994.9,210.0
2026-06-09T22:00:00,11.2,15.7,165.0,20.9,75,7.4,0.1,995.5,305.0
2026-06-09T23:00:00,11.2,15.9,159.0,20.3,77,9.3,0.3,995.4,385.0
2026-06-10T00:00:00,10.2,14.8,154.0,19.7,87,9.5,0.0,994.7,160.0
2026-06-10T01:00:00,9.8,13.0,153.0,18.2,89,13.8,0.4,994.5,320.0
2026-06-10T02:00:00,10.6,11.7,159.0,18.7,81,9.5,0.1,994.5,305.0
2026-06-10T03:00:00,9.6,11.2,161.0,18.7,82,10.2,0.2,994.1,365.0
2026-06-10T04:00:00,8.6,12.0,165.0,18.3,86,9.6,0.3,994.5,350.0
2026-06-10T05:00:00,8.9,15.8,174.0,18.4,89,8.4,0.6,994.3,305.0
2026-06-10T06:00:00,9.2,22.0,173.0,20.0,81,15.3,1.3,993.7,350.0
2026-06-10T07:00:00,8.3,23.1,172.0,21.1,72,11.5,0.3,993.7,425.0
2026-06-10T08:00:00,6.3,23.2,163.0,20.8,72,14.1,0.3,994.3,645.0
2026-06-10T09:00:00,5.8,18.6,158.0,21.3,69,10.2,0.2,994.2,490.0
2026-06-10T10:00:00,5.9,13.6,153.0,23.3,60,4.1,0.4,993.7,615.0
2026-06-10T11:00:00,6.6,10.8,153.0,24.8,54,5.2,0.1,993.1,1100.0
2026-06-10T12:00:00,7.0,9.7,156.0,23.0,65,11.2,0.1,992.8,495.0
2026-06-10T13:00:00,7.6,7.8,156.0,23.4,60,13.5,0.4,992.5,790.0
2026-06-10T14:00:00,7.1,6.8,154.0,22.7,65,14.1,0.4,992.8,530.0
2026-06-10T15:00:00,6.5,6.8,149.0,23.6,60,8.1,0.2,993.3,630.0
2026-06-10T16:00:00,5.7,8.6,147.0,23.4,58,12.0,0.2,993.5,735.0
2026-06-10T17:00:00,5.0,11.5,149.0,24.2,46,11.6,0.0,993.4,890.0
2026-06-10T18:00:00,4.0,10.9,141.0,23.5,37,13.2,0.0,994.3,855.0
2026-06-10T19:00:00,3.4,12.9,131.0,22.0,37,13.2,0.0,994.9,730.0
2026-06-10T20:00:00,3.1,12.0,127.0,20.9,34,15.5,0.0,995.8,565.0
2026-06-10T21:00:00,2.6,8.8,120.0,20.3,31,16.8,0.0,995.7,520.0
2026-06-10T22:00:00,2.4,6.3,117.0,19.6,32,16.8,0.0,996.4,485.0
2026-06-10T23:00:00,2.3,5.2,116.0,18.8,34,16.1,0.0,996.5,455.0
2026-06-11T00:00:00,2.1,4.9,113.0,18.7,35,14.8,0.0,996.6,390.0
2026-06-11T01:00:00,2.0,4.2,112.0,18.7,36,15.1,0.0,996.6,475.0
2026-06-11T02:00:00,2.0,3.5,109.0,18.3,37,15.2,0.0,996.5,460.0
2026-06-11T03:00:00,2.1,4.3,107.0,18.0,37,13.7,0.0,996.6,380.0
2026-06-11T04:00:00,2.4,6.6,108.0,17.7,39,12.6,0.0,997.0,275.0
2026-06-11T05:00:00,2.9,10.1,113.0,17.7,41,13.1,0.0,997.8,250.0
2026-06-11T06:00:00,3.5,13.0,123.0,19.2,39,10.5,0.0,998.4,315.0
2026-06-11T07:00:00,3.7,13.1,123.0,21.3,32,13.0,0.0,998.7,670.0
2026-06-11T08:00:00,3.7,10.0,118.0,22.9,27,11.0,0.0,999.2,1010.0
2026-06-11T09:00:00,3.3,7.9,115.0,24.1,26,10.2,0.0,999.6,1320.0
2026-06-11T10:00:00,3.5,5.9,113.0,25.3,23,8.7,0.0,999.9,1850.0
2026-06-11T11:00:00,3.4,5.0,111.0,26.3,21,7.1,0.0,999.7,2165.0
2026-06-11T12:00:00,3.3,3.8,109.0,26.8,19,0.7,0.0,999.5,2440.0
2026-06-11T13:00:00,3.0,2.9,106.0,28.0,18,4.3,0.0,999.2,2445.0
2026-06-11T14:00:00,2.8,3.3,105.0,28.4,18,6.4,0.0,999.2,2595.0
2026-06-11T15:00:00,2.8,4.1,105.0,28.6,17,9.0,0.0,999.2,2625.0
2026-06-11T16:00:00,2.9,5.3,109.0,28.4,15,11.7,0.0,999.2,2515.0
2026-06-11T17:00:00,3.2,7.4,114.0,27.5,16,12.4,0.0,999.2,2020.0
2026-06-11T18:00:00,3.9,11.4,117.0,27.6,14,10.5,0.0,999.7,1955.0
2026-06-11T19:00:00,4.5,14.0,123.0,26.3,17,9.4,0.0,999.7,305.0
2026-06-11T20:00:00,4.3,15.3,121.0,25.1,18,6.6,0.0,1000.7,260.0
2026-06-11T21:00:00,4.3,11.6,118.0,23.6,27,7.6,0.0,1001.5,185.0
2026-06-11T22:00:00,4.2,10.2,121.0,22.0,42,8.1,0.0,1002.0,140.0
2026-06-11T23:00:00,4.8,13.4,126.0,20.8,49,10.8,0.0,1002.7,330.0
2026-06-12T00:00:00,5.3,14.1,133.0,20.3,50,11.2,0.0,1003.3,450.0
2026-06-12T01:00:00,6.6,11.9,135.0,19.9,51,11.3,0.0,1003.4,480.0
2026-06-12T02:00:00,7.9,10.4,132.0,19.5,52,11.6,0.0,1003.4,465.0
2026-06-12T03:00:00,8.5,9.6,131.0,19.0,55,10.0,0.0,1004.0,420.0
2026-06-12T04:00:00,8.2,11.4,133.0,18.6,57,9.6,0.0,1004.6,415.0
2026-06-12T05:00:00,7.6,15.9,134.0,19.2,57,8.4,0.0,1005.1,505.0
2026-06-12T06:00:00,8.3,15.4,137.0,20.1,53,10.0,0.0,1005.9,655.0
2026-06-12T07:00:00,8.7,13.7,131.0,21.4,50,8.7,0.0,1006.2,825.0
2026-06-12T08:00:00,6.9,10.8,132.0,22.8,46,7.1,0.0,1006.2,945.0
2026-06-12T09:00:00,6.4,8.6,129.0,24.4,40,5.4,0.0,1006.1,1305.0
2026-06-12T10:00:00,6.6,6.5,125.0,25.9,34,4.2,0.0,1005.7,1535.0
2026-06-12T11:00:00,7.0,5.5,126.0,27.3,30,2.7,0.0,1005.3,1730.0
2026-06-12T12:00:00,7.5,5.1,126.0,28.3,28,0.4,0.0,1004.6,1930.0
2026-06-12T13:00:00,6.7,4.9,126.0,29.5,26,1.8,0.0,1003.7,1960.0
2026-06-12T14:00:00,6.1,4.9,126.0,30.0,26,2.2,0.0,1003.2,1910.0
2026-06-12T15:00:00,5.8,5.7,124.0,30.2,26,4.2,0.0,1002.8,1805.0
2026-06-12T16:00:00,6.0,7.8,127.0,30.0,27,5.4,0.0,1002.6,1780.0
2026-06-12T17:00:00,6.9,10.0,129.0,29.5,27,5.6,0.0,1002.7,1655.0
2026-06-12T18:00:00,6.8,14.6,136.0,29.4,27,5.8,0.0,1002.8,1705.0
2026-06-12T19:00:00,7.7,19.9,141.0,28.4,28,4.7,0.0,1003.0,1220.0
2026-06-12T20:00:00,8.1,24.0,149.0,27.7,30,5.9,0.0,1003.7,305.0
2026-06-12T21:00:00,9.5,23.8,143.0,26.5,37,1.4,0.0,1004.0,200.0
2026-06-12T22:00:00,9.7,22.7,153.0,25.0,40,3.7,0.0,1004.2,195.0
2026-06-12T23:00:00,10.7,22.5,151.0,24.0,40,4.8,0.0,1003.9,190.0
2026-06-13T00:00:00,10.2,22.9,153.0,23.2,43,3.6,0.0,1003.7,170.0
2026-06-13T01:00:00,12.9,21.9,153.0,22.3,45,2.8,0.0,1003.2,110.0
2026-06-13T02:00:00,12.2,21.4,155.0,21.4,48,2.7,0.0,1002.8,70.0
2026-06-13T03:00:00,14.1,21.3,161.0,20.7,51,1.1,0.0,1002.8,60.0
2026-06-13T04:00:00,16.5,20.9,163.0,20.1,53,2.0,0.0,1002.9,55.0
2026-06-13T05:00:00,17.4,17.0,162.0,21.0,48,1.7,0.0,1003.2,115.0
2026-06-13T06:00:00,17.7,13.3,164.0,22.1,46,1.8,0.0,1003.6,235.0
2026-06-13T07:00:00,19.4,11.9,159.0,24.1,41,1.0,0.0,1003.7,405.0
2026-06-13T08:00:00,20.1,11.1,154.0,26.1,36,1.9,0.0,1003.8,510.0
2026-06-13T09:00:00,11.2,9.1,147.0,28.1,33,4.0,0.0,1003.6,700.0
2026-06-13T10:00:00,8.4,5.4,135.0,30.1,29,5.1,0.0,1003.3,1145.0
2026-06-13T11:00:00,8.1,3.2,126.0,31.5,27,7.1,0.0,1003.1,1365.0
2026-06-13T12:00:00,7.7,2.7,117.0,33.1,24,9.3,0.0,1002.0,1590.0
2026-06-13T13:00:00,6.6,2.4,105.0,33.4,23,9.9,0.0,1001.2,1630.0
2026-06-13T14:00:00,6.4,2.1,105.0,33.8,20,9.7,0.0,1000.5,1665.0
2026-06-13T15:00:00,6.5,2.3,99.0,34.0,20,8.9,0.0,999.7,1675.0
2026-06-13T16:00:00,6.3,2.9,104.0,33.6,21,10.0,0.0,999.3,1700.0
2026-06-13T17:00:00,5.8,4.1,108.0,33.1,22,9.7,0.0,998.9,1450.0
2026-06-13T18:00:00,7.1,7.4,116.0,32.8,21,10.1,0.0,998.4,1400.0
2026-06-13T19:00:00,6.6,9.5,123.0,29.3,32,15.3,0.0,998.6,410.0
2026-06-13T20:00:00,5.9,9.8,119.0,26.4,35,13.3,0.0,999.0,340.0
2026-06-13T21:00:00,5.5,9.5,117.0,25.2,35,10.9,0.0,999.4,345.0
2026-06-13T22:00:00,5.8,9.4,116.0,24.4,35,9.2,0.0,999.5,395.0
2026-06-13T23:00:00,5.9,11.1,114.0,23.8,36,7.7,0.0,999.4,385.0
2026-06-14T00:00:00,5.4,9.8,112.0,23.5,40,9.7,0.0,998.8,365.0
2026-06-14T01:00:00,5.6,9.4,111.0,22.3,48,10.4,0.0,998.5,370.0
2026-06-14T02:00:00,5.6,8.2,109.0,21.5,55,8.1,0.0,998.1,310.0
2026-06-14T03:00:00,5.4,8.1,109.0,20.8,60,6.9,0.0,997.6,220.0
2026-06-14T04:00:00,5.7,8.4,109.0,20.5,63,7.3,0.0,997.4,200.0
2026-06-14T05:00:00,6.3,8.5,109.0,21.3,62,7.0,0.0,997.4,280.0
2026-06-14T06:00:00,6.7,6.2,109.0,22.1,59,7.0,0.0,997.6,345.0
2026-06-14T07:00:00,6.5,5.1,108.0,23.2,55,6.4,0.0,997.6,460.0
2026-06-14T08:00:00,6.7,3.9,109.0,24.6,49,6.1,0.0,997.6,735.0
2026-06-14T09:00:00,7.1,3.0,112.0,26.0,46,7.0,0.0,997.3,820.0
2026-06-14T10:00:00,7.7,2.6,117.0,27.4,46,8.7,0.0,996.8,945.0
2026-06-14T11:00:00,8.5,2.5,121.0,28.9,43,8.9,0.0,996.0,1065.0
2026-06-14T12:00:00,7.7,2.3,122.0,31.1,35,8.6,0.0,995.2,1365.0
2026-06-14T13:00:00,7.1,2.3,120.0,31.8,30,11.8,0.0,994.2,1645.0
2026-06-14T14:00:00,6.9,2.3,119.0,32.2,26,14.0,0.0,993.4,1665.0
2026-06-14T15:00:00,6.5,2.6,114.0,31.7,30,16.7,0.0,993.1,1605.0
2026-06-14T16:00:00,6.5,3.2,114.0,29.9,39,18.5,0.0,993.0,965.0
2026-06-14T17:00:00,6.5,4.3,111.0,28.4,43,16.7,0.0,992.8,610.0
2026-06-14T18:00:00,6.8,5.9,111.0,27.5,46,15.7,0.0,992.3,475.0
2026-06-14T19:00:00,7.2,7.1,111.0,25.4,50,15.1,0.0,992.6,420.0
2026-06-14T20:00:00,7.5,7.5,109.0,23.8,55,14.0,0.0,993.3,375.0
2026-06-14T21:00:00,7.8,7.3,111.0,22.7,59,12.3,0.0,993.8,345.0
2026-06-14T22:00:00,8.1,7.3,111.0,21.7,63,13.1,0.0,993.8,295.0
2026-06-14T23:00:00,8.3,7.5,110.0,21.0,67,12.3,0.0,993.7,265.0
2026-06-15T00:00:00,8.1,7.1,107.0,20.3,73,12.4,0.0,993.4,225.0
2026-06-15T01:00:00,8.1,7.2,105.0,20.0,75,13.1,0.0,993.1,230.0
2026-06-15T02:00:00,8.0,6.8,105.0,19.4,77,13.0,0.0,992.8,220.0
2026-06-15T03:00:00,8.1,7.3,106.0,18.9,79,12.4,0.0,992.7,210.0
2026-06-15T04:00:00,8.5,9.1,109.0,18.5,81,12.1,0.0,992.8,185.0
2026-06-15T05:00:00,8.8,12.7,115.0,19.4,77,12.3,0.0,993.0,185.0
2026-06-15T06:00:00,8.7,15.5,125.0,21.1,69,8.7,0.0,993.6,225.0
2026-06-15T07:00:00,9.4,16.6,137.0,23.3,62,10.0,0.0,993.7,280.0
2026-06-15T08:00:00,9.4,15.5,134.0,26.1,49,8.4,0.0,993.8,430.0
2026-06-15T09:00:00,9.3,13.7,130.0,28.7,37,6.7,0.0,994.0,1485.0
2026-06-15T10:00:00,8.2,10.2,132.0,30.8,25,7.0,0.0,993.8,2080.0
2026-06-15T11:00:00,7.0,4.1,113.0,32.1,18,8.9,0.0,993.4,2615.0
2026-06-15T12:00:00,6.5,2.6,105.0,32.9,16,8.4,0.0,993.5,2715.0
2026-06-15T13:00:00,5.6,2.4,103.0,33.2,16,9.4,0.0,993.1,3055.0
2026-06-15T14:00:00,5.1,2.9,103.0,33.4,16,9.6,0.0,992.9,3120.0
2026-06-15T15:00:00,4.9,4.2,104.0,33.1,18,10.3,0.0,992.9,3065.0
2026-06-15T16:00:00,5.0,4.9,106.0,32.2,20,14.5,0.0,993.0,2885.0
2026-06-15T17:00:00,5.2,5.7,109.0,31.7,21,12.9,0.0,992.9,2790.0
2026-06-15T18:00:00,6.0,8.4,112.0,31.5,19,10.6,0.0,993.4,2575.0
2026-06-15T19:00:00,6.5,12.2,119.0,30.2,20,6.9,0.0,993.8,435.0
2026-06-15T20:00:00,6.5,15.6,124.0,28.4,26,3.9,0.0,994.5,60.0
2026-06-15T21:00:00,7.0,15.9,118.0,27.2,31,4.3,0.0,995.5,185.0
2026-06-15T22:00:00,7.5,13.6,126.0,25.5,39,9.6,0.0,996.4,405.0
2026-06-15T23:00:00,7.9,11.2,133.0,23.6,60,9.3,0.0,996.9,360.0
2026-06-16T00:00:00,7.0,8.2,127.0,23.8,62,10.9,0.0,997.0,405.0
2026-06-16T01:00:00,9.2,7.4,126.0,22.8,67,9.4,0.0,997.3,440.0
2026-06-16T02:00:00,11.4,7.2,128.0,22.1,70,7.2,0.0,997.6,410.0
2026-06-16T03:00:00,13.3,7.1,132.0,21.8,71,7.4,0.0,998.1,415.0
2026-06-16T04:00:00,9.4,9.6,135.0,21.5,72,7.2,0.0,998.7,410.0
2026-06-16T05:00:00,10.2,12.1,140.0,22.0,69,8.8,0.0,999.2,445.0
2026-06-16T06:00:00,10.3,15.4,140.0,22.4,66,7.8,0.0,1000.1,585.0
2026-06-16T07:00:00,9.7,13.5,140.0,23.6,63,7.9,0.1,1000.5,700.0
2026-06-16T08:00:00,9.6,10.9,132.0,24.8,60,7.6,0.0,1000.7,850.0
2026-06-16T09:00:00,8.8,7.5,127.0,26.3,55,6.5,0.0,1000.9,1085.0
2026-06-16T10:00:00,7.8,5.9,126.0,27.8,48,5.8,0.0,1000.8,1305.0
2026-06-16T11:00:00,8.0,5.2,123.0,28.9,44,5.5,0.0,1000.6,1470.0
2026-06-16T12:00:00,8.5,5.1,124.0,29.6,42,6.0,0.0,1000.5,1660.0
2026-06-16T13:00:00,8.4,4.9,124.0,29.5,41,8.4,0.0,1000.3,1705.0
2026-06-16T14:00:00,8.8,4.7,121.0,29.7,40,4.9,0.0,999.9,1280.0
2026-06-16T15:00:00,9.3,6.0,126.0,30.4,34,2.7,0.1,999.9,1660.0
2026-06-16T16:00:00,9.5,8.3,126.0,30.7,32,4.5,0.0,999.8,1880.0
2026-06-16T17:00:00,9.2,10.7,128.0,30.6,32,4.6,0.0,999.6,1850.0
2026-06-16T18:00:00,8.2,11.3,130.0,29.6,37,13.6,0.0,999.6,800.0
2026-06-16T19:00:00,9.5,13.9,140.0,27.3,44,8.1,0.1,999.8,195.0
2026-06-16T20:00:00,10.0,18.8,149.0,26.6,46,7.9,0.0,1000.4,205.0
2026-06-16T21:00:00,10.5,20.2,161.0,25.4,55,3.3,0.4,1000.9,140.0
2026-06-16T22:00:00,11.6,20.6,164.0,25.5,55,7.2,0.0,1000.9,100.0
2026-06-16T23:00:00,12.4,21.6,169.0,24.8,57,2.3,0.0,1001.2,105.0
2026-06-17T00:00:00,12.8,22.0,158.0,24.6,62,0.9,0.0,1001.2,25.0
2026-06-17T01:00:00,13.3,21.0,161.0,23.5,65,2.7,0.0,1001.0,40.0
2026-06-17T02:00:00,14.2,18.2,157.0,23.1,66,2.6,0.0,1001.2,55.0
2026-06-17T03:00:00,14.5,17.8,155.0,23.0,68,4.4,0.0,1001.3,100.0
2026-06-17T04:00:00,14.7,19.8,151.0,22.9,68,5.0,0.0,1001.5,170.0
2026-06-17T05:00:00,16.5,22.0,163.0,23.4,66,5.6,0.0,1001.9,230.0
2026-06-17T06:00:00,17.2,25.4,185.0,23.7,63,4.3,0.0,1002.7,295.0
2026-06-17T07:00:00,19.0,26.2,187.0,25.6,56,3.5,0.0,1002.9,420.0
2026-06-17T08:00:00,18.5,23.5,182.0,27.5,49,2.3,0.0,1002.9,670.0
2026-06-17T09:00:00,14.0,16.0,160.0,29.3,43,2.9,0.0,1002.7,990.0
2026-06-17T10:00:00,12.5,9.6,150.0,30.9,38,4.8,0.0,1002.6,1225.0
2026-06-17T11:00:00,10.4,6.3,140.0,32.3,35,6.4,0.0,1002.3,1580.0
2026-06-17T12:00:00,9.1,4.5,136.0,33.8,29,9.2,0.0,1001.8,2445.0
2026-06-17T13:00:00,8.4,3.6,126.0,34.2,27,9.7,0.0,1001.4,2460.0
2026-06-17T14:00:00,8.0,3.6,124.0,34.5,26,8.9,0.0,1001.0,2415.0
2026-06-17T15:00:00,7.5,4.3,123.0,34.6,25,9.6,0.0,1000.7,2370.0
2026-06-17T16:00:00,7.3,5.8,122.0,34.3,25,10.4,0.0,1000.3,2265.0
2026-06-17T17:00:00,7.5,8.3,126.0,33.6,28,11.8,0.0,1000.1,2055.0
2026-06-17T18:00:00,11.4,9.7,132.0,33.6,25,13.4,0.0,999.8,1255.0
2026-06-17T19:00:00,12.0,12.6,135.0,32.6,27,11.4,0.0,1000.1,670.0
2026-06-17T20:00:00,12.3,17.7,140.0,30.3,33,11.2,0.0,1000.9,430.0
2026-06-17T21:00:00,12.8,17.0,138.0,28.6,35,8.7,0.0,1001.3,270.0
2026-06-17T22:00:00,12.1,14.3,135.0,27.6,38,7.0,0.0,1001.6,230.0
2026-06-17T23:00:00,10.5,13.7,132.0,27.1,40,5.5,0.0,1001.7,200.0
2026-06-18T00:00:00,8.4,14.0,130.0,26.6,44,2.5,0.0,1002.0,195.0
2026-06-18T01:00:00,7.8,12.8,129.0,26.0,46,5.0,0.0,1002.1,135.0
2026-06-18T02:00:00,8.1,14.0,129.0,25.7,47,4.5,0.0,1002.1,110.0
2026-06-18T03:00:00,13.3,16.7,143.0,25.2,52,0.9,0.0,1002.4,20.0
2026-06-18T04:00:00,12.8,21.0,156.0,24.3,55,1.9,0.0,1002.7,25.0
2026-06-18T05:00:00,14.5,23.4,163.0,25.0,52,4.0,0.0,1002.7,160.0
2026-06-18T06:00:00,21.2,25.6,168.0,25.4,60,4.3,0.0,1003.1,275.0
2026-06-18T07:00:00,20.5,23.7,174.0,27.2,55,1.4,0.0,1003.2,430.0
2026-06-18T08:00:00,16.2,20.6,159.0,29.1,47,0.9,0.0,1003.4,670.0
2026-06-18T09:00:00,12.7,14.9,150.0,30.9,41,1.6,0.0,1003.4,960.0
2026-06-18T10:00:00,12.2,11.7,146.0,32.4,36,3.1,0.0,1003.2,1300.0
2026-06-18T11:00:00,12.5,7.4,144.0,33.7,33,4.7,0.0,1002.9,1615.0
2026-06-18T12:00:00,12.6,5.4,144.0,34.5,31,7.0,0.0,1002.2,1955.0
2026-06-18T13:00:00,12.2,4.9,144.0,35.4,29,7.7,0.0,1001.8,2395.0
2026-06-18T14:00:00,12.1,5.0,146.0,35.3,29,9.5,0.0,1001.5,2460.0
2026-06-18T15:00:00,11.7,5.6,146.0,35.3,27,10.2,0.0,1001.2,2455.0
2026-06-18T16:00:00,11.0,6.6,146.0,34.9,27,9.9,0.0,1001.1,2430.0
2026-06-18T17:00:00,11.7,8.6,141.0,34.3,28,7.8,0.0,1000.8,2175.0
2026-06-18T18:00:00,12.2,11.0,149.0,34.6,27,7.9,0.0,1000.2,2210.0
2026-06-18T19:00:00,12.0,18.7,151.0,33.7,29,5.9,0.0,1000.3,1505.0
2026-06-18T20:00:00,12.0,17.3,145.0,32.2,35,4.1,0.0,1000.9,345.0
2026-06-18T21:00:00,13.1,17.7,144.0,30.5,36,5.4,0.0,1001.4,245.0
2026-06-18T22:00:00,13.0,15.6,152.0,30.0,33,2.6,0.0,1001.5,225.0
2026-06-18T23:00:00,12.4,14.7,153.0,29.7,33,2.8,0.0,1001.7,385.0
2026-06-19T00:00:00,11.8,11.0,155.0,28.1,50,7.6,0.0,1001.9,555.0
2026-06-19T01:00:00,13.4,10.0,151.0,27.0,60,7.3,0.0,1001.6,425.0
2026-06-19T02:00:00,15.1,10.2,152.0,26.1,63,4.5,0.0,1001.5,310.0
2026-06-19T03:00:00,16.8,9.6,155.0,25.5,66,3.4,0.0,1001.8,200.0
2026-06-19T04:00:00,17.8,10.6,155.0,25.2,67,3.2,0.0,1002.1,210.0
2026-06-19T05:00:00,17.5,15.6,162.0,26.3,62,4.8,0.0,1002.3,360.0
2026-06-19T06:00:00,14.1,21.8,168.0,26.5,60,5.8,0.0,1002.7,495.0
2026-06-19T07:00:00,10.7,17.3,166.0,28.1,51,5.1,0.0,1002.9,710.0
2026-06-19T08:00:00,11.2,11.0,155.0,29.6,44,5.8,0.0,1003.0,880.0
2026-06-19T09:00:00,11.3,7.5,146.0,31.1,40,6.1,0.0,1002.9,1070.0
2026-06-19T10:00:00,11.0,4.9,139.0,32.4,37,6.3,0.0,1002.8,1315.0
2026-06-19T11:00:00,10.8,4.0,137.0,33.6,33,7.2,0.0,1002.4,1525.0
2026-06-19T12:00:00,10.4,3.6,132.0,34.2,32,8.7,0.0,1001.7,1810.0
2026-06-19T13:00:00,10.0,3.8,130.0,35.0,28,6.9,0.0,1001.4,2150.0
2026-06-19T14:00:00,9.6,4.0,130.0,35.4,26,5.2,0.0,1001.1,2490.0
2026-06-19T15:00:00,9.4,4.9,131.0,35.7,25,6.3,0.0,1001.0,2550.0
2026-06-19T16:00:00,9.7,6.8,134.0,35.0,27,8.2,0.0,1000.9,2420.0
2026-06-19T17:00:00,9.4,11.8,138.0,34.1,29,5.4,0.0,1000.8,2230.0
2026-06-19T18:00:00,10.6,15.7,153.0,33.5,31,11.7,0.0,1000.3,1505.0
2026-06-19T19:00:00,10.5,23.7,163.0,31.9,40,6.8,0.5,1000.6,575.0
2026-06-19T20:00:00,11.6,23.0,163.0,31.5,42,4.2,0.0,1001.0,265.0
2026-06-19T21:00:00,12.2,23.7,174.0,31.0,45,3.9,0.0,1001.3,180.0
2026-06-19T22:00:00,13.0,23.8,183.0,30.1,51,2.8,0.0,1001.5,185.0
2026-06-19T23:00:00,13.3,21.1,187.0,29.5,54,1.3,0.0,1001.7,115.0
2026-06-20T00:00:00,11.6,19.0,179.0,25.9,74,5.6,0.0,1002.2,70.0
2026-06-20T01:00:00,10.3,17.0,179.0,24.4,81,12.1,1.6,1002.1,175.0
2026-06-20T02:00:00,9.8,15.4,177.0,24.0,75,9.3,0.1,1002.2,225.0
2026-06-20T03:00:00,9.8,15.1,173.0,24.5,69,4.0,0.0,1002.2,200.0
2026-06-20T04:00:00,10.1,14.6,171.0,24.1,72,3.1,0.0,1002.5,40.0
2026-06-20T05:00:00,10.7,14.5,182.0,24.7,70,3.9,0.0,1003.0,80.0
2026-06-20T06:00:00,11.3,10.4,185.0,25.7,64,4.8,0.0,1003.3,190.0
2026-06-20T07:00:00,11.7,9.5,172.0,28.0,55,2.0,0.0,1003.5,355.0
2026-06-20T08:00:00,11.4,8.2,162.0,29.9,48,0.9,0.0,1003.9,740.0
2026-06-20T09:00:00,10.9,7.2,157.0,31.5,43,1.9,0.0,1004.2,1095.0
2026-06-20T10:00:00,11.7,5.6,160.0,32.8,40,1.9,0.0,1004.1,1330.0
2026-06-20T11:00:00,10.9,4.8,156.0,34.1,36,3.1,0.0,1003.8,1835.0
2026-06-20T12:00:00,10.8,4.2,158.0,34.9,33,8.0,0.0,1003.1,2155.0
2026-06-20T13:00:00,10.3,3.5,151.0,35.2,33,10.1,0.0,1003.1,2030.0
2026-06-20T14:00:00,9.8,3.0,141.0,35.1,33,8.6,0.2,1003.1,2045.0
2026-06-20T15:00:00,9.6,2.8,140.0,35.4,33,7.4,0.0,1003.1,2285.0
2026-06-20T16:00:00,9.7,3.3,141.0,35.3,31,6.1,0.0,1002.9,2330.0
2026-06-20T17:00:00,9.7,4.9,142.0,35.1,30,7.6,0.0,1002.8,2215.0
2026-06-20T18:00:00,10.1,8.2,144.0,35.2,29,6.3,0.0,1002.3,2200.0
2026-06-20T19:00:00,10.9,10.5,149.0,33.8,32,5.9,0.0,1002.4,480.0
2026-06-20T20:00:00,10.1,16.6,161.0,32.4,37,4.3,0.0,1003.4,230.0
2026-06-20T21:00:00,9.7,20.1,169.0,31.6,43,2.1,0.0,1004.2,95.0
2026-06-20T22:00:00,10.4,28.2,174.0,31.3,42,1.6,0.0,1004.6,35.0
2026-06-20T23:00:00,12.3,27.5,187.0,29.9,46,1.0,0.0,1004.9,20.0
2026-06-21T00:00:00,11.6,23.0,185.0,27.2,57,13.8,0.0,1005.5,305.0
2026-06-21T01:00:00,11.5,22.7,182.0,26.1,61,7.0,0.0,1005.4,235.0
2026-06-21T02:00:00,11.8,22.3,181.0,25.4,65,6.3,0.0,1005.8,290.0
2026-06-21T03:00:00,12.2,20.4,180.0,25.1,68,6.6,0.0,1005.9,255.0
2026-06-21T04:00:00,12.9,17.7,175.0,25.2,68,7.3,0.0,1006.4,230.0
2026-06-21T05:00:00,13.0,17.6,167.0,26.2,64,7.9,0.0,1006.5,265.0
2026-06-21T06:00:00,12.1,11.0,158.0,27.2,57,6.6,0.0,1007.0,285.0
2026-06-21T07:00:00,10.4,8.7,162.0,28.9,51,3.2,0.0,1006.8,380.0
2026-06-21T08:00:00,10.8,6.4,165.0,30.5,46,0.9,0.0,1006.8,665.0
2026-06-21T09:00:00,12.0,5.1,159.0,32.0,43,2.2,0.0,1006.7,990.0
2026-06-21T10:00:00,12.1,4.1,155.0,33.3,40,3.7,0.0,1006.5,1240.0
2026-06-21T11:00:00,12.3,3.6,151.0,34.5,38,4.7,0.0,1006.0,1405.0
2026-06-21T12:00:00,12.6,3.4,150.0,33.5,38,6.0,0.0,1005.7,560.0
2026-06-21T13:00:00,12.5,3.2,147.0,35.1,35,5.6,0.0,1005.3,1665.0
2026-06-21T14:00:00,11.4,3.6,143.0,34.8,36,9.2,0.0,1005.2,1585.0
2026-06-21T15:00:00,9.4,3.5,145.0,34.8,35,3.9,0.0,1005.4,1405.0
2026-06-21T16:00:00,9.6,4.4,143.0,34.9,32,1.9,0.0,1005.3,1890.0
2026-06-21T17:00:00,9.9,6.0,144.0,34.3,33,2.2,0.0,1005.3,1400.0
2026-06-21T18:00:00,12.0,9.0,146.0,34.3,34,8.4,0.0,1004.8,535.0
2026-06-21T19:00:00,13.3,14.6,152.0,31.8,41,9.0,0.0,1005.5,475.0
2026-06-21T20:00:00,15.4,20.2,171.0,30.1,47,7.1,0.0,1006.0,285.0
2026-06-21T21:00:00,15.1,25.7,178.0,29.7,47,5.2,0.0,1005.5,200.0
2026-06-21T22:00:00,15.1,23.9,182.0,28.8,50,7.9,0.0,1005.6,155.0
2026-06-21T23:00:00,14.3,21.1,185.0,27.7,55,2.6,0.0,1005.3,115.0
2026-06-22T00:00:00,15.3,18.8,207.0,28.9,58,2.3,0.0,1004.7,90.0
2026-06-22T01:00:00,14.9,18.0,187.0,27.9,65,4.7,0.0,1004.6,115.0
2026-06-22T02:00:00,15.3,16.2,165.0,27.2,70,4.7,0.0,1004.7,85.0
2026-06-22T03:00:00,16.4,15.1,161.0,26.7,66,7.7,0.0,1005.1,145.0
2026-06-22T04:00:00,12.2,16.1,168.0,26.2,64,8.0,0.0,1005.4,185.0
2026-06-22T05:00:00,13.7,17.9,183.0,26.4,64,6.0,0.0,1005.7,270.0
2026-06-22T06:00:00,13.8,22.5,190.0,26.9,61,8.2,0.0,1005.9,330.0
2026-06-22T07:00:00,15.2,25.5,193.0,28.7,52,4.8,0.0,1006.0,375.0
2026-06-22T08:00:00,13.5,21.0,185.0,30.6,46,2.7,0.0,1005.8,550.0
2026-06-22T09:00:00,14.4,14.4,165.0,32.4,40,1.7,0.0,1005.5,940.0
2026-06-22T10:00:00,16.2,8.3,161.0,34.0,36,1.7,0.0,1005.0,1405.0
2026-06-22T11:00:00,15.4,7.1,170.0,35.1,33,1.8,0.0,1004.5,1600.0
2026-06-22T12:00:00,14.7,6.3,173.0,35.9,30,2.2,0.0,1003.6,1955.0
2026-06-22T13:00:00,14.5,6.2,173.0,35.4,30,6.9,0.1,1003.2,1615.0
2026-06-22T14:00:00,13.9,5.8,164.0,35.3,28,7.8,0.4,1003.1,2075.0
2026-06-22T15:00:00,12.2,6.1,156.0,34.9,29,3.7,0.0,1002.8,1475.0
2026-06-22T16:00:00,10.9,7.1,154.0,34.9,29,4.7,0.0,1002.7,2025.0
2026-06-22T17:00:00,10.9,11.2,157.0,34.4,30,5.6,0.0,1002.8,1865.0
2026-06-22T18:00:00,12.5,15.1,164.0,35.0,29,1.3,0.0,1001.9,170.0
2026-06-22T19:00:00,13.8,16.0,159.0,34.4,29,6.2,0.0,1001.9,405.0
2026-06-22T20:00:00,14.2,14.7,176.0,32.1,38,8.9,0.0,1003.1,515.0
2026-06-22T21:00:00,14.1,19.9,183.0,30.8,43,7.5,0.0,1003.2,235.0
2026-06-22T22:00:00,14.8,19.8,182.0,29.5,46,8.8,0.0,1002.9,145.0
2026-06-22T23:00:00,15.0,18.5,173.0,28.9,45,7.7,0.0,1002.5,100.0
2026-06-23T00:00:00,11.8,19.5,188.0,24.0,83,21.9,0.0,1003.8,335.0
2026-06-23T01:00:00,10.3,17.5,185.0,23.3,97,3.6,5.4,1003.9,45.0
2026-06-23T02:00:00,10.9,14.6,176.0,23.4,96,13.0,1.5,1003.0,160.0
2026-06-23T03:00:00,14.0,13.1,174.0,23.4,90,8.9,0.0,1002.7,125.0
2026-06-23T04:00:00,13.3,16.5,176.0,23.3,86,8.9,0.0,1002.4,105.0
2026-06-23T05:00:00,13.3,20.4,190.0,24.2,82,5.1,0.0,1002.1,95.0
2026-06-23T06:00:00,14.0,24.0,199.0,25.8,81,4.6,0.0,1002.0,175.0
2026-06-23T07:00:00,14.1,21.5,198.0,27.7,73,1.0,0.0,1002.1,230.0
2026-06-23T08:00:00,13.8,20.6,174.0,29.7,62,2.2,0.0,1002.1,510.0
2026-06-23T09:00:00,13.2,12.2,169.0,31.0,55,2.7,0.0,1001.8,830.0
2026-06-23T10:00:00,12.8,7.0,171.0,32.0,52,3.1,0.0,1001.7,1035.0
2026-06-23T11:00:00,13.3,5.9,169.0,32.6,50,3.1,0.0,1001.3,1130.0
2026-06-23T12:00:00,13.0,5.3,164.0,36.2,32,8.4,0.0,1000.4,2200.0
2026-06-23T13:00:00,12.6,4.9,161.0,36.4,30,10.3,0.0,999.7,2390.0
2026-06-23T14:00:00,12.3,4.9,159.0,35.3,30,11.6,0.0,999.5,1855.0
2026-06-23T15:00:00,12.3,5.7,160.0,35.2,31,10.9,0.1,999.1,1515.0
2026-06-23T16:00:00,12.7,7.3,162.0,35.5,28,6.8,0.0,999.0,2185.0
2026-06-23T17:00:00,12.3,10.0,163.0,35.3,27,5.3,0.0,999.0,2115.0
2026-06-23T18:00:00,13.1,11.4,172.0,34.2,33,4.3,0.0,998.3,570.0
2026-06-23T19:00:00,13.0,15.7,173.0,32.4,41,10.3,0.0,998.5,485.0
2026-06-23T20:00:00,14.0,17.8,172.0,31.2,44,10.4,0.0,998.9,305.0
2026-06-23T21:00:00,13.6,21.6,176.0,30.5,46,8.3,0.0,999.3,285.0
2026-06-23T22:00:00,14.8,21.3,185.0,30.0,48,5.1,0.0,999.4,220.0
2026-06-23T23:00:00,13.6,17.6,190.0,29.2,52,6.7,0.0,999.7,215.0
2026-06-24T00:00:00,13.8,15.4,196.0,29.4,55,6.5,0.0,999.2,170.0
2026-06-24T01:00:00,12.3,14.6,193.0,28.9,56,5.8,0.0,999.1,180.0
2026-06-24T02:00:00,12.0,13.6,194.0,28.2,58,7.8,0.0,998.9,210.0
2026-06-24T03:00:00,13.7,13.5,196.0,27.5,60,9.0,0.0,999.2,245.0
2026-06-24T04:00:00,11.4,12.4,188.0,27.1,61,10.7,0.0,999.6,315.0
2026-06-24T05:00:00,12.6,20.3,182.0,27.3,62,9.6,0.0,1000.2,470.0
2026-06-24T06:00:00,13.0,21.7,183.0,28.6,62,13.2,0.6,1000.0,515.0
2026-06-24T07:00:00,10.8,19.0,181.0,28.7,60,12.7,0.0,1000.6,655.0
2026-06-24T08:00:00,10.5,11.7,167.0,29.5,58,8.3,0.0,1000.7,550.0
2026-06-24T09:00:00,10.3,7.2,161.0,31.1,52,6.3,0.0,1000.7,660.0
2026-06-24T10:00:00,9.9,4.7,160.0,32.5,45,4.7,0.0,1000.6,1535.0
2026-06-24T11:00:00,9.8,4.3,159.0,31.4,45,8.8,0.0,1000.8,660.0
2026-06-24T12:00:00,9.7,4.2,158.0,33.9,34,9.7,0.2,999.1,650.0
2026-06-24T13:00:00,9.7,4.6,157.0,26.8,70,3.8,1.7,1001.3,295.0
2026-06-24T14:00:00,9.8,5.4,159.0,27.3,68,5.6,1.2,1000.6,260.0
2026-06-24T15:00:00,9.9,7.1,161.0,29.2,58,3.8,0.0,1000.9,530.0
2026-06-24T16:00:00,10.1,9.4,166.0,29.3,58,7.4,0.2,1000.5,685.0
2026-06-24T17:00:00,10.3,12.9,172.0,29.1,59,6.6,0.1,1000.5,620.0
2026-06-24T18:00:00,9.2,16.7,175.0,32.6,46,4.7,0.0,998.0,105.0
2026-06-24T19:00:00,10.7,17.8,182.0,31.5,55,5.6,0.0,998.3,195.0
2026-06-24T20:00:00,12.2,19.1,193.0,30.0,63,6.2,0.0,999.0,150.0
2026-06-24T21:00:00,12.8,19.7,204.0,29.3,67,6.3,0.0,999.4,120.0
2026-06-24T22:00:00,13.8,23.5,208.0,28.7,72,3.0,0.0,999.7,50.0
2026-06-24T23:00:00,14.6,23.6,212.0,28.0,76,1.5,0.0,999.9,35.0
2026-06-25T00:00:00,14.1,17.9,200.0,27.0,78,4.9,0.0,999.5,70.0
2026-06-25T01:00:00,12.2,15.2,190.0,26.9,79,4.5,0.0,999.7,85.0
2026-06-25T02:00:00,13.1,13.3,186.0,26.8,78,4.2,0.0,999.6,110.0
2026-06-25T03:00:00,13.7,12.7,182.0,26.4,82,1.9,0.0,999.5,55.0
2026-06-25T04:00:00,13.9,15.2,182.0,26.2,82,1.7,0.0,999.8,35.0
2026-06-25T05:00:00,15.6,23.0,198.0,26.7,76,2.0,0.0,1000.1,215.0
2026-06-25T06:00:00,14.9,29.9,222.0,27.8,70,3.1,0.0,1000.1,275.0
2026-06-25T07:00:00,14.8,24.1,207.0,29.3,62,1.1,0.0,1000.2,520.0
2026-06-25T08:00:00,14.4,23.4,201.0,30.8,54,1.5,0.0,1000.6,830.0
2026-06-25T09:00:00,12.2,14.6,194.0,32.1,48,2.7,0.0,1000.4,1035.0
2026-06-25T10:00:00,13.6,10.3,188.0,32.8,45,2.8,0.0,1000.6,1250.0
2026-06-25T11:00:00,13.8,7.6,178.0,32.9,44,2.4,0.1,1000.6,1300.0
2026-06-25T12:00:00,12.7,6.1,171.0,32.3,51,9.8,0.0,1000.2,625.0
2026-06-25T13:00:00,11.6,5.6,169.0,34.8,38,0.5,0.1,999.8,1675.0
2026-06-25T14:00:00,10.6,5.7,167.0,33.2,40,7.0,0.2,999.8,750.0
2026-06-25T15:00:00,10.3,6.5,164.0,33.3,41,2.4,0.1,999.7,1425.0
2026-06-25T16:00:00,10.3,8.0,162.0,33.4,40,1.9,0.0,999.6,1555.0
2026-06-25T17:00:00,10.3,10.9,163.0,33.3,40,2.3,0.0,999.5,1495.0
2026-06-25T18:00:00,9.9,11.8,167.0,32.7,46,2.1,0.0,998.3,470.0
2026-06-25T19:00:00,10.1,16.3,169.0,31.8,47,8.5,0.0,998.7,640.0
2026-06-25T20:00:00,10.9,20.9,182.0,24.5,84,18.5,2.5,1001.1,225.0
2026-06-25T21:00:00,12.6,25.5,192.0,25.1,87,9.6,1.0,1000.5,160.0
2026-06-25T22:00:00,14.9,23.8,200.0,25.1,86,7.3,0.4,1001.2,205.0
2026-06-25T23:00:00,14.9,25.6,208.0,24.7,87,7.1,0.2,1001.4,250.0
2026-06-26T00:00:00,15.1,27.9,219.0,23.7,91,10.5,0.0,1000.6,150.0
2026-06-26T01:00:00,16.0,23.0,222.0,24.1,92,5.0,1.9,1001.0,150.0
2026-06-26T02:00:00,14.2,22.1,216.0,22.8,92,12.6,0.4,1001.6,180.0
2026-06-26T03:00:00,13.0,16.8,210.0,23.2,87,8.2,0.0,1000.6,120.0
2026-06-26T04:00:00,13.0,18.7,214.0,23.3,86,4.7,0.0,1001.1,105.0
2026-06-26T05:00:00,13.6,23.2,210.0,24.0,84,4.5,0.0,1001.5,110.0
2026-06-26T06:00:00,14.0,27.5,231.0,26.3,75,2.4,0.0,1001.3,70.0
2026-06-26T07:00:00,13.1,25.1,211.0,29.0,61,0.7,0.0,1001.5,390.0
2026-06-26T08:00:00,12.0,17.9,196.0,30.3,56,2.1,0.0,1001.8,775.0
2026-06-26T09:00:00,14.8,14.9,187.0,31.6,52,2.1,0.0,1001.9,975.0
2026-06-26T10:00:00,16.4,9.5,189.0,32.7,48,2.3,0.0,1001.7,1220.0
2026-06-26T11:00:00,14.2,7.0,200.0,33.6,43,2.3,0.0,1001.5,1400.0
2026-06-26T12:00:00,13.9,6.0,196.0,35.9,35,7.7,0.0,1000.7,2065.0
2026-06-26T13:00:00,13.5,5.7,188.0,36.4,32,8.2,0.0,1000.6,2280.0
2026-06-26T14:00:00,13.2,5.8,178.0,35.3,34,9.0,0.0,1000.6,1585.0
2026-06-26T15:00:00,13.1,6.4,174.0,35.0,35,7.4,0.0,1000.6,1835.0
2026-06-26T16:00:00,10.3,7.4,173.0,35.1,36,6.4,0.0,1000.3,1720.0
2026-06-26T17:00:00,12.4,10.8,174.0,34.5,38,8.2,0.0,1000.5,1860.0
2026-06-26T18:00:00,12.7,12.8,177.0,34.9,37,7.1,0.0,999.8,1710.0
2026-06-26T19:00:00,12.8,15.5,184.0,34.2,37,5.8,0.0,1000.0,675.0
2026-06-26T20:00:00,13.3,16.6,188.0,33.9,38,3.3,0.0,1000.6,635.0
2026-06-26T21:00:00,13.8,17.8,196.0,33.6,41,1.1,0.0,1000.9,290.0
2026-06-26T22:00:00,14.3,25.6,208.0,32.6,42,2.0,0.0,1001.5,85.0
2026-06-26T23:00:00,14.1,25.6,209.0,31.3,45,1.8,0.0,1001.8,165.0
2026-06-27T00:00:00,13.5,21.6,205.0,26.9,65,6.6,1.0,1002.8,295.0
2026-06-27T01:00:00,12.6,17.3,206.0,26.8,65,7.4,0.1,1003.0,300.0
2026-06-27T02:00:00,11.4,15.7,202.0,26.9,61,6.7,0.1,1002.7,250.0
2026-06-27T03:00:00,10.2,12.6,203.0,27.2,60,8.8,0.0,1002.1,175.0
2026-06-27T04:00:00,10.2,11.1,190.0,27.3,60,3.1,0.0,1002.1,110.0
2026-06-27T05:00:00,10.2,9.4,184.0,27.5,59,5.4,0.0,1002.8,145.0
2026-06-27T06:00:00,9.9,8.9,186.0,27.7,63,4.6,0.0,1002.7,185.0
2026-06-27T07:00:00,9.6,9.1,186.0,29.7,53,4.0,0.0,1003.2,390.0
2026-06-27T08:00:00,9.9,7.5,178.0,31.5,47,3.3,0.0,1003.3,690.0
2026-06-27T09:00:00,10.4,6.4,169.0,33.1,43,2.5,0.0,1003.4,1185.0
2026-06-27T10:00:00,11.4,5.9,170.0,34.4,41,2.4,0.0,1003.3,1550.0
2026-06-27T11:00:00,11.0,5.2,169.0,35.2,38,2.4,0.0,1003.1,1670.0
2026-06-27T12:00:00,11.5,4.9,172.0,36.8,29,7.0,0.0,1002.2,2010.0
2026-06-27T13:00:00,11.5,4.4,182.0,37.0,29,5.2,0.0,1001.9,2090.0
2026-06-27T14:00:00,11.6,4.4,182.0,37.0,29,4.2,0.0,1001.7,1950.0
2026-06-27T15:00:00,9.3,4.8,175.0,37.2,29,3.4,0.0,1001.3,2085.0
2026-06-27T16:00:00,9.6,5.6,173.0,36.3,30,4.5,0.0,1001.4,2150.0
2026-06-27T17:00:00,10.7,7.1,174.0,35.9,31,4.8,0.0,1001.0,2015.0
2026-06-27T18:00:00,11.0,9.2,182.0,35.7,32,1.3,0.0,1000.8,1860.0
2026-06-27T19:00:00,13.4,12.0,200.0,35.0,34,4.3,0.0,1001.1,330.0
2026-06-27T20:00:00,13.4,19.6,201.0,32.7,40,8.1,0.0,1001.6,185.0
2026-06-27T21:00:00,14.9,25.3,216.0,32.2,41,7.8,0.0,1002.1,190.0
2026-06-27T22:00:00,16.2,27.2,232.0,31.6,44,5.2,0.0,1002.1,160.0
2026-06-27T23:00:00,15.5,30.2,243.0,31.2,46,5.6,0.0,1002.2,130.0
2026-06-28T00:00:00,15.9,25.7,244.0,31.1,46,9.0,0.0,1001.6,110.0
2026-06-28T01:00:00,15.9,19.9,239.0,30.4,47,11.1,0.0,1001.5,180.0
2026-06-28T02:00:00,14.8,16.7,223.0,28.3,58,8.5,0.2,1001.5,125.0
2026-06-28T03:00:00,13.8,16.6,211.0,27.9,60,5.7,0.0,1001.5,165.0
2026-06-28T04:00:00,13.4,18.1,208.0,28.0,62,1.9,0.0,1001.7,45.0
2026-06-28T05:00:00,14.3,17.5,216.0,28.7,58,1.5,0.0,1001.8,140.0
2026-06-28T06:00:00,11.8,12.3,205.0,30.2,52,1.6,0.0,1002.2,255.0
2026-06-28T07:00:00,11.5,9.9,196.0,32.0,46,1.3,0.0,1002.2,525.0
2026-06-28T08:00:00,12.7,7.2,184.0,33.6,41,2.5,0.0,1002.4,990.0
2026-06-28T09:00:00,13.7,5.4,186.0,35.0,36,4.6,0.0,1002.1,1530.0
2026-06-28T10:00:00,13.7,4.5,189.0,35.9,35,6.5,0.0,1001.8,1920.0
2026-06-28T11:00:00,13.3,3.9,185.0,36.6,33,7.4,0.0,1001.6,2105.0
2026-06-28T12:00:00,12.6,3.1,179.0,36.6,32,7.3,0.0,1001.3,2015.0
2026-06-28T13:00:00,12.1,2.9,185.0,36.9,29,4.0,0.0,1001.2,2160.0
2026-06-28T14:00:00,11.4,3.2,169.0,33.1,38,6.3,0.2,1001.8,560.0
2026-06-28T15:00:00,10.5,3.6,163.0,35.0,34,3.8,0.3,1001.5,1435.0
2026-06-28T16:00:00,9.4,4.1,159.0,35.1,34,4.2,0.0,1000.8,1420.0
2026-06-28T17:00:00,9.2,5.5,157.0,34.3,37,10.4,0.0,1000.8,1495.0
2026-06-28T18:00:00,8.8,7.4,176.0,33.0,39,15.0,0.0,1000.4,615.0
2026-06-28T19:00:00,9.9,9.3,184.0,27.8,69,2.2,3.4,1001.1,30.0
2026-06-28T20:00:00,10.0,10.8,183.0,27.8,72,3.8,0.6,1000.8,115.0
2026-06-28T21:00:00,10.3,13.6,191.0,27.3,79,7.4,0.0,1001.1,150.0
2026-06-28T22:00:00,11.2,13.9,211.0,27.2,76,6.2,0.0,1001.1,155.0
2026-06-28T23:00:00,11.7,16.5,221.0,26.8,73,5.6,0.0,1001.1,90.0
2026-06-29T00:00:00,10.8,10.7,213.0,26.6,67,9.2,0.0,1001.6,215.0
2026-06-29T01:00:00,10.3,11.7,210.0,27.7,58,4.0,0.0,1001.2,200.0
2026-06-29T02:00:00,9.7,12.2,206.0,27.4,60,3.1,0.0,1000.9,255.0
2026-06-29T03:00:00,9.5,13.5,204.0,27.1,60,5.8,0.0,1000.4,140.0
2026-06-29T04:00:00,10.1,17.0,209.0,26.5,64,7.8,0.0,1000.3,120.0
2026-06-29T05:00:00,11.9,22.7,219.0,26.5,66,6.8,0.0,1000.1,135.0
2026-06-29T06:00:00,13.0,28.2,234.0,27.0,59,5.5,0.0,1000.7,180.0
2026-06-29T07:00:00,12.5,25.6,231.0,28.4,53,7.9,0.0,1001.2,310.0
2026-06-29T08:00:00,11.5,21.5,223.0,30.0,46,6.5,0.0,1001.0,410.0
2026-06-29T09:00:00,11.0,11.4,212.0,30.7,43,6.2,0.0,1001.1,540.0
2026-06-29T10:00:00,11.8,8.1,209.0,32.8,37,3.6,0.0,1001.0,745.0
2026-06-29T11:00:00,12.6,6.7,210.0,34.6,32,4.1,0.0,1000.4,1110.0
2026-06-29T12:00:00,12.3,6.5,185.0,35.4,32,14.6,0.0,999.8,835.0
2026-06-29T13:00:00,12.1,6.2,168.0,33.2,42,9.9,0.2,1000.8,1085.0
2026-06-29T14:00:00,11.9,7.9,169.0,28.8,63,3.9,2.5,1001.8,210.0
2026-06-29T15:00:00,12.2,10.1,188.0,29.2,62,8.6,1.7,1001.1,265.0
2026-06-29T16:00:00,12.9,12.4,197.0,29.2,63,8.1,0.3,1000.9,315.0
2026-06-29T17:00:00,12.0,12.5,189.0,29.4,57,8.8,0.0,1000.7,400.0
2026-06-29T18:00:00,10.5,14.3,183.0,30.4,49,9.4,0.0,999.7,205.0
2026-06-29T19:00:00,10.2,15.8,196.0,28.8,53,10.4,0.0,1000.0,200.0
2026-06-29T20:00:00,9.9,16.9,203.0,27.6,54,12.2,0.0,1000.6,245.0
2026-06-29T21:00:00,9.1,15.8,204.0,26.7,53,9.1,0.0,1001.0,195.0
2026-06-29T22:00:00,9.6,16.4,196.0,26.3,53,8.1,0.0,1001.1,145.0
2026-06-29T23:00:00,8.7,16.5,190.0,26.2,56,7.1,0.0,1000.8,110.0
2026-06-30T00:00:00,8.8,15.7,170.0,26.4,60,5.6,0.0,1000.9,145.0
2026-06-30T01:00:00,9.2,14.1,168.0,25.4,67,6.7,0.0,1001.3,175.0
2026-06-30T02:00:00,8.9,13.5,167.0,24.8,70,6.0,0.0,1001.2,165.0
2026-06-30T03:00:00,8.2,13.0,165.0,25.0,66,8.8,0.0,1000.7,160.0
2026-06-30T04:00:00,8.4,15.7,164.0,25.8,56,4.7,0.0,1001.0,220.0
2026-06-30T05:00:00,9.7,20.5,171.0,26.5,54,2.3,0.0,1001.1,55.0
2026-06-30T06:00:00,10.3,25.4,200.0,26.9,47,4.4,0.0,1001.0,175.0
2026-06-30T07:00:00,11.5,24.2,211.0,27.7,48,3.1,0.0,1001.2,230.0
2026-06-30T08:00:00,11.8,26.1,204.0,26.9,54,6.0,0.0,1001.4,170.0
2026-06-30T09:00:00,11.2,20.1,190.0,27.2,55,6.0,0.0,1001.8,255.0
2026-06-30T10:00:00,11.2,10.4,171.0,29.4,48,6.8,0.0,1002.1,430.0
2026-06-30T11:00:00,11.9,5.9,161.0,31.6,37,6.2,0.0,1002.0,1040.0
2026-06-30T12:00:00,12.3,5.1,157.0,32.7,40,8.0,0.0,1001.2,1230.0
2026-06-30T13:00:00,12.2,4.9,154.0,33.3,38,6.7,0.0,1000.2,1520.0
2026-06-30T14:00:00,12.1,4.8,151.0,33.6,37,5.7,0.0,999.6,1745.0
2026-06-30T15:00:00,11.4,5.5,153.0,33.0,38,7.2,0.0,999.6,1845.0
2026-06-30T16:00:00,12.2,7.5,155.0,32.1,42,8.6,0.0,999.5,1040.0
2026-06-30T17:00:00,12.6,11.5,159.0,31.9,41,6.9,0.0,998.8,1095.0
2026-06-30T18:00:00,12.0,13.7,165.0,31.8,41,5.2,0.0,998.6,365.0
2026-06-30T19:00:00,12.3,17.2,178.0,30.9,49,2.6,0.0,998.5,105.0
2026-06-30T20:00:00,13.6,22.1,182.0,30.2,53,2.5,0.0,998.9,50.0
2026-06-30T21:00:00,15.2,23.6,189.0,29.7,54,3.4,0.0,999.1,80.0
2026-06-30T22:00:00,16.2,23.9,209.0,29.3,55,3.9,0.0,999.1,70.0
2026-06-30T23:00:00,16.4,25.7,208.0,28.6,56,3.7,0.0,998.8,50.0
2026-07-01T00:00:00,15.4,23.2,205.0,27.3,62,3.2,0.0,998.0,35.0
2026-07-01T01:00:00,15.7,19.1,213.0,26.0,71,10.2,0.0,997.6,120.0
2026-07-01T02:00:00,15.5,18.2,203.0,25.4,74,8.1,0.0,997.1,95.0
2026-07-01T03:00:00,18.8,15.0,193.0,25.1,75,6.5,0.0,996.8,70.0
2026-07-01T04:00:00,19.7,18.5,194.0,24.9,74,4.7,0.0,996.4,65.0
2026-07-01T05:00:00,17.3,22.3,204.0,25.5,72,3.5,0.0,996.3,85.0
2026-07-01T06:00:00,17.9,27.5,224.0,25.7,68,5.2,0.0,996.4,165.0
2026-07-01T07:00:00,18.6,25.7,207.0,27.7,60,5.4,0.0,996.3,275.0
2026-07-01T08:00:00,14.1,13.2,179.0,29.9,49,6.7,0.0,996.0,520.0
2026-07-01T09:00:00,13.6,9.8,180.0,31.3,43,7.4,0.0,995.9,920.0
2026-07-01T10:00:00,9.7,7.1,175.0,29.6,51,11.0,0.9,996.1,835.0
2026-07-01T11:00:00,8.8,4.9,161.0,28.9,54,8.2,0.4,996.0,720.0
2026-07-01T12:00:00,8.6,4.6,153.0,27.8,62,17.1,1.8,995.5,560.0
2026-07-01T13:00:00,8.4,4.1,152.0,28.3,57,10.9,0.2,995.9,1015.0
2026-07-01T14:00:00,6.5,4.2,158.0,27.4,44,13.6,0.3,995.1,605.0
2026-07-01T15:00:00,4.7,5.1,147.0,28.4,37,15.5,0.0,994.8,690.0
2026-07-01T16:00:00,3.7,6.5,132.0,28.5,36,15.1,0.0,995.1,925.0
2026-07-01T17:00:00,3.6,8.7,125.0,28.4,35,13.9,0.0,995.2,910.0
2026-07-01T18:00:00,3.7,9.0,124.0,25.0,58,8.9,0.0,996.2,435.0
2026-07-01T19:00:00,3.8,9.4,128.0,23.4,63,5.2,0.0,996.0,170.0
2026-07-01T20:00:00,3.7,7.6,126.0,22.6,70,3.7,0.0,996.2,60.0
2026-07-01T21:00:00,3.6,5.7,128.0,21.7,78,7.6,0.0,996.5,85.0
2026-07-01T22:00:00,3.7,4.2,129.0,22.1,70,8.4,0.0,996.5,140.0
2026-07-01T23:00:00,3.9,4.0,129.0,23.9,37,15.7,0.0,996.8,595.0
2026-07-02T00:00:00,3.7,3.2,135.0,21.2,70,2.9,0.0,996.8,55.0
2026-07-02T01:00:00,3.9,3.8,135.0,21.0,71,2.9,0.0,997.1,45.0
2026-07-02T02:00:00,4.2,6.1,136.0,20.7,75,1.9,0.0,997.5,35.0
2026-07-02T03:00:00,4.7,8.9,137.0,20.2,80,4.3,0.0,997.7,70.0
2026-07-02T04:00:00,5.6,12.2,147.0,20.1,84,4.2,0.0,997.9,70.0
2026-07-02T05:00:00,7.4,19.6,162.0,21.0,82,3.1,0.0,998.4,70.0
2026-07-02T06:00:00,8.8,23.6,170.0,22.3,78,4.0,0.0,998.6,110.0
2026-07-02T07:00:00,8.7,21.2,169.0,24.7,57,3.0,0.0,999.2,575.0
2026-07-02T08:00:00,7.3,17.6,163.0,25.7,52,3.9,0.0,999.4,720.0
2026-07-02T09:00:00,6.5,11.4,157.0,26.9,50,2.4,0.0,999.8,855.0
2026-07-02T10:00:00,7.6,7.6,157.0,28.1,47,2.8,0.0,1000.0,975.0
2026-07-02T11:00:00,7.8,5.6,153.0,29.2,44,4.3,0.0,999.9,1130.0
2026-07-02T12:00:00,7.3,4.5,146.0,30.6,29,5.0,0.0,999.1,1675.0
2026-07-02T13:00:00,6.4,3.9,140.0,31.0,28,8.3,0.0,998.7,1470.0
2026-07-02T14:00:00,6.0,4.0,136.0,30.7,31,10.5,0.0,998.7,1355.0
2026-07-02T15:00:00,5.7,4.5,133.0,30.5,33,10.0,0.0,998.6,1280.0
2026-07-02T16:00:00,5.3,6.4,136.0,30.3,33,8.5,0.0,998.5,1160.0
2026-07-02T17:00:00,5.5,8.6,138.0,29.8,36,6.8,0.0,998.2,1110.0
2026-07-02T18:00:00,6.1,10.3,144.0,29.5,39,7.3,0.0,997.8,685.0
2026-07-02T19:00:00,6.6,14.8,156.0,28.7,40,7.7,0.0,998.1,505.0
2026-07-02T20:00:00,6.5,19.8,164.0,27.6,44,5.9,0.0,998.9,255.0
2026-07-02T21:00:00,6.7,22.7,165.0,26.5,48,4.4,0.0,999.5,130.0
2026-07-02T22:00:00,7.4,22.4,166.0,25.6,52,3.3,0.0,1000.0,55.0
2026-07-02T23:00:00,7.7,24.6,166.0,25.1,54,3.3,0.0,1000.3,55.0
2026-07-03T00:00:00,8.2,27.8,164.0,24.4,59,4.9,0.0,1000.2,60.0
2026-07-03T01:00:00,9.3,26.7,166.0,24.2,58,4.2,0.0,1000.0,60.0
2026-07-03T02:00:00,9.7,22.6,169.0,23.7,59,4.5,0.0,999.9,55.0
2026-07-03T03:00:00,9.6,21.0,175.0,23.2,60,4.5,0.0,1000.1,40.0
2026-07-03T04:00:00,10.1,21.2,174.0,22.8,62,4.1,0.0,1000.2,40.0
2026-07-03T05:00:00,10.8,22.5,180.0,23.8,59,3.5,0.0,1000.6,35.0
2026-07-03T06:00:00,10.2,26.1,186.0,25.7,53,3.3,0.0,1001.2,50.0
2026-07-03T07:00:00,9.9,24.6,181.0,28.3,42,4.9,0.0,1001.7,540.0
2026-07-03T08:00:00,9.6,23.3,171.0,29.5,36,5.5,0.0,1002.0,1125.0
2026-07-03T09:00:00,9.3,15.0,158.0,30.6,33,6.2,0.0,1002.2,1480.0
2026-07-03T10:00:00,12.1,8.4,149.0,31.4,32,7.3,0.0,1002.3,2240.0
2026-07-03T11:00:00,13.6,5.6,150.0,32.1,30,8.9,0.0,1002.2,2395.0
2026-07-03T12:00:00,13.4,4.3,151.0,33.0,29,9.8,0.0,1001.8,2370.0
2026-07-03T13:00:00,11.5,3.6,148.0,33.0,28,9.2,0.0,1001.4,2245.0
2026-07-03T14:00:00,10.2,4.4,141.0,33.3,26,9.3,0.0,1000.9,1910.0
2026-07-03T15:00:00,8.9,5.1,138.0,33.3,25,10.4,0.0,1000.5,1540.0
2026-07-03T16:00:00,7.8,5.8,139.0,33.3,25,7.9,0.0,1000.4,1740.0
2026-07-03T17:00:00,7.5,7.9,139.0,32.9,27,8.7,0.0,1000.1,1820.0
2026-07-03T18:00:00,8.8,10.3,146.0,32.4,29,11.0,0.0,999.9,1450.0
2026-07-03T19:00:00,9.0,14.3,151.0,31.2,34,5.1,0.0,1000.3,415.0
2026-07-03T20:00:00,10.0,19.1,165.0,29.9,41,3.6,0.0,1001.2,195.0
2026-07-03T21:00:00,10.2,20.1,166.0,28.9,43,5.5,0.0,1001.9,215.0
2026-07-03T22:00:00,10.5,19.6,169.0,28.0,44,4.6,0.0,1002.4,185.0
2026-07-03T23:00:00,10.6,19.4,169.0,27.0,45,6.7,0.0,1002.5,165.0
2026-07-04T00:00:00,10.9,20.6,170.0,26.7,48,3.5,0.0,1002.2,70.0
2026-07-04T01:00:00,11.4,18.5,168.0,26.0,50,3.6,0.0,1002.3,100.0
2026-07-04T02:00:00,14.0,17.8,168.0,25.1,54,4.7,0.0,1002.2,85.0
2026-07-04T03:00:00,11.2,16.2,174.0,24.3,58,4.7,0.0,1002.3,85.0
2026-07-04T04:00:00,10.8,15.9,178.0,23.8,61,4.3,0.0,1002.6,85.0
2026-07-04T05:00:00,11.1,14.6,177.0,24.7,58,5.8,0.0,1003.2,150.0
2026-07-04T06:00:00,9.2,8.0,162.0,26.1,50,6.3,0.0,1003.7,240.0
2026-07-04T07:00:00,9.5,7.4,152.0,26.9,47,13.2,0.0,1004.3,560.0
2026-07-04T08:00:00,8.6,4.5,140.0,28.3,45,12.3,0.0,1004.6,785.0
2026-07-04T09:00:00,8.5,3.5,131.0,29.6,42,12.3,0.0,1004.6,1035.0
2026-07-04T10:00:00,7.5,2.8,127.0,30.6,39,10.9,0.0,1004.5,1330.0
2026-07-04T11:00:00,7.5,2.8,126.0,31.6,36,8.9,0.0,1004.2,1800.0
2026-07-04T12:00:00,7.5,2.9,131.0,32.6,31,4.9,0.0,1003.5,2060.0
2026-07-04T13:00:00,7.3,2.9,124.0,33.2,30,6.9,0.0,1002.9,1905.0
2026-07-04T14:00:00,7.1,2.8,122.0,33.7,30,8.1,0.0,1002.3,1880.0
2026-07-04T15:00:00,6.9,2.8,129.0,33.7,30,9.9,0.0,1001.9,1950.0
2026-07-04T16:00:00,6.9,4.0,137.0,33.4,30,9.6,0.0,1001.6,1930.0
2026-07-04T17:00:00,6.8,5.1,136.0,33.0,29,9.3,0.0,1001.1,1795.0
2026-07-04T18:00:00,8.9,7.0,137.0,33.0,25,9.2,0.0,1000.6,1465.0
2026-07-04T19:00:00,9.8,11.1,147.0,32.0,29,6.1,0.0,1000.5,265.0
2026-07-04T20:00:00,9.7,17.1,148.0,30.8,34,2.8,0.0,1001.1,75.0
2026-07-04T21:00:00,8.0,20.6,149.0,30.1,36,1.5,0.0,1001.7,30.0
2026-07-04T22:00:00,8.8,21.0,154.0,29.4,36,4.9,0.0,1002.2,145.0
2026-07-04T23:00:00,8.7,20.0,158.0,27.8,43,4.2,0.0,1002.4,180.0
2026-07-05T00:00:00,9.1,17.8,159.0,26.2,52,2.2,0.0,1002.0,45.0
2026-07-05T01:00:00,10.2,16.8,150.0,26.0,50,2.4,0.0,1002.1,125.0
2026-07-05T02:00:00,10.4,15.3,152.0,25.7,52,4.7,0.0,1001.9,170.0
2026-07-05T03:00:00,9.9,14.0,150.0,24.5,59,6.5,0.0,1001.9,165.0
2026-07-05T04:00:00,9.7,13.7,149.0,23.6,64,5.4,0.0,1001.9,130.0
2026-07-05T05:00:00,10.4,12.1,149.0,24.3,64,5.0,0.0,1002.3,165.0
2026-07-05T06:00:00,9.8,9.4,149.0,24.9,63,5.3,0.0,1002.7,280.0
2026-07-05T07:00:00,7.0,5.9,134.0,27.1,53,5.8,0.0,1002.7,440.0
2026-07-05T08:00:00,6.1,4.5,128.0,29.0,45,4.9,0.0,1002.7,700.0
2026-07-05T09:00:00,6.5,4.1,124.0,30.7,39,4.1,0.0,1002.4,1255.0
2026-07-05T10:00:00,7.3,3.8,127.0,32.1,34,4.7,0.0,1002.0,1660.0
2026-07-05T11:00:00,7.8,3.3,122.0,33.2,30,6.9,0.0,1001.4,2025.0
2026-07-05T12:00:00,7.4,2.9,117.0,34.5,24,10.0,0.0,1000.5,2575.0
2026-07-05T13:00:00,5.8,2.6,116.0,34.9,22,10.7,0.0,999.5,2480.0
2026-07-05T14:00:00,5.3,2.2,116.0,35.2,19,11.7,0.0,999.0,2305.0
2026-07-05T15:00:00,4.9,2.5,111.0,35.1,18,12.1,0.0,998.7,2265.0
2026-07-05T16:00:00,4.6,3.1,115.0,34.9,19,11.7,0.0,998.2,1850.0
2026-07-05T17:00:00,4.5,5.0,114.0,34.2,18,12.2,0.0,997.9,1225.0
2026-07-05T18:00:00,5.0,6.4,116.0,33.7,20,10.7,0.0,997.4,545.0
2026-07-05T19:00:00,5.3,8.8,125.0,31.7,30,13.1,0.0,997.5,545.0
2026-07-05T20:00:00,5.1,9.9,117.0,30.0,40,10.0,0.0,998.3,405.0
2026-07-05T21:00:00,4.2,7.3,100.0,29.1,43,7.5,0.0,998.9,370.0
2026-07-05T22:00:00,3.7,6.8,98.0,28.7,43,7.2,0.0,999.2,340.0
2026-07-05T23:00:00,3.3,5.5,96.0,28.2,43,5.5,0.0,999.3,155.0
2026-07-06T00:00:00,3.3,3.5,94.0,25.5,52,6.3,0.0,998.7,105.0
2026-07-06T01:00:00,3.6,7.3,97.0,24.7,53,10.2,0.0,998.5,135.0
2026-07-06T02:00:00,3.7,7.9,98.0,24.8,51,8.3,0.0,998.5,100.0
2026-07-06T03:00:00,4.2,10.4,106.0,25.2,46,8.6,0.0,999.0,260.0
2026-07-06T04:00:00,5.8,11.2,122.0,23.7,61,13.7,0.0,999.7,345.0
2026-07-06T05:00:00,8.7,14.7,133.0,23.1,66,9.9,0.0,1000.2,375.0
2026-07-06T06:00:00,10.0,18.9,142.0,24.0,63,10.6,0.0,1000.7,385.0
2026-07-06T07:00:00,7.7,17.2,138.0,25.3,61,12.1,0.0,1000.6,465.0
2026-07-06T08:00:00,7.0,13.7,126.0,27.0,56,9.0,0.0,1001.0,695.0
2026-07-06T09:00:00,6.5,12.0,124.0,28.6,51,8.4,0.0,1001.0,845.0
2026-07-06T10:00:00,5.7,8.1,122.0,30.2,45,8.3,0.0,1000.7,995.0
2026-07-06T11:00:00,5.6,4.5,118.0,31.8,39,6.6,0.0,1000.4,1275.0
2026-07-06T12:00:00,6.4,4.6,117.0,33.4,30,7.5,0.0,999.8,2655.0
2026-07-06T13:00:00,6.7,4.3,117.0,34.0,27,8.1,0.0,999.1,2195.0
2026-07-06T14:00:00,6.2,4.1,112.0,34.4,26,6.6,0.0,998.7,2085.0
2026-07-06T15:00:00,4.4,4.8,112.0,34.4,25,6.3,0.0,998.5,1990.0
2026-07-06T16:00:00,4.3,5.3,113.0,34.2,25,6.2,0.0,998.3,1975.0
2026-07-06T17:00:00,4.3,7.6,116.0,34.0,26,7.6,0.0,997.9,2240.0
2026-07-06T18:00:00,6.5,9.6,116.0,33.4,26,9.0,0.0,997.8,2185.0
2026-07-06T19:00:00,6.3,13.1,120.0,32.9,27,5.9,0.0,998.2,1465.0
2026-07-06T20:00:00,6.5,17.6,125.0,32.0,29,4.9,0.0,999.0,510.0
2026-07-06T21:00:00,6.6,18.4,132.0,30.0,39,11.6,0.0,999.7,470.0
2026-07-06T22:00:00,6.7,14.8,135.0,28.7,43,10.0,0.0,1000.2,465.0
2026-07-06T23:00:00,7.0,14.9,134.0,27.7,46,13.1,0.0,1000.6,495.0
2026-07-07T00:00:00,7.2,14.2,133.0,27.4,49,10.1,0.0,1000.5,405.0
2026-07-07T01:00:00,7.2,12.1,131.0,25.9,59,9.9,0.0,1000.3,345.0
2026-07-07T02:00:00,7.2,10.3,133.0,25.0,64,9.6,0.0,1000.0,320.0
2026-07-07T03:00:00,7.3,10.2,138.0,24.5,68,7.2,0.0,1000.2,300.0
2026-07-07T04:00:00,7.6,11.2,142.0,24.0,70,8.1,0.0,1000.4,290.0
2026-07-07T05:00:00,8.3,15.8,142.0,24.5,69,5.6,0.0,1000.8,315.0
2026-07-07T06:00:00,8.9,18.7,145.0,25.2,64,4.3,0.0,1001.1,380.0
2026-07-07T07:00:00,8.1,17.1,140.0,26.8,57,4.3,0.0,1001.4,570.0
2026-07-07T08:00:00,7.6,10.8,135.0,28.3,51,4.4,0.0,1001.3,685.0
2026-07-07T09:00:00,7.4,9.2,131.0,29.8,46,4.8,0.0,1001.2,780.0
2026-07-07T10:00:00,8.0,6.6,133.0,31.1,43,5.4,0.0,1001.0,905.0
2026-07-07T11:00:00,9.2,5.4,138.0,32.4,39,5.6,0.0,1000.5,1265.0
2026-07-07T12:00:00,8.5,3.6,140.0,33.9,31,8.1,0.0,999.8,2240.0
2026-07-07T13:00:00,8.4,3.2,126.0,34.8,27,10.3,0.0,998.9,2170.0
2026-07-07T14:00:00,7.2,3.4,121.0,35.0,26,11.6,0.0,998.0,2110.0
2026-07-07T15:00:00,6.4,4.2,115.0,35.1,25,11.9,0.0,997.6,1980.0
2026-07-07T16:00:00,6.2,5.6,118.0,34.8,25,12.5,0.0,997.1,1625.0
2026-07-07T17:00:00,5.9,7.7,124.0,34.2,26,12.6,0.0,996.8,1435.0
2026-07-07T18:00:00,6.3,9.5,133.0,32.9,29,13.5,0.0,996.8,765.0
2026-07-07T19:00:00,7.4,11.2,127.0,30.4,37,12.8,0.0,996.8,400.0
2026-07-07T20:00:00,7.8,10.2,127.0,28.6,43,11.6,0.0,997.2,340.0
2026-07-07T21:00:00,8.3,8.4,126.0,27.4,47,9.6,0.0,997.6,310.0
2026-07-07T22:00:00,8.1,8.1,124.0,26.4,50,9.2,0.0,997.6,290.0
2026-07-07T23:00:00,8.3,7.8,124.0,25.6,53,9.2,0.0,997.5,270.0
2026-07-08T00:00:00,8.2,7.8,123.0,25.1,57,11.4,0.0,997.0,295.0
2026-07-08T01:00:00,7.7,7.6,122.0,24.7,62,10.7,0.0,996.5,210.0
2026-07-08T02:00:00,7.9,6.8,122.0,24.0,67,10.0,0.0,995.9,190.0
2026-07-08T03:00:00,8.2,7.3,123.0,23.1,72,9.9,0.0,995.7,180.0
2026-07-08T04:00:00,9.0,8.5,127.0,22.6,76,10.4,0.0,995.4,150.0
2026-07-08T05:00:00,9.1,10.5,135.0,23.1,75,9.6,0.0,995.4,160.0
2026-07-08T06:00:00,11.4,14.0,140.0,24.2,72,9.7,0.0,995.6,225.0
2026-07-08T07:00:00,9.7,14.6,138.0,26.8,63,9.3,0.0,995.4,265.0
2026-07-08T08:00:00,8.9,11.8,131.0,29.8,53,9.8,0.0,995.3,370.0
2026-07-08T09:00:00,7.9,8.0,133.0,32.1,44,10.4,0.0,995.1,550.0
2026-07-08T10:00:00,7.5,4.7,127.0,34.0,36,11.1,0.0,994.7,1425.0
2026-07-08T11:00:00,6.4,3.7,126.0,35.6,25,11.3,0.0,994.4,2415.0
2026-07-08T12:00:00,6.2,3.3,125.0,36.8,19,12.6,0.0,993.6,2795.0
2026-07-08T13:00:00,6.0,3.1,121.0,36.9,19,14.4,0.0,992.9,2135.0
2026-07-08T14:00:00,5.8,3.4,118.0,36.9,19,16.5,0.0,992.3,1665.0
2026-07-08T15:00:00,5.2,4.0,115.0,36.7,21,17.4,0.0,991.8,1370.0
2026-07-08T16:00:00,5.2,4.9,117.0,36.0,24,15.4,0.0,991.7,1245.0
2026-07-08T17:00:00,5.7,6.8,120.0,35.2,27,15.0,0.0,991.5,965.0
2026-07-08T18:00:00,5.6,8.1,124.0,33.5,29,11.7,0.0,991.8,370.0
2026-07-08T19:00:00,5.7,9.9,132.0,31.9,33,11.1,0.0,992.1,305.0
2026-07-08T20:00:00,5.9,9.5,124.0,31.1,38,8.9,0.0,992.9,160.0
2026-07-08T21:00:00,5.6,6.3,118.0,31.1,32,8.4,0.0,993.3,170.0
2026-07-08T22:00:00,5.5,4.6,121.0,32.8,20,15.8,0.0,993.7,955.0
2026-07-08T23:00:00,5.3,4.1,126.0,30.2,39,17.0,0.0,994.3,655.0
2026-07-09T00:00:00,5.0,3.7,131.0,27.4,51,12.7,0.0,994.2,440.0
2026-07-09T01:00:00,5.1,4.6,132.0,26.5,60,9.7,0.0,994.4,460.0
2026-07-09T02:00:00,6.0,6.9,136.0,26.1,62,10.6,0.0,994.6,450.0
2026-07-09T03:00:00,7.3,7.1,140.0,25.6,63,10.1,0.0,994.9,465.0
2026-07-09T04:00:00,9.8,8.8,146.0,25.2,64,9.0,0.0,995.1,385.0
2026-07-09T05:00:00,10.2,12.4,149.0,25.7,61,8.7,0.0,995.5,385.0
2026-07-09T06:00:00,10.5,16.6,146.0,26.3,59,6.7,0.0,995.5,465.0
2026-07-09T07:00:00,9.5,13.2,139.0,27.6,53,8.0,0.0,995.8,665.0
2026-07-09T08:00:00,7.9,8.9,137.0,29.2,46,7.1,0.0,995.7,805.0
2026-07-09T09:00:00,7.3,6.7,136.0,30.9,39,6.5,0.0,995.5,1040.0
2026-07-09T10:00:00,7.5,3.9,136.0,32.3,36,6.8,0.0,995.2,1565.0
2026-07-09T11:00:00,7.5,3.4,136.0,33.3,33,6.9,0.0,994.7,1770.0
2026-07-09T12:00:00,6.8,3.1,136.0,34.2,33,7.5,0.0,993.9,2160.0
2026-07-09T13:00:00,6.2,3.0,136.0,34.5,31,9.0,0.0,993.4,2110.0
2026-07-09T14:00:00,5.8,3.4,137.0,34.8,29,8.9,0.0,992.9,1850.0
2026-07-09T15:00:00,5.9,4.6,139.0,35.1,27,6.4,0.0,992.7,1780.0
2026-07-09T16:00:00,6.0,5.9,142.0,35.2,26,5.1,0.0,992.4,1725.0
2026-07-09T17:00:00,6.0,8.6,144.0,34.8,27,5.9,0.0,992.1,1650.0
2026-07-09T18:00:00,6.6,10.1,145.0,34.2,28,8.1,0.0,992.3,1605.0
2026-07-09T19:00:00,7.8,14.5,145.0,33.2,29,6.7,0.0,992.5,1010.0
2026-07-09T20:00:00,7.3,15.2,145.0,32.1,31,8.6,0.0,993.1,380.0
2026-07-09T21:00:00,7.5,13.4,148.0,31.1,33,8.6,0.0,993.9,295.0
2026-07-09T22:00:00,7.2,13.1,145.0,30.3,33,9.5,0.0,994.4,255.0
2026-07-09T23:00:00,7.1,11.6,148.0,29.3,37,15.8,0.0,995.0,525.0
2026-07-10T00:00:00,7.0,8.6,138.0,27.6,48,14.2,0.0,995.4,520.0
2026-07-10T01:00:00,6.5,5.4,136.0,27.0,50,14.1,0.0,995.2,480.0
2026-07-10T02:00:00,6.2,5.4,139.0,26.6,50,12.5,0.0,995.2,420.0
2026-07-10T03:00:00,6.1,5.7,142.0,26.1,51,10.7,0.0,995.4,410.0
2026-07-10T04:00:00,6.0,7.0,141.0,25.5,53,9.0,0.0,995.8,435.0
2026-07-10T05:00:00,6.2,10.9,146.0,25.7,53,8.1,0.0,996.3,490.0
2026-07-10T06:00:00,5.4,13.8,150.0,26.2,52,8.3,0.0,996.7,560.0
2026-07-10T07:00:00,5.8,11.2,150.0,27.4,49,10.7,0.0,996.8,665.0
2026-07-10T08:00:00,6.1,7.9,144.0,28.8,45,10.8,0.0,996.9,750.0
2026-07-10T09:00:00,6.4,6.2,142.0,30.2,41,9.4,0.0,997.0,890.0
2026-07-10T10:00:00,6.9,3.9,140.0,31.6,37,8.9,0.0,996.8,1155.0
2026-07-10T11:00:00,6.7,3.1,138.0,32.9,33,8.6,0.0,996.5,1390.0
2026-07-10T12:00:00,6.9,3.0,139.0,34.3,30,9.1,0.0,995.8,1780.0
2026-07-10T13:00:00,7.1,3.0,141.0,34.9,30,9.7,0.0,995.5,2095.0
2026-07-10T14:00:00,7.5,3.5,143.0,33.9,33,6.4,0.0,995.7,2040.0
2026-07-10T15:00:00,7.3,4.8,145.0,34.1,32,9.1,0.0,995.7,2155.0
2026-07-10T16:00:00,7.2,6.8,148.0,30.4,46,9.2,0.5,996.4,760.0
2026-07-10T17:00:00,7.2,10.9,156.0,28.6,56,4.6,1.6,996.9,295.0
2026-07-10T18:00:00,8.1,14.9,162.0,27.8,59,0.7,0.1,996.1,185.0
2026-07-10T19:00:00,9.5,18.6,163.0,28.9,52,4.2,0.0,996.3,300.0
2026-07-10T20:00:00,10.2,15.5,166.0,27.3,58,8.1,0.1,997.7,570.0
2026-07-10T21:00:00,10.1,18.3,168.0,25.0,67,6.4,0.5,998.0,255.0
2026-07-10T22:00:00,10.4,18.2,171.0,24.5,73,7.6,0.5,998.1,255.0
2026-07-10T23:00:00,11.9,21.9,176.0,24.4,76,3.3,0.0,998.4,205.0
2026-07-11T00:00:00,10.8,20.0,178.0,25.2,78,12.6,0.0,998.2,360.0
2026-07-11T01:00:00,11.7,20.4,179.0,23.6,85,5.2,0.9,997.7,100.0
2026-07-11T02:00:00,10.5,17.6,173.0,23.3,83,10.2,0.6,997.6,215.0
2026-07-11T03:00:00,13.5,15.1,179.0,23.4,83,9.4,0.1,997.9,275.0
2026-07-11T04:00:00,16.3,18.9,181.0,22.7,88,7.6,0.0,997.9,235.0
2026-07-11T05:00:00,13.5,18.7,189.0,23.1,86,6.2,0.0,998.0,235.0
2026-07-11T06:00:00,12.4,16.2,193.0,25.2,79,5.2,0.0,998.1,280.0
2026-07-11T07:00:00,13.0,13.6,181.0,26.9,68,2.2,0.0,998.3,430.0
2026-07-11T08:00:00,11.7,9.2,172.0,28.9,60,4.6,0.0,998.1,600.0
2026-07-11T09:00:00,10.7,5.9,167.0,30.4,51,4.6,0.0,998.4,1165.0
2026-07-11T10:00:00,10.5,4.9,157.0,31.4,46,4.6,0.0,998.4,1330.0
2026-07-11T11:00:00,9.8,4.6,160.0,32.0,43,3.1,0.0,998.1,1390.0
2026-07-11T12:00:00,9.1,3.1,154.0,33.6,33,4.2,0.1,997.2,1460.0
2026-07-11T13:00:00,8.7,2.6,145.0,31.6,36,11.0,0.1,997.8,515.0
2026-07-11T14:00:00,8.7,2.8,143.0,29.2,49,15.1,0.7,998.2,525.0
2026-07-11T15:00:00,8.9,3.2,146.0,29.1,52,4.7,0.7,997.8,365.0
2026-07-11T16:00:00,8.3,4.7,149.0,30.5,44,2.9,0.1,997.6,605.0
2026-07-11T17:00:00,8.2,7.3,156.0,30.8,42,1.3,0.0,997.9,1025.0
2026-07-11T18:00:00,8.6,10.8,155.0,31.2,40,13.9,0.0,997.2,870.0
2026-07-11T19:00:00,9.2,15.1,152.0,29.6,43,9.4,0.0,997.3,515.0
2026-07-11T20:00:00,9.4,20.2,159.0,28.6,45,5.4,0.0,998.0,320.0
2026-07-11T21:00:00,9.3,23.7,169.0,27.8,46,4.3,0.0,998.4,165.0
2026-07-11T22:00:00,9.3,25.4,172.0,27.4,48,3.1,0.0,998.5,85.0
2026-07-11T23:00:00,9.4,25.3,176.0,26.9,49,3.3,0.0,998.8,90.0
2026-07-12T00:00:00,18.5,21.9,178.0,24.4,68,5.8,0.0,998.7,125.0
2026-07-12T01:00:00,16.1,17.8,170.0,24.1,67,2.4,0.0,998.4,50.0
2026-07-12T02:00:00,17.0,13.4,168.0,23.7,69,5.1,0.0,998.6,140.0
2026-07-12T03:00:00,18.8,8.1,165.0,22.9,75,5.3,0.0,998.8,125.0
2026-07-12T04:00:00,17.5,8.4,167.0,22.1,80,4.2,0.0,999.1,125.0
2026-07-12T05:00:00,15.4,7.6,163.0,22.4,78,4.0,0.0,999.4,170.0
2026-07-12T06:00:00,13.8,6.1,162.0,23.7,72,3.8,0.0,999.9,240.0
2026-07-12T07:00:00,11.4,5.7,161.0,25.8,63,4.0,0.0,1000.0,405.0
2026-07-12T08:00:00,10.9,5.1,161.0,27.8,55,3.1,0.0,1000.1,685.0
2026-07-12T09:00:00,10.0,3.3,161.0,29.6,47,2.0,0.0,1000.0,1020.0
2026-07-12T10:00:00,10.0,3.6,171.0,31.3,40,2.4,0.0,999.8,1355.0
2026-07-12T11:00:00,10.5,3.4,168.0,32.7,36,4.0,0.0,999.6,1505.0
2026-07-12T12:00:00,11.0,3.0,177.0,33.7,35,7.4,0.0,998.9,1725.0
2026-07-12T13:00:00,10.6,2.6,173.0,33.5,36,7.1,0.0,998.5,1710.0
2026-07-12T14:00:00,10.6,2.6,169.0,33.9,34,6.5,0.0,998.3,1700.0
2026-07-12T15:00:00,10.0,3.0,168.0,33.9,34,6.9,0.0,998.2,1755.0
2026-07-12T16:00:00,9.4,4.2,159.0,33.8,33,6.5,0.0,998.0,1655.0
2026-07-12T17:00:00,9.1,6.6,156.0,33.3,34,6.8,0.0,997.9,1565.0
2026-07-12T18:00:00,8.8,7.4,161.0,33.0,32,7.9,0.0,997.6,870.0
2026-07-12T19:00:00,9.1,9.7,165.0,31.9,38,9.0,0.0,997.8,500.0
2026-07-12T20:00:00,9.4,10.4,165.0,30.5,44,8.3,0.0,998.6,280.0
2026-07-12T21:00:00,9.4,9.4,169.0,29.6,47,6.4,0.0,999.2,200.0
2026-07-12T22:00:00,9.2,8.2,170.0,29.0,48,7.1,0.0,999.7,195.0
2026-07-12T23:00:00,9.3,7.9,169.0,28.5,51,11.2,0.0,1000.1,330.0
2026-07-13T00:00:00,9.4,6.5,163.0,27.3,62,13.7,0.0,1000.2,505.0
2026-07-13T01:00:00,9.5,6.0,156.0,26.2,70,12.1,0.0,1000.1,420.0
2026-07-13T02:00:00,8.8,5.3,149.0,25.5,73,9.8,0.0,1000.3,395.0
2026-07-13T03:00:00,9.4,6.1,149.0,25.1,73,9.1,0.0,1000.5,395.0
2026-07-13T04:00:00,9.2,8.1,151.0,24.6,72,9.0,0.0,1001.1,410.0
2026-07-13T05:00:00,10.9,9.5,149.0,24.8,69,9.6,0.0,1001.5,445.0
2026-07-13T06:00:00,10.4,12.2,148.0,25.5,67,9.7,0.0,1001.4,430.0
2026-07-13T07:00:00,9.0,10.1,144.0,26.5,63,9.9,0.0,1001.4,510.0
2026-07-13T08:00:00,8.3,8.4,142.0,27.8,57,7.4,0.0,1001.7,640.0
2026-07-13T09:00:00,8.2,6.5,140.0,29.2,49,5.0,0.0,1001.9,775.0
2026-07-13T10:00:00,8.4,5.2,142.0,30.6,44,4.7,0.0,1001.6,950.0
2026-07-13T11:00:00,8.7,5.0,146.0,31.8,40,5.2,0.0,1001.1,1165.0
2026-07-13T12:00:00,9.5,4.8,151.0,32.9,40,5.9,0.0,1000.6,1450.0
2026-07-13T13:00:00,9.9,4.8,155.0,33.3,39,4.4,0.0,1000.1,1385.0
2026-07-13T14:00:00,10.2,4.4,158.0,34.0,36,2.7,0.0,999.8,1715.0
2026-07-13T15:00:00,10.3,6.1,158.0,34.3,35,4.9,0.0,999.5,1765.0
2026-07-13T16:00:00,10.5,9.3,159.0,34.1,36,2.9,0.0,999.0,1480.0
2026-07-13T17:00:00,10.7,12.7,166.0,33.3,39,6.7,0.0,998.9,1455.0
2026-07-13T18:00:00,11.0,13.5,169.0,32.6,41,5.8,0.0,998.2,945.0
2026-07-13T19:00:00,11.0,15.7,176.0,32.1,43,6.3,0.0,998.4,645.0
2026-07-13T20:00:00,11.0,17.1,177.0,31.4,47,2.7,0.0,999.2,235.0
2026-07-13T21:00:00,10.9,16.9,185.0,30.8,48,4.2,0.0,999.3,120.0
2026-07-13T22:00:00,13.0,21.0,186.0,30.2,50,4.1,0.0,999.3,70.0
2026-07-13T23:00:00,14.8,23.3,193.0,29.4,52,2.3,0.0,999.4,45.0
2026-07-14T00:00:00,13.1,20.1,200.0,27.7,53,4.1,0.0,999.1,50.0
2026-07-14T01:00:00,12.9,17.4,196.0,27.8,52,5.2,0.0,998.5,55.0
2026-07-14T02:00:00,13.0,16.7,196.0,27.1,54,2.3,0.0,998.7,95.0
2026-07-14T03:00:00,14.4,18.7,194.0,26.5,61,3.5,0.0,999.0,215.0
2026-07-14T04:00:00,17.0,22.0,195.0,26.2,65,10.0,0.0,999.4,345.0
2026-07-14T05:00:00,21.0,29.1,198.0,26.6,63,5.6,0.0,999.7,505.0
2026-07-14T06:00:00,21.6,26.4,222.0,26.9,64,3.6,0.0,999.2,255.0
2026-07-14T07:00:00,23.4,23.2,223.0,28.5,57,2.6,0.0,999.6,400.0
2026-07-14T08:00:00,23.0,21.7,204.0,30.2,51,3.3,0.0,999.8,830.0
2026-07-14T09:00:00,13.3,13.8,180.0,31.6,46,3.2,0.0,999.6,1375.0
2026-07-14T10:00:00,10.4,9.3,176.0,32.9,41,5.5,0.0,999.2,1730.0
2026-07-14T11:00:00,10.9,7.3,172.0,33.7,37,6.1,0.0,999.0,1830.0
2026-07-14T12:00:00,10.4,6.0,173.0,35.1,33,7.5,0.0,998.1,1960.0
2026-07-14T13:00:00,10.5,5.8,171.0,35.5,31,7.6,0.0,997.5,1930.0
2026-07-14T14:00:00,11.0,5.8,163.0,35.8,30,7.2,0.0,997.1,1955.0
2026-07-14T15:00:00,10.6,5.7,158.0,35.7,30,8.4,0.0,997.1,1845.0
2026-07-14T16:00:00,10.5,7.3,159.0,35.4,30,9.0,0.0,996.9,1760.0
2026-07-14T17:00:00,10.9,10.9,166.0,34.8,32,8.8,0.0,996.5,1460.0
2026-07-14T18:00:00,11.2,11.1,173.0,35.5,30,7.1,0.0,996.1,1735.0
2026-07-14T19:00:00,12.9,14.7,189.0,34.1,33,7.0,0.0,996.4,455.0
2026-07-14T20:00:00,14.3,19.2,185.0,32.7,37,4.3,0.0,997.8,590.0
2026-07-14T21:00:00,14.0,18.5,185.0,31.8,40,5.4,0.0,998.3,445.0
2026-07-14T22:00:00,14.4,17.7,199.0,30.8,46,1.6,0.0,998.9,110.0
2026-07-14T23:00:00,15.1,18.1,195.0,29.6,50,11.3,0.0,999.3,575.0
2026-07-15T00:00:00,11.4,14.3,189.0,28.8,55,9.7,0.0,999.2,365.0
2026-07-15T01:00:00,11.3,14.6,186.0,27.5,60,8.3,0.0,999.1,275.0
2026-07-15T02:00:00,11.7,15.2,185.0,26.8,63,6.0,0.0,998.8,230.0
2026-07-15T03:00:00,12.1,16.3,180.0,26.3,64,4.4,0.0,998.9,225.0
2026-07-15T04:00:00,12.9,19.1,175.0,26.0,65,2.3,0.0,999.1,170.0
2026-07-15T05:00:00,14.8,23.7,176.0,26.5,62,0.9,0.0,999.4,225.0
2026-07-15T06:00:00,15.7,24.6,181.0,26.9,60,3.6,0.0,999.7,325.0
2026-07-15T07:00:00,14.4,23.6,183.0,28.5,55,2.3,0.0,999.9,615.0
2026-07-15T08:00:00,13.0,17.5,170.0,29.9,51,2.9,0.0,999.8,805.0
2026-07-15T09:00:00,11.9,9.2,157.0,31.3,47,3.2,0.0,999.8,965.0
2026-07-15T10:00:00,13.1,6.9,156.0,32.5,44,5.1,0.0,999.5,1145.0
2026-07-15T11:00:00,13.2,4.8,153.0,33.6,41,4.9,0.0,999.0,1375.0
2026-07-15T12:00:00,11.9,4.3,149.0,33.5,42,3.4,0.0,998.2,1370.0
2026-07-15T13:00:00,11.8,4.0,146.0,31.1,48,12.4,0.2,998.8,865.0
2026-07-15T14:00:00,10.0,5.3,149.0,24.8,79,11.3,3.5,1000.2,240.0
2026-07-15T15:00:00,9.3,7.2,155.0,26.6,71,9.9,0.3,999.6,400.0
2026-07-15T16:00:00,9.6,10.1,158.0,25.9,79,10.7,4.1,999.4,250.0
2026-07-15T17:00:00,11.4,15.2,170.0,26.3,77,7.4,0.1,999.1,265.0
2026-07-15T18:00:00,12.0,17.2,176.0,26.3,72,7.5,0.0,998.9,460.0
2026-07-15T19:00:00,11.4,18.7,176.0,25.6,74,6.3,0.0,999.0,405.0
2026-07-15T20:00:00,13.3,22.8,192.0,25.1,76,7.5,0.0,999.7,290.0
2026-07-15T21:00:00,13.4,20.2,195.0,24.3,79,6.0,0.0,1000.3,220.0
2026-07-15T22:00:00,11.5,19.9,186.0,24.1,81,5.6,0.0,1000.5,185.0
2026-07-15T23:00:00,10.4,14.8,183.0,24.0,82,4.0,0.0,1000.5,150.0
2026-07-16T00:00:00,8.4,15.1,173.0,24.7,78,5.3,0.0,1000.4,80.0
2026-07-16T01:00:00,8.9,13.9,170.0,24.1,83,4.8,0.0,1000.0,80.0
2026-07-16T02:00:00,8.7,10.9,165.0,23.5,86,5.1,0.0,999.8,90.0
2026-07-16T03:00:00,8.5,12.5,163.0,22.8,88,5.6,0.0,999.5,110.0
2026-07-16T04:00:00,8.5,15.2,165.0,22.2,88,5.9,0.0,999.4,115.0
2026-07-16T05:00:00,9.6,15.9,164.0,22.5,84,6.1,0.0,999.5,150.0
2026-07-16T06:00:00,9.6,18.2,169.0,23.3,80,0.7,0.0,1000.1,140.0
2026-07-16T07:00:00,10.0,18.2,169.0,25.5,69,4.7,0.0,1000.7,320.0
2026-07-16T08:00:00,10.4,20.4,168.0,27.3,59,4.2,0.0,1000.9,475.0
2026-07-16T09:00:00,9.2,13.1,167.0,28.8,54,4.3,0.0,1001.0,690.0
2026-07-16T10:00:00,8.2,8.5,164.0,30.2,50,2.9,0.0,1001.2,815.0
2026-07-16T11:00:00,8.2,6.0,164.0,31.4,48,4.8,0.0,1000.9,985.0
2026-07-16T12:00:00,7.9,4.9,161.0,32.2,47,5.7,0.0,1000.6,1085.0
2026-07-16T13:00:00,7.8,4.6,158.0,32.8,45,3.4,0.0,1000.4,1140.0
2026-07-16T14:00:00,7.7,5.2,160.0,33.5,43,2.5,0.0,1000.0,1150.0
2026-07-16T15:00:00,7.8,6.6,159.0,33.4,44,6.5,0.0,999.3,1235.0
2026-07-16T16:00:00,8.7,8.7,156.0,33.2,44,6.1,0.0,998.9,1180.0
2026-07-16T17:00:00,6.8,13.3,157.0,32.9,44,5.2,0.0,998.6,1090.0
2026-07-16T18:00:00,10.9,16.8,167.0,31.4,49,9.2,0.0,998.5,475.0
2026-07-16T19:00:00,11.5,21.5,194.0,31.0,50,5.9,0.0,997.9,275.0
2026-07-16T20:00:00,11.5,26.2,205.0,30.7,52,4.4,0.0,998.1,230.0
2026-07-16T21:00:00,14.3,29.1,217.0,30.0,54,7.8,0.0,998.3,265.0
2026-07-16T22:00:00,13.6,29.8,223.0,29.6,54,6.7,0.0,998.5,255.0
2026-07-16T23:00:00,12.4,27.5,207.0,28.9,54,7.7,0.0,998.2,365.0
2026-07-17T00:00:00,11.4,23.1,195.0,23.7,76,18.7,0.0,999.2,360.0
2026-07-17T01:00:00,16.3,17.4,192.0,21.4,93,12.7,2.7,997.8,205.0
2026-07-17T02:00:00,15.5,13.1,184.0,21.5,89,14.9,1.9,999.3,255.0
2026-07-17T03:00:00,14.2,12.3,184.0,21.4,88,11.0,0.6,999.1,205.0
2026-07-17T04:00:00,13.9,13.0,175.0,20.9,91,14.3,3.7,999.3,250.0
2026-07-17T05:00:00,16.5,18.3,170.0,21.5,89,13.0,0.3,998.8,255.0
2026-07-17T06:00:00,14.3,24.4,184.0,21.7,91,3.1,0.0,998.5,260.0
2026-07-17T07:00:00,15.3,21.2,183.0,23.5,83,0.6,0.0,998.3,435.0
2026-07-17T08:00:00,13.1,16.5,185.0,25.1,74,1.9,0.0,998.0,565.0
2026-07-17T09:00:00,12.6,10.8,186.0,26.4,69,4.3,0.0,997.8,730.0
2026-07-17T10:00:00,11.7,7.8,183.0,27.6,65,5.7,0.0,997.3,850.0
2026-07-17T11:00:00,12.1,6.0,184.0,29.3,57,1.7,0.0,996.8,1250.0
2026-07-17T12:00:00,12.1,4.6,166.0,30.2,51,6.3,0.0,996.3,1045.0
2026-07-17T13:00:00,12.1,4.3,159.0,30.8,49,6.9,0.0,995.4,925.0
2026-07-17T14:00:00,12.5,4.8,156.0,31.4,49,5.0,0.0,995.2,1135.0
2026-07-17T15:00:00,10.9,6.3,160.0,31.5,49,3.9,0.0,994.7,1105.0
2026-07-17T16:00:00,11.1,7.2,161.0,31.6,48,2.7,0.0,994.1,830.0
2026-07-17T17:00:00,11.6,10.6,161.0,31.4,46,2.8,0.0,993.6,595.0
2026-07-17T18:00:00,12.6,12.7,164.0,31.0,45,5.9,0.0,993.2,440.0
2026-07-17T19:00:00,12.4,16.9,177.0,30.1,53,1.9,0.0,993.1,55.0
2026-07-17T20:00:00,13.1,24.0,187.0,29.4,55,3.7,0.0,993.9,140.0
2026-07-17T21:00:00,18.7,26.5,198.0,28.6,63,3.8,0.0,994.3,105.0
2026-07-17T22:00:00,18.2,26.1,208.0,27.7,71,5.9,0.0,994.6,150.0
2026-07-17T23:00:00,15.7,23.0,190.0,27.2,69,8.3,0.0,994.7,265.0
2026-07-18T00:00:00,13.9,14.6,158.0,26.1,77,8.3,0.0,994.4,165.0
2026-07-18T01:00:00,14.1,12.3,157.0,25.6,79,8.9,0.0,994.3,210.0
2026-07-18T02:00:00,15.1,11.0,149.0,25.2,81,8.3,0.0,994.1,185.0
2026-07-18T03:00:00,17.0,10.9,152.0,24.8,84,6.9,0.0,994.0,185.0
2026-07-18T04:00:00,15.0,13.6,149.0,24.4,87,6.1,0.0,994.3,165.0
2026-07-18T05:00:00,15.9,14.1,148.0,24.8,85,5.7,0.0,994.5,175.0
2026-07-18T06:00:00,14.6,13.0,154.0,26.3,78,6.8,0.1,994.5,215.0
2026-07-18T07:00:00,14.7,9.7,152.0,27.9,73,3.1,0.0,994.8,325.0
2026-07-18T08:00:00,14.9,7.8,151.0,29.1,68,4.1,0.0,995.1,745.0
2026-07-18T09:00:00,14.3,6.9,152.0,27.5,73,4.9,0.9,995.9,535.0
2026-07-18T10:00:00,13.3,5.4,152.0,28.6,71,7.2,0.2,995.7,690.0
2026-07-18T11:00:00,11.6,4.2,149.0,29.7,65,2.6,0.4,995.4,845.0
2026-07-18T12:00:00,10.6,3.2,145.0,33.9,31,11.0,0.1,994.0,2425.0
2026-07-18T13:00:00,10.0,2.5,142.0,33.8,30,3.4,0.1,993.7,1890.0
2026-07-18T14:00:00,9.4,2.3,135.0,35.1,24,1.5,0.0,993.0,2085.0
2026-07-18T15:00:00,8.7,2.9,131.0,35.3,22,3.4,0.0,992.8,2180.0
2026-07-18T16:00:00,8.2,3.9,133.0,35.3,20,4.2,0.0,992.3,2200.0
2026-07-18T17:00:00,7.9,6.0,136.0,34.7,21,3.3,0.0,991.9,1790.0
2026-07-18T18:00:00,9.2,9.2,142.0,31.8,46,6.7,0.0,991.4,140.0
2026-07-18T19:00:00,9.9,16.8,153.0,31.5,45,2.3,0.0,991.5,150.0
2026-07-18T20:00:00,10.4,23.9,171.0,27.6,49,17.3,0.6,993.1,530.0
2026-07-18T21:00:00,9.8,22.2,148.0,22.4,77,9.3,4.5,994.1,60.0
2026-07-18T22:00:00,9.9,13.7,143.0,23.8,83,5.5,0.3,993.4,30.0
2026-07-18T23:00:00,9.8,11.4,167.0,22.6,70,6.2,0.2,994.5,60.0
2026-07-19T00:00:00,10.6,9.6,171.0,21.2,86,5.9,0.1,994.3,45.0
2026-07-19T01:00:00,10.9,11.3,163.0,21.3,91,8.1,1.5,994.7,70.0
2026-07-19T02:00:00,11.2,7.9,178.0,22.0,87,4.5,0.4,995.1,50.0
2026-07-19T03:00:00,12.8,6.7,175.0,22.6,81,11.4,0.2,995.0,485.0
2026-07-19T04:00:00,14.3,6.4,166.0,22.2,81,12.8,0.1,995.5,520.0
2026-07-19T05:00:00,12.9,6.4,159.0,22.6,77,8.8,0.0,996.0,535.0
2026-07-19T06:00:00,11.9,6.7,160.0,23.6,71,13.9,0.2,995.8,585.0
2026-07-19T07:00:00,9.9,5.0,157.0,25.0,65,9.9,0.0,996.0,745.0
2026-07-19T08:00:00,10.2,3.7,155.0,26.2,59,6.7,0.0,995.9,840.0
2026-07-19T09:00:00,11.4,3.2,155.0,27.4,55,5.1,0.0,996.0,850.0
2026-07-19T10:00:00,11.0,3.2,152.0,28.6,52,2.5,0.0,996.0,1100.0
2026-07-19T11:00:00,10.6,3.3,149.0,29.8,47,2.4,0.0,995.6,1205.0
2026-07-19T12:00:00,9.2,3.0,144.0,30.5,52,3.1,0.0,995.0,1305.0
2026-07-19T13:00:00,8.5,2.8,140.0,31.2,47,4.3,0.0,994.6,1490.0
2026-07-19T14:00:00,8.0,2.6,137.0,32.1,40,5.0,0.0,994.1,1710.0
2026-07-19T15:00:00,6.9,3.0,137.0,32.1,38,5.8,0.0,993.9,1540.0
2026-07-19T16:00:00,6.7,4.2,140.0,31.7,41,7.6,0.0,993.8,880.0
2026-07-19T17:00:00,6.7,6.4,141.0,30.8,47,9.3,0.0,993.7,340.0
2026-07-19T18:00:00,9.4,8.6,151.0,30.2,42,11.4,0.0,993.4,195.0
2026-07-19T19:00:00,9.4,13.3,158.0,29.4,42,5.0,0.0,993.5,80.0
2026-07-19T20:00:00,9.2,16.6,166.0,28.7,49,2.3,0.0,994.4,20.0
2026-07-19T21:00:00,9.6,18.5,169.0,28.0,54,3.3,0.0,994.9,35.0
2026-07-19T22:00:00,9.9,20.6,165.0,27.4,56,4.0,0.0,995.5,35.0
2026-07-19T23:00:00,9.5,15.9,163.0,26.9,54,3.1,0.0,995.6,35.0
2026-07-20T00:00:00,8.9,8.3,156.0,23.9,64,5.4,0.1,995.9,120.0
2026-07-20T01:00:00,8.5,7.8,165.0,23.5,68,7.7,0.0,996.2,310.0
2026-07-20T02:00:00,8.4,4.7,149.0,21.4,86,18.2,0.0,997.3,555.0
2026-07-20T03:00:00,6.6,4.2,146.0,20.3,83,17.5,0.0,998.1,575.0
2026-07-20T04:00:00,6.9,4.9,144.0,20.3,83,11.7,0.1,998.5,490.0
2026-07-20T05:00:00,7.4,7.0,149.0,20.6,82,10.8,0.1,998.7,565.0
2026-07-20T06:00:00,7.2,11.5,149.0,23.5,74,13.5,0.0,997.1,535.0
2026-07-20T07:00:00,6.8,11.5,146.0,24.4,66,13.8,0.0,997.8,700.0
2026-07-20T08:00:00,6.5,9.4,142.0,25.0,63,14.5,0.0,998.5,855.0
2026-07-20T09:00:00,6.9,6.2,138.0,25.4,58,12.3,0.0,999.1,950.0
2026-07-20T10:00:00,7.1,4.0,137.0,26.8,52,13.1,0.0,999.1,1035.0
2026-07-20T11:00:00,7.3,3.5,137.0,27.6,51,12.4,0.0,999.0,1015.0
2026-07-20T12:00:00,7.2,3.4,138.0,29.1,48,11.8,0.0,998.0,1050.0
2026-07-20T13:00:00,7.6,3.5,141.0,29.4,47,10.9,0.0,997.6,955.0
2026-07-20T14:00:00,7.5,3.8,140.0,29.7,46,10.5,0.0,997.4,855.0
2026-07-20T15:00:00,7.4,4.6,139.0,30.1,45,8.6,0.0,997.0,755.0
2026-07-20T16:00:00,7.5,5.9,140.0,29.9,46,8.2,0.0,996.8,785.0
2026-07-20T17:00:00,7.5,8.7,141.0,29.3,49,8.6,0.0,996.5,665.0
2026-07-20T18:00:00,7.9,11.1,146.0,30.3,48,9.6,0.2,995.9,635.0
2026-07-20T19:00:00,8.7,14.8,174.0,28.6,56,10.1,0.0,996.0,450.0
2026-07-20T20:00:00,8.6,19.9,186.0,27.4,60,10.6,0.0,996.8,340.0
2026-07-20T21:00:00,10.1,22.1,183.0,26.3,64,8.3,0.0,997.4,330.0
2026-07-20T22:00:00,10.1,18.8,178.0,25.5,66,9.6,0.0,997.9,345.0
2026-07-20T23:00:00,9.9,14.9,172.0,24.7,68,8.6,0.0,998.0,315.0
2026-07-21T00:00:00,10.9,11.8,170.0,23.9,75,2.3,0.0,997.3,40.0
2026-07-21T01:00:00,10.3,8.3,170.0,23.7,75,7.5,0.0,997.3,235.0
2026-07-21T02:00:00,12.1,7.6,163.0,23.0,79,5.3,0.1,997.8,340.0
2026-07-21T03:00:00,12.5,7.9,163.0,22.0,81,12.5,0.3,998.2,350.0
2026-07-21T04:00:00,10.8,9.2,165.0,21.6,77,9.7,0.2,998.4,445.0
2026-07-21T05:00:00,11.8,12.3,170.0,20.1,91,4.0,1.9,999.4,310.0
2026-07-21T06:00:00,11.9,19.8,167.0,25.3,61,4.0,0.4,998.9,375.0
2026-07-21T07:00:00,10.3,15.9,167.0,25.0,67,5.9,0.4,998.7,655.0
2026-07-21T08:00:00,8.6,13.1,162.0,25.8,66,4.8,0.0,998.9,840.0
2026-07-21T09:00:00,8.3,8.1,152.0,26.4,59,10.8,0.1,998.7,1025.0
2026-07-21T10:00:00,7.7,4.5,149.0,28.2,47,11.9,0.0,998.8,1360.0
2026-07-21T11:00:00,7.9,3.9,145.0,28.7,43,11.4,0.0,998.3,1380.0
2026-07-21T12:00:00,8.1,3.7,146.0,29.2,47,12.1,0.0,997.5,1380.0
2026-07-21T13:00:00,8.2,3.9,147.0,29.8,43,11.4,0.3,996.7,1210.0
2026-07-21T14:00:00,8.3,4.2,148.0,30.0,41,10.6,0.0,996.4,1155.0
2026-07-21T15:00:00,8.4,5.6,151.0,29.3,41,11.1,0.0,996.5,535.0
2026-07-21T16:00:00,7.6,8.4,158.0,29.5,45,8.1,0.1,996.9,1365.0
2026-07-21T17:00:00,7.3,11.4,159.0,27.8,54,7.8,0.9,996.9,850.0
2026-07-21T18:00:00,8.2,16.7,165.0,28.8,41,4.6,0.1,995.7,130.0
2026-07-21T19:00:00,9.9,19.4,169.0,26.6,57,10.1,0.0,996.4,425.0
2026-07-21T20:00:00,10.4,19.8,169.0,25.5,63,16.2,0.0,997.9,485.0
2026-07-21T21:00:00,9.6,16.2,167.0,22.7,64,15.9,0.0,999.4,545.0
2026-07-21T22:00:00,8.9,12.4,161.0,21.9,65,10.3,0.0,1000.1,620.0
2026-07-21T23:00:00,8.4,11.4,165.0,22.0,67,9.2,0.0,1000.9,675.0
2026-07-22T00:00:00,8.1,8.6,161.0,23.8,66,6.6,0.0,999.8,440.0
2026-07-22T01:00:00,8.6,9.4,156.0,23.6,60,8.1,0.0,999.9,655.0
2026-07-22T02:00:00,8.9,9.9,161.0,23.0,62,8.8,0.0,1000.3,580.0
2026-07-22T03:00:00,8.9,9.6,163.0,22.7,64,10.4,0.0,1000.5,450.0
2026-07-22T04:00:00,9.6,11.5,169.0,22.4,64,9.5,0.0,1000.8,435.0
2026-07-22T05:00:00,10.2,18.3,173.0,22.6,61,9.0,0.0,1001.3,450.0
2026-07-22T06:00:00,10.9,25.7,181.0,23.9,55,6.1,0.0,1001.3,725.0
2026-07-22T07:00:00,8.9,16.0,173.0,25.1,48,8.7,0.0,1001.7,1015.0
2026-07-22T08:00:00,7.1,9.9,157.0,26.0,45,10.0,0.0,1001.8,1115.0
2026-07-22T09:00:00,7.3,6.4,146.0,27.0,43,10.1,0.0,1001.8,1325.0
2026-07-22T10:00:00,6.6,3.9,140.0,28.0,39,9.8,0.0,1001.8,1810.0
2026-07-22T11:00:00,5.7,3.3,139.0,29.2,34,8.9,0.0,1001.6,2305.0
2026-07-22T12:00:00,6.2,3.1,138.0,29.9,34,7.6,0.0,1000.5,2260.0
2026-07-22T13:00:00,6.3,3.2,134.0,30.1,34,8.6,0.0,999.8,2330.0
2026-07-22T14:00:00,6.2,3.5,134.0,29.9,34,12.7,0.0,999.3,2085.0
2026-07-22T15:00:00,6.0,4.1,136.0,29.4,35,13.0,0.0,999.0,1730.0
2026-07-22T16:00:00,5.9,5.6,138.0,29.1,34,10.6,0.0,998.4,1035.0
2026-07-22T17:00:00,5.9,7.4,143.0,28.7,35,10.0,0.0,998.3,760.0
2026-07-22T18:00:00,6.4,10.0,145.0,28.1,35,9.2,0.0,998.0,565.0
2026-07-22T19:00:00,7.0,14.7,152.0,27.0,40,10.7,0.0,998.1,295.0
2026-07-22T20:00:00,7.0,18.4,153.0,26.1,46,9.1,0.0,998.4,220.0
2026-07-22T21:00:00,7.4,18.7,156.0,25.3,50,8.9,0.0,998.7,280.0
2026-07-22T22:00:00,7.8,18.0,155.0,24.5,55,8.9,0.0,998.8,280.0
2026-07-22T23:00:00,8.1,18.1,152.0,23.8,57,9.2,0.0,999.0,290.0
2026-07-23T00:00:00,7.7,15.1,150.0,23.3,62,8.0,0.0,998.5,215.0
2026-07-23T01:00:00,8.0,12.5,147.0,22.8,63,7.9,0.0,998.2,210.0
2026-07-23T02:00:00,9.3,12.1,146.0,22.2,64,7.5,0.0,997.9,185.0
2026-07-23T03:00:00,10.8,13.2,143.0,21.9,64,7.2,0.0,997.7,170.0
2026-07-23T04:00:00,12.8,13.4,147.0,21.6,63,7.2,0.0,997.7,165.0
2026-07-23T05:00:00,13.1,19.8,153.0,22.1,59,7.8,0.0,997.8,215.0
2026-07-23T06:00:00,13.2,24.7,159.0,22.9,58,7.8,0.0,998.2,340.0
2026-07-23T07:00:00,11.8,21.6,159.0,24.5,49,8.4,0.0,997.8,475.0
2026-07-23T08:00:00,10.2,15.4,155.0,25.3,46,6.9,0.0,997.7,540.0
2026-07-23T09:00:00,7.9,11.6,148.0,26.6,42,5.7,0.0,997.7,760.0
2026-07-23T10:00:00,7.3,7.9,146.0,27.7,39,5.1,0.0,997.4,1235.0
2026-07-23T11:00:00,8.3,6.3,142.0,28.9,36,5.0,0.0,996.9,1350.0
2026-07-23T12:00:00,7.9,5.3,138.0,30.2,34,8.2,0.0,995.9,1805.0
2026-07-23T13:00:00,7.5,4.1,135.0,30.3,35,8.6,0.0,995.2,1780.0
2026-07-23T14:00:00,7.5,4.1,136.0,30.5,33,8.0,0.0,994.7,1730.0
2026-07-23T15:00:00,6.3,5.1,137.0,30.6,32,6.6,0.0,994.4,1635.0
2026-07-23T16:00:00,6.2,6.4,139.0,30.3,33,4.3,0.0,994.2,1585.0
2026-07-23T17:00:00,6.5,8.7,141.0,29.8,35,6.3,0.0,993.7,1160.0
2026-07-23T18:00:00,6.9,12.1,152.0,29.7,36,5.2,0.0,993.2,160.0
2026-07-23T19:00:00,7.0,14.0,149.0,28.5,42,5.2,0.0,993.2,125.0
2026-07-23T20:00:00,7.1,17.2,149.0,27.3,48,2.9,0.0,994.1,75.0
2026-07-23T21:00:00,8.4,19.8,157.0,26.6,50,5.1,0.0,994.6,85.0
2026-07-23T22:00:00,8.1,16.4,157.0,25.9,51,5.4,0.0,995.4,115.0
2026-07-23T23:00:00,8.6,17.9,158.0,26.0,44,8.4,0.0,996.2,240.0
2026-07-24T00:00:00,8.7,17.3,151.0,23.9,55,9.0,0.0,995.8,180.0
2026-07-24T01:00:00,9.8,15.9,154.0,23.2,57,9.2,0.0,996.0,245.0
2026-07-24T02:00:00,9.9,13.4,158.0,22.4,62,8.6,0.0,996.4,270.0
2026-07-24T03:00:00,10.5,13.6,158.0,21.7,65,9.7,0.0,997.0,340.0
2026-07-24T04:00:00,10.6,14.8,160.0,21.0,69,11.4,0.0,997.6,420.0
2026-07-24T05:00:00,12.4,18.3,162.0,20.8,71,11.2,0.0,998.1,405.0
2026-07-24T06:00:00,13.5,19.7,161.0,22.3,63,9.8,0.0,998.3,390.0
2026-07-24T07:00:00,12.2,16.9,154.0,23.8,59,9.9,0.0,998.7,520.0
2026-07-24T08:00:00,7.8,9.5,146.0,25.1,55,8.8,0.0,998.9,700.0
2026-07-24T09:00:00,7.6,6.4,136.0,26.6,48,8.3,0.0,999.0,1295.0
2026-07-24T10:00:00,6.5,3.8,134.0,27.9,42,7.7,0.0,998.8,1615.0
2026-07-24T11:00:00,6.6,3.2,133.0,28.8,39,7.8,0.0,998.5,1710.0
2026-07-24T12:00:00,6.2,3.1,133.0,30.1,35,8.9,0.0,997.5,1905.0
2026-07-24T13:00:00,6.2,3.1,135.0,30.4,33,8.9,0.0,997.1,1845.0
2026-07-24T14:00:00,6.1,3.5,137.0,30.5,31,9.9,0.0,996.5,1660.0
2026-07-24T15:00:00,6.0,4.1,138.0,30.6,30,10.3,0.0,996.1,1560.0
2026-07-24T16:00:00,5.9,5.2,140.0,30.3,30,10.0,0.0,995.7,1430.0
2026-07-24T17:00:00,6.0,7.8,143.0,29.6,31,10.3,0.0,995.6,1255.0
2026-07-24T18:00:00,6.4,9.6,147.0,29.0,31,10.9,0.0,995.1,865.0
2026-07-24T19:00:00,7.7,12.4,149.0,27.6,36,9.9,0.0,995.6,320.0
2026-07-24T20:00:00,7.5,11.2,148.0,26.9,40,10.2,0.0,996.2,305.0
2026-07-24T21:00:00,7.3,10.3,151.0,26.1,45,10.1,0.0,996.8,380.0
2026-07-24T22:00:00,7.1,11.1,152.0,24.9,49,10.7,0.0,997.1,390.0
2026-07-24T23:00:00,7.0,10.5,148.0,24.0,49,10.4,0.0,997.3,355.0
2026-07-25T00:00:00,6.8,9.6,146.0,23.0,53,10.0,0.0,997.1,325.0
2026-07-25T01:00:00,6.8,9.0,143.0,22.7,52,10.5,0.0,997.1,350.0
2026-07-25T02:00:00,7.0,7.7,142.0,22.5,48,10.2,0.0,996.8,375.0
2026-07-25T03:00:00,7.2,8.3,146.0,22.0,48,8.7,0.0,996.9,350.0
2026-07-25T04:00:00,7.6,11.3,147.0,21.2,50,8.5,0.0,997.0,260.0
2026-07-25T05:00:00,9.4,12.0,151.0,21.1,51,6.9,0.0,997.2,240.0
2026-07-25T06:00:00,9.0,10.7,154.0,21.3,50,5.6,0.0,997.4,315.0
2026-07-25T07:00:00,6.8,7.8,148.0,23.4,42,8.1,0.0,997.1,515.0
2026-07-25T08:00:00,5.6,6.0,140.0,25.2,35,9.8,0.0,997.1,630.0
2026-07-25T09:00:00,5.7,5.5,134.0,26.7,32,8.5,0.0,996.9,760.0
2026-07-25T10:00:00,6.3,4.6,134.0,28.2,31,6.2,0.0,996.5,985.0
2026-07-25T11:00:00,6.7,3.4,137.0,29.6,31,4.0,0.0,996.1,1470.0
2026-07-25T12:00:00,7.0,3.2,138.0,30.2,30,4.2,0.0,995.4,1790.0
2026-07-25T13:00:00,7.3,2.7,139.0,30.9,30,6.3,0.0,994.9,1800.0
2026-07-25T14:00:00,7.4,3.1,141.0,30.9,31,4.7,0.0,994.5,1955.0
2026-07-25T15:00:00,7.3,3.3,143.0,30.9,32,2.6,0.0,994.1,2090.0
2026-07-25T16:00:00,7.3,4.5,144.0,30.6,33,6.0,0.0,993.5,1930.0
2026-07-25T17:00:00,7.1,5.6,145.0,30.2,35,7.6,0.0,992.9,2065.0
2026-07-25T18:00:00,7.1,8.9,151.0,29.4,36,9.2,0.0,992.6,850.0
2026-07-25T19:00:00,8.4,12.0,153.0,28.3,38,8.1,0.0,992.7,320.0
2026-07-25T20:00:00,8.8,14.9,159.0,27.7,40,4.8,0.0,993.2,120.0
2026-07-25T21:00:00,7.8,18.4,161.0,26.5,46,5.1,0.0,993.4,110.0
2026-07-25T22:00:00,7.7,17.1,163.0,25.8,46,8.9,0.0,993.6,185.0
2026-07-25T23:00:00,8.4,16.1,170.0,25.8,42,7.6,0.0,993.5,275.0
2026-07-26T00:00:00,8.4,15.4,168.0,26.4,44,4.3,0.0,992.2,225.0
2026-07-26T01:00:00,8.3,12.9,159.0,25.1,50,7.0,0.0,992.2,225.0
2026-07-26T02:00:00,7.9,9.9,152.0,24.7,54,8.3,0.0,992.0,395.0
2026-07-26T03:00:00,7.5,9.8,149.0,23.4,63,13.7,0.2,991.6,530.0
2026-07-26T04:00:00,7.9,7.8,145.0,22.4,68,11.6,0.0,991.7,465.0
2026-07-26T05:00:00,8.3,8.2,146.0,21.6,74,4.5,0.2,992.3,365.0
2026-07-26T06:00:00,7.7,7.0,150.0,22.9,66,10.1,0.0,992.1,435.0
2026-07-26T07:00:00,8.6,5.3,147.0,24.0,62,7.6,0.0,992.4,530.0
2026-07-26T08:00:00,7.3,4.6,145.0,25.1,57,6.0,0.0,992.7,740.0
2026-07-26T09:00:00,6.8,4.5,146.0,26.2,52,4.9,0.0,992.6,1000.0
2026-07-26T10:00:00,6.6,4.1,144.0,27.3,47,2.3,0.0,992.6,1225.0
2026-07-26T11:00:00,6.4,3.4,145.0,28.8,40,3.0,0.1,992.0,1655.0
2026-07-26T12:00:00,6.5,3.2,143.0,27.4,53,4.0,0.2,991.7,1040.0
2026-07-26T13:00:00,6.9,3.0,144.0,29.0,46,1.9,0.2,991.2,1690.0
2026-07-26T14:00:00,6.9,2.9,144.0,26.4,57,12.4,0.5,991.6,615.0
2026-07-26T15:00:00,6.6,3.2,145.0,26.0,62,7.6,0.5,991.7,370.0
2026-07-26T16:00:00,6.5,4.5,147.0,27.3,54,6.1,0.0,991.6,690.0
2026-07-26T17:00:00,6.5,6.0,149.0,27.4,54,6.7,0.0,991.5,915.0
2026-07-26T18:00:00,7.3,7.4,151.0,26.2,62,6.0,0.1,991.4,235.0
2026-07-26T19:00:00,7.2,9.7,164.0,26.2,62,2.8,0.0,991.6,200.0
2026-07-26T20:00:00,8.5,15.4,172.0,25.8,64,3.0,0.0,992.5,305.0
2026-07-26T21:00:00,8.4,18.5,174.0,25.2,69,1.2,0.0,993.1,45.0
2026-07-26T22:00:00,8.5,16.4,173.0,24.4,75,1.8,0.0,993.5,40.0
2026-07-26T23:00:00,9.5,14.0,161.0,23.8,77,2.9,0.0,993.6,50.0
2026-07-27T00:00:00,8.3,11.1,156.0,22.9,83,0.4,0.0,993.5,15.0
2026-07-27T01:00:00,8.2,12.3,156.0,22.6,83,1.3,0.0,993.3,25.0
2026-07-27T02:00:00,8.5,12.5,157.0,22.2,84,0.8,0.0,993.4,25.0
2026-07-27T03:00:00,8.9,14.0,157.0,21.8,86,0.8,0.0,993.6,25.0
2026-07-27T04:00:00,9.7,16.7,161.0,21.2,89,0.7,0.0,993.6,25.0
2026-07-27T05:00:00,10.5,25.4,179.0,21.4,89,3.5,0.0,994.1,45.0
2026-07-27T06:00:00,12.0,23.9,189.0,22.1,82,1.0,0.0,994.6,125.0
2026-07-27T07:00:00,13.5,22.6,184.0,24.1,73,0.3,0.0,995.2,260.0
2026-07-27T08:00:00,11.8,21.0,178.0,26.1,64,0.9,0.0,995.6,430.0
2026-07-27T09:00:00,10.8,14.2,171.0,27.9,55,2.2,0.0,996.2,790.0
2026-07-27T10:00:00,10.4,9.2,169.0,29.5,47,4.5,0.0,996.4,975.0
2026-07-27T11:00:00,9.7,5.4,164.0,31.1,41,5.9,0.0,996.1,1270.0
2026-07-27T12:00:00,8.3,5.0,158.0,33.1,29,7.8,0.0,995.6,2145.0
2026-07-27T13:00:00,7.5,3.8,153.0,33.5,27,8.6,0.0,995.4,2000.0
2026-07-27T14:00:00,6.9,3.2,146.0,33.9,26,8.8,0.0,995.3,1860.0
2026-07-27T15:00:00,6.5,3.9,142.0,33.8,27,8.5,0.0,995.2,1795.0
2026-07-27T16:00:00,5.9,5.3,145.0,33.7,28,8.7,0.0,995.2,1805.0
2026-07-27T17:00:00,5.6,8.8,147.0,32.9,31,9.8,0.0,995.3,975.0
2026-07-27T18:00:00,6.9,10.0,158.0,31.6,35,10.0,0.0,995.3,330.0
2026-07-27T19:00:00,7.6,13.1,160.0,30.4,35,7.2,0.0,995.7,250.0
2026-07-27T20:00:00,7.7,18.7,168.0,28.7,44,12.0,0.0,997.0,295.0
2026-07-27T21:00:00,7.6,13.9,183.0,27.3,46,5.6,0.0,997.8,280.0
2026-07-27T22:00:00,8.0,14.7,182.0,26.8,52,0.6,0.0,998.6,195.0
2026-07-27T23:00:00,9.0,17.0,190.0,26.5,48,0.4,0.0,999.1,140.0
2026-07-28T00:00:00,8.8,16.7,190.0,25.5,60,2.0,0.0,999.3,20.0
2026-07-28T01:00:00,8.8,15.3,184.0,25.2,59,3.2,0.0,999.6,30.0
2026-07-28T02:00:00,8.5,14.0,180.0,24.6,61,5.1,0.0,1000.0,85.0
2026-07-28T03:00:00,9.0,12.8,176.0,23.8,68,8.6,0.0,1000.5,210.0
2026-07-28T04:00:00,11.1,13.0,174.0,23.0,75,8.6,0.0,1000.9,245.0
2026-07-28T05:00:00,14.8,12.6,177.0,23.2,76,10.4,0.0,1001.6,320.0
2026-07-28T06:00:00,14.3,14.5,175.0,24.2,75,8.6,0.0,1002.1,420.0
2026-07-28T07:00:00,11.7,14.2,173.0,25.8,69,9.5,0.0,1002.6,540.0
2026-07-28T08:00:00,9.1,9.4,165.0,27.4,62,9.9,0.0,1003.1,735.0
2026-07-28T09:00:00,8.6,5.9,159.0,28.8,55,10.1,0.0,1003.6,960.0
2026-07-28T10:00:00,8.5,3.4,158.0,30.0,51,9.6,0.0,1003.7,1265.0
2026-07-28T11:00:00,8.5,2.9,158.0,31.2,46,8.5,0.0,1003.7,1535.0
2026-07-28T12:00:00,8.0,2.9,156.0,32.5,43,9.1,0.0,1003.0,1835.0
2026-07-28T13:00:00,8.1,2.9,154.0,32.9,42,9.7,0.0,1002.6,1675.0
2026-07-28T14:00:00,8.0,3.4,153.0,33.0,39,9.7,0.0,1002.3,1465.0
2026-07-28T15:00:00,7.9,4.3,153.0,33.3,38,8.3,0.0,1002.2,1540.0
2026-07-28T16:00:00,7.8,5.4,155.0,33.0,40,8.6,0.0,1002.1,1685.0
2026-07-28T17:00:00,7.7,7.3,159.0,32.5,42,8.6,0.0,1001.8,1505.0
2026-07-28T18:00:00,8.2,9.6,160.0,31.8,43,9.8,0.0,1001.2,1080.0
2026-07-28T19:00:00,9.0,13.4,165.0,30.6,47,6.7,0.0,1001.3,305.0
2026-07-28T20:00:00,9.3,14.3,169.0,29.5,51,7.3,0.0,1002.1,200.0
2026-07-28T21:00:00,9.8,16.1,173.0,28.7,53,7.6,0.0,1002.6,145.0
2026-07-28T22:00:00,9.5,15.4,174.0,28.1,55,7.3,0.0,1003.0,155.0
2026-07-28T23:00:00,9.1,13.9,172.0,27.4,58,8.9,0.0,1003.3,215.0
2026-07-29T00:00:00,9.7,10.9,167.0,26.6,63,9.7,0.0,1002.8,190.0
2026-07-29T01:00:00,9.7,9.8,166.0,26.0,66,8.5,0.0,1002.6,185.0
2026-07-29T02:00:00,9.7,9.2,167.0,25.6,68,7.9,0.0,1002.5,180.0
2026-07-29T03:00:00,11.4,9.7,167.0,25.2,69,7.8,0.0,1002.6,190.0
2026-07-29T04:00:00,14.2,11.7,171.0,24.8,70,7.7,0.0,1002.6,180.0
2026-07-29T05:00:00,13.7,16.9,178.0,25.0,69,7.9,0.0,1003.0,195.0
2026-07-29T06:00:00,11.9,24.6,183.0,25.9,65,6.6,0.0,1003.0,225.0
2026-07-29T07:00:00,11.4,19.0,177.0,27.8,56,7.2,0.0,1003.3,415.0
2026-07-29T08:00:00,10.2,11.5,166.0,29.6,47,7.6,0.0,1003.6,710.0
2026-07-29T09:00:00,9.3,7.2,163.0,30.8,43,7.0,0.0,1003.8,895.0
2026-07-29T10:00:00,9.1,4.9,162.0,31.9,41,6.4,0.0,1003.6,1100.0
2026-07-29T11:00:00,9.1,3.9,161.0,33.2,39,5.7,0.0,1003.2,1395.0
2026-07-29T12:00:00,8.9,3.5,158.0,34.1,37,6.8,0.0,1002.6,1640.0
2026-07-29T13:00:00,9.0,3.4,156.0,35.0,35,6.1,0.0,1001.9,1800.0
2026-07-29T14:00:00,8.9,3.6,155.0,35.3,34,6.5,0.0,1001.5,1915.0
2026-07-29T15:00:00,8.8,5.1,156.0,35.3,34,7.2,0.0,1001.3,1970.0
2026-07-29T16:00:00,8.5,6.1,160.0,34.9,34,7.6,0.0,1001.1,1820.0
2026-07-29T17:00:00,8.6,8.3,165.0,34.6,34,5.9,0.0,1000.8,1815.0
2026-07-29T18:00:00,9.5,10.8,166.0,34.6,33,6.2,0.0,1000.2,670.0
2026-07-29T19:00:00,10.3,14.3,172.0,33.2,37,6.9,0.0,1000.4,215.0
2026-07-29T20:00:00,10.3,19.0,177.0,31.6,42,9.4,0.0,1001.4,200.0
2026-07-29T21:00:00,12.0,23.0,183.0,30.6,47,8.5,0.0,1002.0,210.0
2026-07-29T22:00:00,14.0,25.7,195.0,30.4,43,6.9,0.0,1002.3,185.0
2026-07-29T23:00:00,13.0,26.8,200.0,29.9,41,4.6,0.0,1002.3,125.0
2026-07-30T00:00:00,11.9,25.4,200.0,28.4,56,5.7,0.0,1002.3,80.0
2026-07-30T01:00:00,12.2,23.3,203.0,28.5,57,4.5,0.0,1002.1,145.0
2026-07-30T02:00:00,12.6,20.7,201.0,27.9,60,4.7,0.0,1001.8,115.0
2026-07-30T03:00:00,12.8,22.3,193.0,27.2,62,4.4,0.0,1001.6,100.0
2026-07-30T04:00:00,13.0,26.5,198.0,26.6,64,3.4,0.0,1001.6,95.0
2026-07-30T05:00:00,14.4,35.0,210.0,26.9,63,3.5,0.0,1001.6,90.0
2026-07-30T06:00:00,18.4,34.1,221.0,27.3,62,1.1,0.0,1001.9,125.0
2026-07-30T07:00:00,15.3,29.3,225.0,29.4,54,1.4,0.0,1002.1,310.0
2026-07-30T08:00:00,13.8,22.6,215.0,31.1,48,1.7,0.0,1002.1,550.0
2026-07-30T09:00:00,12.9,12.4,190.0,32.8,43,2.8,0.0,1001.8,935.0
2026-07-30T10:00:00,12.9,6.7,179.0,34.2,40,4.8,0.0,1001.8,1360.0
2026-07-30T11:00:00,11.8,4.2,175.0,35.3,37,5.6,0.0,1001.6,1530.0
2026-07-30T12:00:00,10.9,3.6,172.0,36.3,34,7.0,0.0,1000.8,1665.0
2026-07-30T13:00:00,10.4,4.0,170.0,37.0,32,6.8,0.0,1000.5,1680.0
2026-07-30T14:00:00,10.0,4.6,169.0,37.4,31,7.3,0.0,1000.0,1990.0
2026-07-30T15:00:00,9.4,5.6,170.0,37.4,29,8.6,0.0,999.5,1925.0
2026-07-30T16:00:00,9.4,7.1,173.0,37.1,29,8.6,0.0,999.4,1760.0
2026-07-30T17:00:00,9.9,10.4,176.0,36.7,28,5.9,0.0,999.1,1850.0
2026-07-30T18:00:00,10.9,11.1,185.0,36.5,28,5.1,0.0,999.0,1985.0
2026-07-30T19:00:00,10.3,14.7,189.0,35.4,30,3.9,0.0,998.9,95.0
2026-07-30T20:00:00,10.3,22.0,195.0,33.3,38,10.3,0.0,999.4,325.0
2026-07-30T21:00:00,11.0,21.3,199.0,31.7,41,9.2,0.0,999.8,220.0
2026-07-30T22:00:00,12.4,18.4,197.0,30.6,41,9.2,0.0,999.9,175.0
2026-07-30T23:00:00,11.8,18.4,196.0,30.1,40,6.7,0.0,999.8,155.0
2026-07-31T00:00:00,11.0,16.9,194.0,29.8,43,7.7,0.0,999.7,165.0
2026-07-31T01:00:00,12.4,17.0,200.0,29.4,45,4.5,0.0,999.3,95.0
2026-07-31T02:00:00,11.6,16.0,206.0,28.9,48,3.9,0.0,999.0,60.0
2026-07-31T03:00:00,12.2,17.5,209.0,28.3,53,0.4,0.0,998.9,10.0
2026-07-31T04:00:00,13.5,19.3,211.0,26.9,56,3.3,0.0,999.1,35.0
2026-07-31T05:00:00,11.6,29.5,215.0,27.2,56,2.1,0.0,999.3,20.0
2026-07-31T06:00:00,15.5,32.9,228.0,27.6,54,0.5,0.0,999.5,70.0
2026-07-31T07:00:00,16.0,34.7,240.0,30.1,45,1.4,0.0,999.7,225.0
2026-07-31T08:00:00,15.8,28.6,234.0,32.2,38,1.2,0.0,999.7,445.0
2026-07-31T09:00:00,14.9,19.1,210.0,34.3,33,1.1,0.0,999.7,800.0
2026-07-31T10:00:00,14.2,8.5,190.0,35.7,30,3.7,0.0,999.2,1205.0
2026-07-31T11:00:00,13.1,5.4,187.0,36.8,28,6.4,0.0,998.7,1620.0
2026-07-31T12:00:00,12.7,5.3,185.0,37.3,27,6.2,0.0,998.1,2245.0
2026-07-31T13:00:00,12.7,5.3,179.0,37.6,27,6.9,0.1,998.1,2670.0
2026-07-31T14:00:00,11.4,5.6,175.0,35.5,30,8.6,0.1,998.3,1405.0
2026-07-31T15:00:00,10.7,6.2,178.0,36.3,28,7.3,0.0,998.0,1675.0
2026-07-31T16:00:00,11.1,9.7,183.0,34.6,33,8.6,0.0,998.3,1105.0
2026-07-31T17:00:00,11.8,12.9,188.0,33.4,39,6.7,0.3,997.7,1185.0
2026-07-31T18:00:00,12.5,13.8,201.0,33.6,41,9.0,0.0,996.4,665.0
2026-07-31T19:00:00,12.4,16.6,205.0,32.7,44,10.0,0.0,995.8,420.0
2026-07-31T20:00:00,13.6,19.1,217.0,31.6,44,8.4,0.0,996.4,170.0
2026-07-31T21:00:00,13.4,18.5,226.0,30.9,45,6.0,0.0,996.4,115.0
2026-07-31T22:00:00,13.3,18.8,221.0,30.3,47,5.2,0.0,996.4,95.0
2026-07-31T23:00:00,12.7,18.3,218.0,29.4,51,5.9,0.0,996.5,95.0
2026-08-01T00:00:00,10.6,17.2,215.0,26.2,71,7.7,0.0,996.4,100.0
2026-08-01T01:00:00,10.4,13.9,210.0,26.0,71,6.4,0.0,996.1,65.0
2026-08-01T02:00:00,10.7,11.7,208.0,26.2,69,7.2,0.0,996.1,110.0
2026-08-01T03:00:00,10.8,11.5,203.0,25.9,70,1.4,0.0,996.0,30.0
2026-08-01T04:00:00,10.9,12.9,198.0,25.1,74,5.1,0.0,995.6,60.0
2026-08-01T05:00:00,11.2,13.8,212.0,25.1,75,6.5,0.0,995.9,100.0
2026-08-01T06:00:00,11.3,12.5,214.0,25.2,72,3.9,0.0,996.1,150.0
2026-08-01T07:00:00,11.7,10.2,203.0,27.9,60,2.9,0.0,996.3,235.0
2026-08-01T08:00:00,11.8,10.3,194.0,30.5,47,2.0,0.0,996.2,570.0
2026-08-01T09:00:00,11.6,6.6,187.0,32.4,41,0.9,0.0,996.1,925.0
2026-08-01T10:00:00,11.7,3.8,184.0,33.8,38,3.6,0.0,996.0,1270.0
2026-08-01T11:00:00,11.6,3.2,183.0,35.0,36,4.5,0.0,995.6,1440.0
2026-08-01T12:00:00,11.3,2.7,182.0,34.6,34,8.1,0.0,994.7,600.0
2026-08-01T13:00:00,11.2,2.5,180.0,35.9,33,2.7,0.0,994.4,1520.0
2026-08-01T14:00:00,11.0,2.7,179.0,36.2,31,4.5,0.0,994.0,1735.0
2026-08-01T15:00:00,10.4,3.1,171.0,36.4,30,3.3,0.0,994.0,1885.0
2026-08-01T16:00:00,10.5,3.9,176.0,35.9,30,5.2,0.0,993.9,2025.0
2026-08-01T17:00:00,10.8,5.1,174.0,35.2,32,3.2,0.0,993.7,1935.0
2026-08-01T18:00:00,11.6,7.1,177.0,34.9,35,1.2,0.0,993.3,35.0
2026-08-01T19:00:00,11.8,10.8,183.0,34.3,37,2.2,0.1,993.5,135.0
2026-08-01T20:00:00,11.9,15.1,194.0,33.0,40,7.3,0.0,994.1,385.0
2026-08-01T21:00:00,12.3,17.3,190.0,30.8,46,3.1,0.3,994.9,50.0
2026-08-01T22:00:00,12.5,18.3,178.0,29.5,54,1.9,0.3,995.2,15.0
2026-08-01T23:00:00,12.9,21.0,173.0,29.3,55,4.4,0.0,995.7,45.0
2026-08-02T00:00:00,12.6,19.7,187.0,28.4,55,1.3,0.0,995.1,15.0
2026-08-02T01:00:00,13.0,14.9,174.0,28.3,53,3.8,0.0,994.9,50.0
2026-08-02T02:00:00,12.9,14.6,172.0,28.2,53,3.6,0.0,995.0,60.0
2026-08-02T03:00:00,13.0,14.7,172.0,28.3,52,6.3,0.0,995.3,80.0
2026-08-02T04:00:00,12.8,16.5,182.0,26.5,57,11.0,0.2,995.7,150.0
2026-08-02T05:00:00,11.2,15.7,188.0,26.7,57,7.0,0.1,995.7,115.0
2026-08-02T06:00:00,9.9,12.9,194.0,25.7,67,8.0,0.0,996.1,110.0
2026-08-02T07:00:00,9.6,6.5,186.0,27.6,60,5.6,0.3,996.2,335.0
2026-08-02T08:00:00,9.2,5.3,179.0,28.7,52,9.0,0.0,996.8,385.0
2026-08-02T09:00:00,9.1,4.8,178.0,30.5,46,6.9,0.1,997.3,825.0
2026-08-02T10:00:00,10.4,3.9,178.0,31.8,42,9.3,0.0,997.3,1230.0
2026-08-02T11:00:00,9.3,3.6,176.0,33.4,38,8.4,0.0,997.2,1520.0
2026-08-02T12:00:00,9.7,3.6,176.0,32.6,39,7.2,0.0,996.6,1140.0
2026-08-02T13:00:00,9.5,3.0,175.0,33.8,35,6.4,0.0,996.1,1265.0
2026-08-02T14:00:00,9.7,3.3,176.0,34.4,34,5.9,0.0,996.2,1570.0
2026-08-02T15:00:00,10.4,3.9,179.0,34.3,35,6.7,0.0,996.0,1765.0
2026-08-02T16:00:00,11.0,4.8,182.0,34.3,35,6.5,0.0,995.8,1685.0
2026-08-02T17:00:00,11.3,6.9,182.0,34.1,35,4.9,0.0,995.5,1790.0
2026-08-02T18:00:00,11.5,9.8,188.0,33.4,37,1.8,0.0,994.8,95.0
2026-08-02T19:00:00,11.4,14.8,197.0,32.5,38,2.7,0.0,995.0,65.0
2026-08-02T20:00:00,11.8,15.9,200.0,32.0,39,6.0,0.0,995.7,100.0
2026-08-02T21:00:00,11.4,11.9,205.0,31.3,41,8.2,0.0,996.2,125.0
2026-08-02T22:00:00,11.4,12.2,205.0,30.7,42,9.1,0.0,996.6,150.0
2026-08-02T23:00:00,11.8,13.6,202.0,30.1,44,7.0,0.0,996.7,145.0
2026-08-03T00:00:00,10.8,14.2,199.0,27.0,57,11.3,0.0,996.6,205.0
2026-08-03T01:00:00,11.3,11.8,190.0,26.8,59,10.4,0.0,996.6,220.0
2026-08-03T02:00:00,10.6,10.6,185.0,27.0,55,9.7,0.0,996.7,175.0
2026-08-03T03:00:00,10.0,10.9,182.0,27.3,53,8.6,0.0,996.8,200.0
2026-08-03T04:00:00,10.8,11.6,185.0,26.6,55,8.2,0.1,997.0,120.0
2026-08-03T05:00:00,13.5,17.9,194.0,26.3,58,7.9,0.1,997.6,125.0
2026-08-03T06:00:00,13.6,24.1,217.0,26.9,56,3.8,0.1,997.7,90.0
2026-08-03T07:00:00,16.5,19.6,199.0,29.3,47,1.3,0.0,997.9,260.0
2026-08-03T08:00:00,18.3,18.7,197.0,30.7,42,3.0,0.0,998.3,450.0
2026-08-03T09:00:00,17.3,12.7,187.0,32.5,38,2.5,0.0,998.5,815.0
2026-08-03T10:00:00,20.0,5.5,180.0,33.4,35,3.5,0.0,998.5,1215.0
2026-08-03T11:00:00,15.5,4.1,179.0,34.2,32,3.2,0.0,998.4,1295.0
2026-08-03T12:00:00,13.4,4.0,178.0,36.8,22,4.8,0.0,997.4,2205.0
2026-08-03T13:00:00,13.1,4.3,176.0,37.7,20,6.1,0.0,996.8,2405.0
2026-08-03T14:00:00,10.9,4.7,175.0,37.8,21,8.3,0.0,996.7,2860.0
2026-08-03T15:00:00,10.8,5.4,174.0,37.7,21,8.8,0.0,996.2,3000.0
2026-08-03T16:00:00,11.7,7.0,176.0,37.0,24,9.9,0.0,995.9,2790.0
2026-08-03T17:00:00,12.6,8.9,180.0,36.3,26,8.0,0.0,996.0,2575.0
2026-08-03T18:00:00,13.2,10.9,193.0,35.2,31,10.3,0.0,995.7,1230.0
2026-08-03T19:00:00,14.6,13.1,200.0,33.9,34,8.7,0.0,996.1,400.0
2026-08-03T20:00:00,15.1,18.9,214.0,33.0,37,8.0,0.0,996.7,265.0
2026-08-03T21:00:00,15.4,20.3,224.0,32.3,39,6.2,0.0,997.2,200.0
2026-08-03T22:00:00,17.0,21.7,229.0,31.4,42,3.5,0.0,997.2,105.0
2026-08-03T23:00:00,17.2,21.4,230.0,30.4,45,2.9,0.0,997.2,65.0
2026-08-04T00:00:00,13.1,18.4,222.0,28.1,61,1.5,0.0,997.0,35.0
2026-08-04T01:00:00,13.0,18.5,218.0,28.2,62,0.4,0.0,996.9,50.0
2026-08-04T02:00:00,12.7,17.8,211.0,27.7,63,1.3,0.0,997.0,130.0
2026-08-04T03:00:00,12.7,18.6,213.0,26.9,64,4.8,0.0,996.8,95.0
2026-08-04T04:00:00,13.5,19.7,219.0,25.9,69,5.4,0.0,996.9,75.0
2026-08-04T05:00:00,14.8,24.5,238.0,25.6,71,6.8,0.0,997.3,85.0
2026-08-04T06:00:00,17.6,28.0,250.0,25.6,71,3.4,0.0,997.8,115.0
2026-08-04T07:00:00,15.4,18.1,232.0,28.2,59,2.8,0.0,998.2,215.0
2026-08-04T08:00:00,12.8,13.8,203.0,30.7,44,3.6,0.0,998.6,510.0
2026-08-04T09:00:00,13.2,8.2,198.0,32.5,35,4.2,0.0,998.7,955.0
2026-08-04T10:00:00,15.1,5.9,197.0,34.0,29,4.9,0.0,998.8,1270.0
2026-08-04T11:00:00,15.0,4.5,192.0,35.2,27,3.1,0.0,998.3,1465.0
2026-08-04T12:00:00,13.8,4.3,188.0,34.0,33,5.8,0.0,997.3,540.0
2026-08-04T13:00:00,12.2,3.9,178.0,36.9,25,5.0,0.0,997.5,2810.0
2026-08-04T14:00:00,10.8,4.2,173.0,34.2,33,11.1,1.1,997.7,665.0
2026-08-04T15:00:00,11.1,4.7,163.0,35.6,26,2.4,0.0,997.3,1505.0
2026-08-04T16:00:00,11.3,6.3,164.0,35.6,26,6.7,0.0,997.2,1660.0
2026-08-04T17:00:00,11.5,7.9,164.0,35.2,27,6.8,0.0,997.1,1545.0
2026-08-04T18:00:00,13.0,9.9,163.0,34.2,34,8.7,0.0,996.2,375.0
2026-08-04T19:00:00,14.3,13.9,166.0,33.0,38,4.6,0.0,996.4,155.0
2026-08-04T20:00:00,14.4,17.2,180.0,32.5,40,3.9,0.0,997.1,155.0
2026-08-04T21:00:00,15.0,20.0,196.0,31.8,42,3.5,0.0,997.4,85.0
2026-08-04T22:00:00,15.6,22.6,216.0,30.9,44,3.8,0.0,997.5,65.0
2026-08-04T23:00:00,16.7,22.4,233.0,29.9,46,7.6,0.0,997.7,170.0
2026-08-05T00:00:00,15.5,18.4,233.0,28.4,50,8.7,0.0,997.2,105.0
2026-08-05T01:00:00,14.3,16.8,225.0,28.3,48,10.5,0.0,997.0,190.0
2026-08-05T02:00:00,15.9,14.8,208.0,27.8,49,9.4,0.0,996.9,165.0
2026-08-05T03:00:00,14.6,15.1,198.0,27.0,52,8.6,0.0,996.8,160.0
2026-08-05T04:00:00,13.8,19.0,194.0,26.1,56,7.8,0.0,996.9,150.0
2026-08-05T05:00:00,15.8,21.6,200.0,25.8,59,7.1,0.0,997.0,135.0
2026-08-05T06:00:00,16.5,20.8,208.0,25.9,58,5.0,0.0,997.7,145.0
2026-08-05T07:00:00,15.6,18.3,214.0,28.5,49,5.0,0.0,998.0,240.0
2026-08-05T08:00:00,15.7,14.8,210.0,31.0,39,4.8,0.0,998.1,520.0
2026-08-05T09:00:00,15.5,9.3,202.0,32.8,34,5.7,0.0,998.4,885.0
2026-08-05T10:00:00,16.2,5.7,183.0,34.2,31,5.5,0.0,998.4,1110.0
2026-08-05T11:00:00,16.1,3.8,173.0,35.4,30,6.6,0.0,998.0,1455.0
2026-08-05T12:00:00,13.7,3.7,170.0,36.9,29,6.7,0.0,997.4,1925.0
2026-08-05T13:00:00,12.4,3.7,166.0,37.1,27,2.6,0.0,997.2,2170.0
2026-08-05T14:00:00,12.7,3.9,163.0,36.7,26,5.7,0.0,996.7,1700.0
2026-08-05T15:00:00,12.7,4.5,161.0,37.4,24,5.3,0.0,996.5,1870.0
2026-08-05T16:00:00,12.2,5.7,159.0,37.4,24,6.1,0.0,996.2,2055.0
2026-08-05T17:00:00,12.1,7.7,152.0,36.8,25,4.9,0.0,996.3,2095.0
2026-08-05T18:00:00,13.1,9.3,159.0,37.1,25,4.7,0.0,996.0,2615.0
2026-08-05T19:00:00,15.1,12.7,162.0,35.8,28,7.2,0.0,996.3,515.0
2026-08-05T20:00:00,14.8,12.5,157.0,33.4,25,11.2,0.0,997.3,350.0
2026-08-05T21:00:00,13.3,10.7,147.0,32.1,24,9.7,0.0,997.6,295.0
2026-08-05T22:00:00,12.6,9.4,146.0,31.1,25,6.5,0.0,997.9,235.0
2026-08-05T23:00:00,12.5,9.6,145.0,30.3,27,5.7,0.0,998.1,200.0
2026-08-06T00:00:00,13.1,10.1,144.0,29.0,37,8.4,0.0,997.7,130.0
2026-08-06T01:00:00,11.9,9.5,149.0,28.8,38,7.6,0.0,997.2,125.0
2026-08-06T02:00:00,11.6,9.5,148.0,28.5,39,6.7,0.0,997.0,105.0
2026-08-06T03:00:00,11.4,11.3,150.0,28.1,41,7.1,0.0,997.1,105.0
2026-08-06T04:00:00,11.6,14.3,160.0,27.7,42,7.4,0.0,997.2,100.0
2026-08-06T05:00:00,14.0,21.3,177.0,27.8,43,8.4,0.0,997.3,120.0
2026-08-06T06:00:00,16.3,24.4,199.0,28.8,43,6.5,0.0,997.7,185.0
2026-08-06T07:00:00,16.4,18.5,192.0,30.3,41,8.3,0.0,998.0,310.0
2026-08-06T08:00:00,16.3,13.6,188.0,31.8,38,8.3,0.0,998.1,510.0
2026-08-06T09:00:00,15.0,8.2,165.0,33.3,35,8.1,0.0,998.3,850.0
2026-08-06T10:00:00,14.7,4.6,152.0,34.8,30,6.7,0.0,998.2,1345.0
2026-08-06T11:00:00,13.5,3.5,149.0,36.0,26,6.1,0.0,997.8,1615.0
2026-08-06T12:00:00,13.7,3.2,143.0,37.5,20,8.5,0.0,996.9,2035.0
2026-08-06T13:00:00,13.1,3.2,138.0,37.7,20,7.8,0.0,996.3,2050.0
2026-08-06T14:00:00,12.2,3.3,140.0,37.9,22,5.9,0.0,995.7,2315.0
2026-08-06T15:00:00,11.5,4.1,145.0,37.8,23,5.1,0.0,995.4,2480.0
2026-08-06T16:00:00,11.4,5.7,151.0,37.6,23,7.3,0.0,995.1,2485.0
2026-08-06T17:00:00,11.7,7.6,155.0,37.0,23,5.5,0.0,994.6,2200.0
2026-08-06T18:00:00,12.2,10.8,163.0,37.0,21,8.0,0.0,994.3,2005.0
2026-08-06T19:00:00,12.0,13.6,164.0,34.1,36,11.9,0.0,994.4,365.0
2026-08-06T20:00:00,12.0,13.0,161.0,31.6,48,11.5,0.0,995.5,355.0
2026-08-06T21:00:00,11.6,11.5,158.0,30.4,51,12.6,0.0,995.8,300.0
2026-08-06T22:00:00,11.7,10.5,159.0,29.6,54,11.1,0.0,995.9,280.0
2026-08-06T23:00:00,12.6,10.4,159.0,29.1,57,8.6,0.0,996.3,315.0
2026-08-07T00:00:00,12.7,11.3,159.0,28.9,57,2.4,0.0,995.8,95.0
2026-08-07T01:00:00,12.9,12.5,161.0,28.7,60,0.3,0.0,996.1,15.0
2026-08-07T02:00:00,13.4,13.1,163.0,28.6,57,7.3,0.0,996.5,180.0
2026-08-07T03:00:00,16.4,15.0,171.0,27.8,52,10.5,0.0,996.7,435.0
2026-08-07T04:00:00,18.1,17.8,180.0,27.0,54,8.2,0.0,997.4,440.0
2026-08-07T05:00:00,19.7,23.5,185.0,27.0,55,6.2,0.0,997.8,350.0
2026-08-07T06:00:00,19.7,28.3,210.0,28.3,53,8.1,0.0,997.4,515.0
2026-08-07T07:00:00,17.9,20.0,220.0,30.1,48,10.3,0.0,998.2,870.0
2026-08-07T08:00:00,14.4,9.9,174.0,28.0,51,21.6,0.0,998.7,650.0
2026-08-07T09:00:00,12.0,6.9,155.0,29.9,45,11.9,0.0,998.7,700.0
2026-08-07T10:00:00,10.2,4.0,154.0,32.4,38,7.7,0.0,998.5,1375.0
2026-08-07T11:00:00,10.6,3.6,151.0,33.7,35,4.5,0.0,997.9,1655.0
2026-08-07T12:00:00,12.2,3.6,151.0,32.9,38,6.8,0.0,997.1,1590.0
2026-08-07T13:00:00,12.4,3.8,151.0,35.7,28,3.7,0.1,996.8,2285.0
2026-08-07T14:00:00,11.9,4.9,154.0,35.3,28,7.0,0.0,996.3,2185.0
2026-08-07T15:00:00,11.4,6.3,158.0,35.4,28,3.7,0.0,996.2,2430.0
2026-08-07T16:00:00,10.8,7.9,164.0,34.6,29,3.5,0.0,996.2,2185.0
2026-08-07T17:00:00,10.7,10.6,169.0,34.1,30,8.8,0.0,996.0,1970.0
2026-08-07T18:00:00,10.8,11.5,172.0,33.4,30,7.9,0.0,996.1,1155.0
2026-08-07T19:00:00,11.2,13.8,173.0,32.4,35,8.5,0.0,996.1,360.0
2026-08-07T20:00:00,11.9,15.0,176.0,31.8,38,7.0,0.0,996.5,195.0
2026-08-07T21:00:00,14.5,16.6,183.0,30.8,41,6.5,0.0,996.7,125.0
2026-08-07T22:00:00,12.8,16.8,192.0,29.6,46,6.5,0.0,996.9,95.0
2026-08-07T23:00:00,15.7,18.2,209.0,28.5,51,4.3,0.0,997.4,45.0
2026-08-08T00:00:00,15.5,18.4,200.0,26.6,57,4.4,0.1,997.4,50.0
2026-08-08T01:00:00,14.1,13.6,193.0,26.5,61,5.3,0.0,997.1,70.0
2026-08-08T02:00:00,10.7,9.7,188.0,26.1,61,4.0,0.0,997.2,85.0
2026-08-08T03:00:00,10.4,8.0,187.0,25.6,68,1.2,0.0,997.4,85.0
2026-08-08T04:00:00,10.8,11.4,180.0,23.9,75,10.4,0.1,998.8,370.0
2026-08-08T05:00:00,11.4,11.6,166.0,23.8,72,13.0,0.1,999.5,500.0
2026-08-08T06:00:00,11.5,10.5,168.0,25.6,65,9.6,0.0,999.9,545.0
2026-08-08T07:00:00,9.8,7.1,170.0,27.1,58,11.3,0.0,1000.3,745.0
2026-08-08T08:00:00,9.8,5.6,166.0,27.9,54,10.7,0.0,1000.5,750.0
2026-08-08T09:00:00,9.6,5.0,156.0,29.3,48,9.8,0.0,1000.8,960.0
2026-08-08T10:00:00,8.9,4.0,157.0,30.9,41,9.3,0.0,1000.7,1100.0
2026-08-08T11:00:00,8.6,3.3,156.0,32.1,38,7.7,0.0,1000.3,1250.0
2026-08-08T12:00:00,8.3,2.7,157.0,33.6,36,6.5,0.0,999.2,1835.0
2026-08-08T13:00:00,8.4,2.5,159.0,33.8,35,5.6,0.0,998.8,1840.0
2026-08-08T14:00:00,8.5,2.8,161.0,33.9,34,7.4,0.0,998.7,2005.0
2026-08-08T15:00:00,8.5,3.4,159.0,33.8,34,6.8,0.0,998.7,2015.0
2026-08-08T16:00:00,8.1,4.4,160.0,33.4,35,7.9,0.1,998.6,1705.0
2026-08-08T17:00:00,8.9,5.6,163.0,32.9,36,9.2,0.0,998.6,1540.0
2026-08-08T18:00:00,9.1,7.5,169.0,33.0,36,9.7,0.0,997.9,875.0
2026-08-08T19:00:00,9.3,10.6,171.0,32.1,37,10.3,0.0,998.5,425.0
2026-08-08T20:00:00,10.6,14.5,179.0,31.4,39,10.1,0.0,998.9,430.0
2026-08-08T21:00:00,12.7,16.6,186.0,30.2,44,8.1,0.0,999.5,320.0
2026-08-08T22:00:00,12.9,18.3,192.0,29.4,47,8.1,0.0,1000.1,280.0
2026-08-08T23:00:00,10.7,16.3,190.0,28.7,50,10.1,0.0,1000.3,330.0
2026-08-09T00:00:00,10.1,14.9,188.0,27.8,49,10.0,0.0,1000.5,285.0
2026-08-09T01:00:00,10.6,12.7,186.0,27.6,49,11.3,0.0,1000.1,285.0
2026-08-09T02:00:00,11.1,11.8,185.0,27.2,51,7.1,0.0,999.8,245.0
2026-08-09T03:00:00,11.9,11.0,187.0,26.6,52,5.4,0.0,1000.1,160.0
2026-08-09T04:00:00,12.4,9.7,189.0,26.4,53,6.3,0.0,1000.1,160.0
2026-08-09T05:00:00,12.6,9.7,189.0,26.4,54,7.1,0.0,1000.5,235.0
2026-08-09T06:00:00,9.9,9.4,189.0,26.6,55,6.8,0.0,1000.6,265.0
2026-08-09T07:00:00,9.3,5.7,170.0,28.2,51,5.7,0.0,1001.0,430.0
2026-08-09T08:00:00,9.2,4.1,170.0,29.8,45,5.2,0.0,1001.0,735.0
2026-08-09T09:00:00,9.0,3.5,167.0,31.4,39,5.2,0.0,1001.0,970.0
2026-08-09T10:00:00,9.1,2.8,168.0,32.7,35,4.8,0.0,1000.7,1595.0
2026-08-09T11:00:00,9.7,2.9,168.0,33.7,33,5.4,0.0,1000.1,1705.0
2026-08-09T12:00:00,10.0,2.4,169.0,35.0,29,6.9,0.0,999.4,1980.0
2026-08-09T13:00:00,10.4,2.3,168.0,35.6,28,6.8,0.0,998.8,2020.0
2026-08-09T14:00:00,10.2,2.6,167.0,35.7,28,8.0,0.0,998.5,2100.0
2026-08-09T15:00:00,10.4,3.1,166.0,35.4,28,7.2,0.0,998.6,2350.0
2026-08-09T16:00:00,9.9,4.1,162.0,35.0,30,8.0,0.0,998.6,2315.0
2026-08-09T17:00:00,9.2,5.3,163.0,34.3,31,7.8,0.0,998.4,2230.0
2026-08-09T18:00:00,9.4,7.4,167.0,33.7,32,13.1,0.0,998.6,1795.0
2026-08-09T19:00:00,10.5,9.4,171.0,32.2,37,13.5,0.1,999.1,820.0
2026-08-09T20:00:00,12.9,13.8,179.0,31.4,40,9.2,0.0,999.4,500.0
2026-08-09T21:00:00,13.1,14.3,190.0,30.4,43,7.6,0.0,999.4,240.0
2026-08-09T22:00:00,14.0,14.9,198.0,29.3,48,4.8,0.0,998.9,60.0
2026-08-09T23:00:00,14.3,15.2,205.0,28.1,53,6.4,0.0,998.7,80.0
2026-08-10T00:00:00,14.1,16.2,209.0,24.6,71,8.3,0.0,998.6,215.0
2026-08-10T01:00:00,15.0,17.5,206.0,24.2,73,8.7,0.0,998.7,205.0
2026-08-10T02:00:00,16.0,17.0,206.0,24.2,72,6.2,0.0,998.4,120.0
2026-08-10T03:00:00,17.1,15.6,212.0,24.2,72,6.3,0.0,998.4,120.0
2026-08-10T04:00:00,18.2,18.8,223.0,24.0,75,0.4,0.0,998.4,25.0
2026-08-10T05:00:00,21.0,26.3,233.0,23.9,74,4.8,0.0,998.7,55.0
2026-08-10T06:00:00,22.5,26.2,251.0,23.6,74,6.7,0.0,999.4,135.0
2026-08-10T07:00:00,19.8,22.5,262.0,26.3,62,4.6,0.0,999.5,185.0
2026-08-10T08:00:00,16.3,18.9,248.0,28.9,51,5.1,0.0,999.7,420.0
2026-08-10T09:00:00,18.4,9.8,231.0,31.0,43,5.5,0.0,999.7,685.0
2026-08-10T10:00:00,17.8,6.6,219.0,32.5,40,5.5,0.0,999.7,1060.0
2026-08-10T11:00:00,16.2,4.0,206.0,33.9,36,5.9,0.0,999.4,1225.0
2026-08-10T12:00:00,12.8,3.2,195.0,34.5,34,7.3,0.0,998.9,1300.0
2026-08-10T13:00:00,12.7,3.3,194.0,35.9,31,7.3,0.0,998.5,1810.0
2026-08-10T14:00:00,11.5,4.3,195.0,36.3,29,7.1,0.0,998.1,2190.0
2026-08-10T15:00:00,12.2,4.9,195.0,36.3,28,9.0,0.0,997.8,2315.0
2026-08-10T16:00:00,12.6,5.7,194.0,36.1,25,9.4,0.0,997.7,2140.0
2026-08-10T17:00:00,11.6,8.4,180.0,35.3,27,9.2,0.0,997.4,1645.0
2026-08-10T18:00:00,11.9,10.3,183.0,35.1,30,8.4,0.0,996.6,1340.0
2026-08-10T19:00:00,12.6,13.6,183.0,33.5,35,7.9,0.0,996.8,230.0
2026-08-10T20:00:00,12.3,20.8,188.0,32.6,37,5.3,0.0,997.4,90.0
2026-08-10T21:00:00,13.0,20.3,193.0,31.4,42,3.8,0.0,997.9,90.0
2026-08-10T22:00:00,12.5,19.9,196.0,30.3,46,7.7,0.0,998.4,125.0
2026-08-10T23:00:00,11.3,15.5,195.0,29.0,51,10.1,0.0,998.5,145.0
2026-08-11T00:00:00,11.6,15.5,198.0,28.5,47,5.1,0.0,998.5,95.0
2026-08-11T01:00:00,12.0,14.4,198.0,28.0,50,3.0,0.0,998.0,65.0
2026-08-11T02:00:00,12.2,16.1,202.0,27.4,53,4.9,0.0,998.0,80.0
2026-08-11T03:00:00,12.6,17.4,204.0,26.6,57,3.5,0.0,998.4,105.0
2026-08-11T04:00:00,13.6,20.0,200.0,26.2,60,0.6,0.0,998.6,65.0
2026-08-11T05:00:00,15.4,27.6,214.0,26.1,59,1.4,0.0,998.8,25.0
2026-08-11T06:00:00,16.8,26.8,236.0,26.7,53,2.2,0.0,999.4,65.0
2026-08-11T07:00:00,18.2,22.7,257.0,29.2,45,1.9,0.0,999.9,210.0
2026-08-11T08:00:00,18.5,22.6,248.0,31.3,38,1.3,0.0,1000.0,495.0
2026-08-11T09:00:00,18.0,14.9,232.0,33.3,32,0.5,0.0,1000.3,900.0
2026-08-11T10:00:00,15.8,7.6,204.0,34.9,28,1.3,0.0,1000.2,1380.0
2026-08-11T11:00:00,15.2,5.1,189.0,36.2,25,3.0,0.0,999.8,2010.0
2026-08-11T12:00:00,14.2,4.2,177.0,37.4,22,7.4,0.0,998.9,2020.0
2026-08-11T13:00:00,11.8,4.3,177.0,37.8,21,6.8,0.0,998.5,2365.0
2026-08-11T14:00:00,13.0,4.5,171.0,37.0,21,11.2,0.1,998.6,2440.0
2026-08-11T15:00:00,11.5,5.8,169.0,36.2,22,6.4,0.1,998.5,1725.0
2026-08-11T16:00:00,10.2,8.4,172.0,36.0,24,8.3,0.0,998.7,1440.0
2026-08-11T17:00:00,9.8,9.4,177.0,35.1,27,7.8,0.0,998.6,1060.0
2026-08-11T18:00:00,12.1,13.4,187.0,35.2,28,8.4,0.0,998.1,1320.0
2026-08-11T19:00:00,13.8,18.4,202.0,33.7,32,5.1,0.0,998.5,185.0
2026-08-11T20:00:00,15.2,23.5,215.0,32.8,34,3.4,0.0,999.1,110.0
2026-08-11T21:00:00,14.7,27.9,213.0,32.3,34,3.3,0.0,999.4,60.0
2026-08-11T22:00:00,13.5,28.1,219.0,31.0,37,3.8,0.0,999.9,65.0
2026-08-11T23:00:00,12.8,21.7,221.0,30.1,41,1.8,0.0,1000.1,35.0
2026-08-12T00:00:00,13.5,17.9,212.0,27.5,50,4.4,0.0,1000.6,60.0
2026-08-12T01:00:00,14.9,14.7,207.0,26.9,56,1.5,0.0,1000.6,20.0
2026-08-12T02:00:00,12.7,12.2,201.0,27.2,51,3.6,0.0,1000.7,45.0
2026-08-12T03:00:00,12.4,11.2,194.0,27.4,50,6.6,0.0,1000.9,85.0
2026-08-12T04:00:00,12.6,12.2,195.0,26.9,52,8.4,0.0,1001.3,200.0
2026-08-12T05:00:00,12.9,16.7,191.0,26.6,56,7.9,0.0,1002.0,225.0
2026-08-12T06:00:00,11.8,19.8,189.0,28.0,51,7.1,0.0,1002.5,170.0
2026-08-12T07:00:00,10.2,11.9,180.0,30.0,46,6.7,0.0,1002.9,610.0
2026-08-12T08:00:00,9.6,8.6,166.0,31.2,40,7.9,0.0,1003.2,780.0
2026-08-12T09:00:00,9.6,5.6,160.0,32.4,37,7.6,0.0,1003.4,1000.0
2026-08-12T10:00:00,9.6,3.8,161.0,33.5,34,5.9,0.0,1003.9,1390.0
2026-08-12T11:00:00,9.1,3.3,167.0,34.5,32,5.4,0.0,1003.4,1460.0
2026-08-12T12:00:00,9.4,3.4,175.0,35.7,30,6.7,0.0,1002.6,1820.0
2026-08-12T13:00:00,9.8,3.2,173.0,35.6,29,6.7,0.4,1002.5,2045.0
2026-08-12T14:00:00,10.1,3.6,175.0,34.6,32,1.5,0.2,1002.7,1095.0
2026-08-12T15:00:00,10.5,4.4,176.0,35.2,29,3.6,0.1,1002.5,1855.0
2026-08-12T16:00:00,10.5,5.9,177.0,35.2,29,5.2,0.0,1002.9,1785.0
2026-08-12T17:00:00,10.6,9.8,179.0,34.6,30,5.8,0.0,1002.4,1880.0
2026-08-12T18:00:00,10.8,14.7,184.0,34.0,32,11.3,0.0,1001.6,530.0
2026-08-12T19:00:00,12.5,16.6,188.0,32.6,37,7.3,0.0,1001.7,245.0
2026-08-12T20:00:00,12.4,18.5,198.0,31.9,38,6.9,0.0,1002.2,190.0
2026-08-12T21:00:00,13.3,19.3,205.0,31.5,40,7.5,0.0,1002.6,220.0
2026-08-12T22:00:00,13.3,18.8,205.0,30.8,43,7.8,0.0,1003.0,235.0
2026-08-12T23:00:00,13.1,20.0,207.0,29.9,48,8.3,0.0,1003.3,220.0
2026-08-13T00:00:00,12.4,18.9,205.0,28.7,52,8.7,0.0,1003.0,100.0
2026-08-13T01:00:00,12.5,18.4,207.0,28.6,52,6.7,0.0,1002.9,95.0
2026-08-13T02:00:00,12.9,15.5,201.0,28.5,52,6.2,0.0,1002.8,115.0
2026-08-13T03:00:00,13.1,15.1,201.0,28.2,52,6.6,0.0,1003.0,130.0
2026-08-13T04:00:00,12.9,16.2,204.0,27.4,55,5.4,0.0,1003.2,125.0
2026-08-13T05:00:00,14.1,22.1,210.0,26.8,58,7.2,0.0,1003.8,245.0
2026-08-13T06:00:00,15.3,28.0,222.0,27.3,57,6.8,0.0,1004.0,355.0
2026-08-13T07:00:00,14.9,15.2,209.0,28.6,49,8.8,0.0,1004.3,440.0
2026-08-13T08:00:00,11.4,8.9,173.0,30.2,40,8.8,0.0,1004.2,545.0
2026-08-13T09:00:00,10.3,6.4,167.0,31.8,36,7.7,0.0,1004.3,755.0
2026-08-13T10:00:00,11.0,4.6,164.0,33.3,32,6.3,0.0,1004.1,1155.0
2026-08-13T11:00:00,11.0,3.8,163.0,34.7,30,6.2,0.0,1003.8,1580.0
2026-08-13T12:00:00,11.1,3.5,162.0,36.4,27,7.4,0.0,1002.7,1935.0
2026-08-13T13:00:00,11.5,4.1,165.0,36.7,27,7.7,0.0,1002.1,1975.0
2026-08-13T14:00:00,11.8,4.7,170.0,37.0,26,7.3,0.0,1001.9,2170.0
2026-08-13T15:00:00,11.6,5.6,174.0,36.8,26,6.0,0.0,1001.4,2100.0
2026-08-13T16:00:00,11.6,7.5,178.0,36.5,27,5.2,0.0,1001.5,2270.0
2026-08-13T17:00:00,11.1,9.8,179.0,35.9,28,5.1,0.0,1001.1,2120.0
2026-08-13T18:00:00,11.5,12.4,185.0,35.8,28,8.7,0.0,1000.4,725.0
2026-08-13T19:00:00,12.4,16.8,191.0,34.5,32,9.6,0.0,1000.7,445.0
2026-08-13T20:00:00,12.9,21.3,191.0,33.4,35,9.1,0.0,1001.2,410.0
2026-08-13T21:00:00,13.0,15.7,186.0,32.4,37,9.8,0.0,1001.4,310.0
2026-08-13T22:00:00,12.4,13.3,187.0,31.5,40,11.6,0.0,1001.7,465.0
2026-08-13T23:00:00,11.9,10.9,179.0,30.4,43,11.4,0.0,1002.0,435.0
2026-08-14T00:00:00,11.3,9.2,171.0,29.3,47,10.0,0.0,1001.9,355.0
2026-08-14T01:00:00,11.1,8.1,164.0,28.7,47,9.9,0.0,1001.8,315.0
2026-08-14T02:00:00,10.9,7.4,165.0,28.3,47,10.5,0.0,1001.7,320.0
2026-08-14T03:00:00,10.9,8.2,165.0,27.8,49,10.1,0.0,1001.7,315.0
2026-08-14T04:00:00,11.0,8.8,171.0,27.3,50,9.6,0.0,1001.7,340.0
2026-08-14T05:00:00,11.1,12.1,169.0,26.9,50,10.6,0.0,1002.1,410.0
2026-08-14T06:00:00,11.1,16.5,176.0,26.9,51,8.8,0.0,1002.3,410.0
2026-08-14T07:00:00,10.8,12.0,172.0,27.7,46,9.2,0.0,1002.4,475.0
2026-08-14T08:00:00,9.0,8.1,162.0,29.2,41,9.4,0.0,1002.3,650.0
2026-08-14T09:00:00,8.0,5.7,156.0,30.6,36,8.3,0.0,1002.3,850.0
2026-08-14T10:00:00,8.7,4.6,153.0,32.1,32,7.9,0.0,1001.9,1040.0
2026-08-14T11:00:00,9.5,3.8,153.0,33.2,29,7.5,0.0,1001.3,1280.0
2026-08-14T12:00:00,9.6,3.7,155.0,34.9,28,5.4,0.0,999.8,1680.0
2026-08-14T13:00:00,10.0,4.1,157.0,35.2,28,5.4,0.0,999.2,1845.0
2026-08-14T14:00:00,10.3,4.3,159.0,36.0,27,11.0,0.1,999.4,2500.0
2026-08-14T15:00:00,10.5,5.0,162.0,34.0,34,11.3,0.0,999.0,1430.0
2026-08-14T16:00:00,10.7,7.0,165.0,34.0,33,7.5,0.0,998.8,1210.0
2026-08-14T17:00:00,9.4,10.0,174.0,33.8,33,3.8,0.0,998.3,1170.0
2026-08-14T18:00:00,11.5,13.0,184.0,33.6,35,6.9,0.0,997.4,145.0
2026-08-14T19:00:00,11.8,18.6,188.0,32.1,40,6.4,0.0,997.4,115.0
2026-08-14T20:00:00,12.1,24.2,195.0,31.1,45,5.7,0.0,997.7,85.0
2026-08-14T21:00:00,12.2,27.1,193.0,30.1,49,3.5,0.0,998.0,50.0
2026-08-14T22:00:00,11.7,20.2,188.0,29.8,45,7.8,0.0,998.1,280.0
2026-08-14T23:00:00,10.9,16.6,178.0,29.1,41,9.7,0.0,998.6,300.0
2026-08-15T00:00:00,10.0,12.1,169.0,28.0,46,8.8,0.0,998.7,235.0
2026-08-15T01:00:00,10.0,12.3,173.0,27.6,47,9.3,0.0,998.6,220.0
2026-08-15T02:00:00,9.7,11.3,175.0,27.2,48,9.2,0.0,998.5,225.0
2026-08-15T03:00:00,10.0,11.3,175.0,26.8,49,9.5,0.0,998.5,235.0
2026-08-15T04:00:00,12.2,10.8,172.0,26.5,48,8.7,0.0,998.5,220.0
2026-08-15T05:00:00,11.6,11.6,173.0,26.3,47,8.1,0.0,998.5,205.0
2026-08-15T06:00:00,12.0,13.7,178.0,26.4,47,4.9,0.0,998.8,205.0
2026-08-15T07:00:00,11.7,8.9,173.0,27.9,44,4.0,0.0,999.0,380.0
2026-08-15T08:00:00,8.8,6.1,166.0,29.7,36,4.8,0.0,999.1,655.0
2026-08-15T09:00:00,8.8,4.9,163.0,31.1,32,5.3,0.0,999.0,880.0
2026-08-15T10:00:00,8.1,3.9,156.0,32.4,30,4.6,0.0,998.8,1135.0
2026-08-15T11:00:00,8.6,4.0,150.0,33.6,28,4.3,0.0,998.4,1385.0
2026-08-15T12:00:00,8.9,3.6,152.0,35.3,25,6.8,0.0,997.5,1860.0
2026-08-15T13:00:00,9.1,2.7,154.0,35.6,26,5.4,0.0,996.9,2035.0
2026-08-15T14:00:00,9.4,2.8,155.0,35.9,26,4.6,0.0,996.6,2305.0
2026-08-15T15:00:00,9.9,3.2,155.0,35.8,27,4.9,0.0,996.5,2575.0
2026-08-15T16:00:00,10.2,3.9,161.0,35.1,28,6.4,0.0,996.2,2090.0
2026-08-15T17:00:00,10.8,6.2,168.0,34.4,30,8.5,0.0,995.9,1790.0
2026-08-15T18:00:00,12.3,9.0,175.0,33.7,33,7.9,0.0,995.3,480.0
2026-08-15T19:00:00,12.3,11.0,179.0,32.7,35,8.4,0.0,995.7,515.0
2026-08-15T20:00:00,14.4,18.4,182.0,31.1,42,8.3,0.0,996.2,225.0
2026-08-15T21:00:00,12.2,19.6,186.0,30.1,45,8.5,0.0,996.6,220.0
2026-08-15T22:00:00,11.5,16.8,191.0,29.3,47,4.8,0.0,996.7,120.0
2026-08-15T23:00:00,11.6,19.6,195.0,28.3,51,4.2,0.0,996.9,50.0
2026-08-16T00:00:00,15.4,19.5,204.0,28.1,47,4.0,0.0,997.8,150.0
2026-08-16T01:00:00,16.0,17.2,210.0,27.4,50,8.6,0.0,997.3,230.0
2026-08-16T02:00:00,16.5,16.3,215.0,27.4,49,7.8,0.0,996.5,130.0
2026-08-16T03:00:00,14.7,16.6,201.0,27.1,50,2.6,0.0,996.5,100.0
2026-08-16T04:00:00,13.1,17.4,202.0,25.8,54,4.4,0.0,996.8,65.0
2026-08-16T05:00:00,12.2,21.2,204.0,24.9,62,7.6,0.0,996.8,95.0
2026-08-16T06:00:00,12.2,16.8,212.0,25.4,61,5.2,0.0,996.9,80.0
2026-08-16T07:00:00,14.0,10.6,201.0,28.3,48,3.5,0.0,997.1,330.0
2026-08-16T08:00:00,13.6,9.7,199.0,30.3,39,1.4,0.0,997.2,510.0
2026-08-16T09:00:00,13.7,7.5,194.0,31.9,33,1.1,0.0,997.3,885.0
2026-08-16T10:00:00,13.9,4.4,189.0,33.4,31,1.7,0.0,997.1,1230.0
2026-08-16T11:00:00,13.7,3.2,182.0,34.7,30,4.0,0.0,996.6,1945.0
2026-08-16T12:00:00,12.3,2.7,178.0,34.5,30,11.3,0.0,996.2,1910.0
2026-08-16T13:00:00,11.6,2.6,177.0,34.0,34,4.6,0.0,996.3,1820.0
2026-08-16T14:00:00,12.1,2.3,176.0,32.8,37,9.2,0.0,996.3,1395.0
2026-08-16T15:00:00,11.5,2.8,172.0,33.1,37,3.3,0.0,996.2,1095.0
2026-08-16T16:00:00,11.0,4.0,174.0,32.9,37,6.6,0.0,996.2,1355.0
2026-08-16T17:00:00,11.8,6.0,181.0,32.8,36,4.9,0.0,996.1,1425.0
2026-08-16T18:00:00,12.7,9.7,197.0,32.9,30,4.3,0.0,995.4,70.0
2026-08-16T19:00:00,12.8,14.3,211.0,30.3,33,10.3,0.0,996.6,600.0
2026-08-16T20:00:00,12.7,17.2,214.0,26.7,50,13.2,0.2,997.9,365.0
2026-08-16T21:00:00,12.8,17.7,216.0,25.1,70,7.3,1.1,997.7,165.0
2026-08-16T22:00:00,12.6,15.7,219.0,24.1,85,8.9,2.1,997.7,135.0
2026-08-16T23:00:00,13.0,18.0,223.0,24.1,90,1.3,0.8,997.5,25.0
2026-08-17T00:00:00,13.9,12.7,230.0,23.8,70,3.6,0.0,997.9,60.0
2026-08-17T01:00:00,13.9,9.9,204.0,23.5,74,6.0,0.0,997.5,160.0
2026-08-17T02:00:00,12.4,7.8,186.0,23.1,77,4.1,0.0,996.8,90.0
2026-08-17T03:00:00,12.0,7.6,178.0,22.5,80,5.4,0.0,996.3,90.0
2026-08-17T04:00:00,12.2,9.4,176.0,21.9,83,4.1,0.0,996.0,115.0
2026-08-17T05:00:00,12.7,11.5,174.0,21.7,85,2.7,0.0,996.0,40.0
2026-08-17T06:00:00,14.5,15.3,176.0,21.5,86,0.9,0.0,996.5,55.0
2026-08-17T07:00:00,12.9,11.8,170.0,23.5,75,4.5,0.0,996.4,265.0
2026-08-17T08:00:00,12.3,7.5,167.0,25.0,67,4.7,0.0,995.9,410.0
2026-08-17T09:00:00,12.1,5.6,167.0,26.4,62,5.2,0.0,995.9,735.0
2026-08-17T10:00:00,12.2,4.3,167.0,27.6,58,4.9,0.0,995.8,865.0
2026-08-17T11:00:00,10.8,3.7,168.0,28.7,55,4.5,0.0,995.2,875.0
2026-08-17T12:00:00,11.9,3.5,170.0,30.8,45,5.5,0.0,994.1,1245.0
2026-08-17T13:00:00,11.8,3.6,171.0,31.6,39,6.4,0.0,993.6,1100.0
2026-08-17T14:00:00,10.9,3.9,172.0,31.5,38,5.4,0.0,993.6,1720.0
2026-08-17T15:00:00,8.1,4.4,174.0,27.5,55,4.5,0.5,994.0,275.0
2026-08-17T16:00:00,9.6,5.5,178.0,28.4,52,6.7,0.0,993.5,230.0
2026-08-17T17:00:00,10.4,8.6,180.0,28.5,52,7.7,0.0,993.0,390.0
2026-08-17T18:00:00,10.4,10.7,183.0,28.6,56,8.5,0.0,992.3,235.0
2026-08-17T19:00:00,11.0,15.3,193.0,27.9,58,9.2,0.0,992.4,230.0
2026-08-17T20:00:00,9.4,15.4,177.0,27.1,62,12.5,0.0,993.1,345.0
2026-08-17T21:00:00,8.9,11.1,165.0,26.2,69,14.8,0.0,993.6,385.0
2026-08-17T22:00:00,9.0,12.5,169.0,26.3,68,13.3,0.0,993.7,335.0
2026-08-17T23:00:00,9.5,14.1,179.0,26.5,59,10.4,0.0,993.9,240.0
2026-08-18T00:00:00,11.0,14.6,198.0,24.1,69,9.0,0.0,993.6,95.0
2026-08-18T01:00:00,8.2,11.5,201.0,23.8,69,8.3,0.0,993.4,100.0
2026-08-18T02:00:00,7.8,8.7,182.0,23.1,70,3.4,0.0,993.4,75.0
2026-08-18T03:00:00,7.3,8.9,167.0,22.6,71,3.4,0.0,993.9,45.0
2026-08-18T04:00:00,7.0,11.3,168.0,22.1,75,4.4,0.0,993.7,80.0
2026-08-18T05:00:00,8.1,18.9,169.0,21.8,76,7.1,0.0,994.2,130.0
2026-08-18T06:00:00,10.2,25.4,198.0,22.5,76,8.9,0.0,995.2,215.0
2026-08-18T07:00:00,13.1,18.7,213.0,23.6,76,9.1,0.0,995.5,295.0
2026-08-18T08:00:00,17.1,15.6,212.0,25.4,68,8.1,0.0,995.7,450.0
2026-08-18T09:00:00,14.6,10.4,201.0,27.0,61,5.2,0.0,995.8,565.0
2026-08-18T10:00:00,12.5,7.2,193.0,28.4,56,3.2,0.0,995.7,660.0
2026-08-18T11:00:00,11.4,5.6,188.0,29.9,48,2.0,0.0,995.2,740.0
2026-08-18T12:00:00,9.8,5.3,180.0,32.7,31,4.3,0.0,994.6,1960.0
2026-08-18T13:00:00,9.0,5.3,177.0,33.4,28,6.3,0.0,993.8,1965.0
2026-08-18T14:00:00,7.7,4.8,174.0,33.9,27,7.2,0.0,993.1,1890.0
2026-08-18T15:00:00,7.3,5.7,171.0,33.9,27,7.0,0.0,992.7,1820.0
2026-08-18T16:00:00,7.2,7.9,169.0,33.5,28,8.3,0.0,992.2,1680.0
2026-08-18T17:00:00,7.8,9.8,178.0,32.8,29,8.6,0.0,991.9,910.0
2026-08-18T18:00:00,8.1,14.3,194.0,31.4,35,3.8,0.0,991.7,75.0
2026-08-18T19:00:00,8.7,18.9,199.0,30.2,37,10.3,0.0,992.4,385.0
2026-08-18T20:00:00,9.5,25.5,193.0,28.5,44,10.4,0.0,992.9,350.0
2026-08-18T21:00:00,9.7,17.5,197.0,27.6,49,8.3,0.0,993.1,330.0
2026-08-18T22:00:00,9.1,13.9,188.0,27.2,53,5.4,0.0,993.6,320.0
2026-08-18T23:00:00,9.0,13.5,182.0,26.8,56,4.5,0.0,993.8,205.0
2026-08-19T00:00:00,8.9,11.8,174.0,26.9,54,6.9,0.0,993.3,130.0
2026-08-19T01:00:00,8.9,10.6,174.0,26.1,61,4.4,0.0,993.1,225.0
2026-08-19T02:00:00,8.9,10.6,173.0,25.8,66,5.2,0.0,993.2,235.0
2026-08-19T03:00:00,9.5,12.6,176.0,25.2,75,1.1,0.0,993.3,75.0
2026-08-19T04:00:00,11.0,17.3,182.0,24.6,71,6.2,0.0,993.6,125.0
2026-08-19T05:00:00,11.3,25.1,195.0,23.9,68,7.9,0.0,994.4,210.0
2026-08-19T06:00:00,15.4,28.6,217.0,24.4,67,6.3,0.0,994.5,225.0
2026-08-19T07:00:00,18.1,19.5,220.0,25.9,65,7.4,0.0,994.9,355.0
2026-08-19T08:00:00,17.9,15.6,200.0,27.7,58,7.6,0.0,995.1,560.0
2026-08-19T09:00:00,12.8,10.5,187.0,29.4,52,6.1,0.0,995.3,935.0
2026-08-19T10:00:00,11.2,5.3,184.0,30.8,46,5.6,0.0,995.1,1350.0
2026-08-19T11:00:00,11.8,4.5,181.0,31.9,41,6.8,0.0,994.9,1365.0
2026-08-19T12:00:00,12.1,4.0,176.0,33.0,36,7.3,0.0,994.1,1695.0
2026-08-19T13:00:00,10.5,3.2,179.0,33.2,37,6.7,0.0,993.5,1765.0
2026-08-19T14:00:00,9.2,3.7,171.0,33.3,39,6.7,0.0,992.9,1855.0
2026-08-19T15:00:00,7.8,4.3,167.0,32.9,42,8.9,0.0,992.7,1675.0
2026-08-19T16:00:00,7.3,6.7,168.0,31.1,52,11.2,0.5,992.8,905.0
2026-08-19T17:00:00,7.6,8.8,170.0,31.1,50,11.0,0.0,992.6,1105.0
2026-08-19T18:00:00,8.7,15.0,180.0,30.4,59,4.9,0.0,992.0,605.0
2026-08-19T19:00:00,9.0,17.8,187.0,30.0,55,12.0,0.0,992.5,635.0
2026-08-19T20:00:00,9.2,16.4,191.0,28.0,59,10.1,0.0,993.3,390.0
2026-08-19T21:00:00,8.7,12.9,182.0,26.5,61,13.6,0.0,993.9,270.0
2026-08-19T22:00:00,9.3,11.3,189.0,25.9,62,9.0,0.0,993.6,155.0
2026-08-19T23:00:00,9.0,10.8,183.0,25.9,61,8.8,0.0,994.4,145.0
2026-08-20T00:00:00,8.5,9.2,185.0,23.8,71,6.2,0.0,993.7,75.0
2026-08-20T01:00:00,8.2,9.1,184.0,24.0,77,11.0,0.2,993.9,215.0
2026-08-20T02:00:00,8.1,8.5,181.0,21.1,85,18.1,0.6,994.3,430.0
2026-08-20T03:00:00,7.9,6.7,175.0,20.4,93,12.4,4.5,994.9,200.0
2026-08-20T04:00:00,5.9,8.2,161.0,20.5,91,13.6,1.2,994.6,270.0
2026-08-20T05:00:00,4.7,10.6,167.0,20.7,92,6.8,1.3,994.1,125.0
2026-08-20T06:00:00,4.7,19.5,180.0,23.2,91,4.6,0.4,993.8,155.0
2026-08-20T07:00:00,5.2,20.3,168.0,23.1,89,10.7,0.2,994.1,305.0
2026-08-20T08:00:00,4.8,17.7,167.0,21.9,89,16.7,2.5,994.6,415.0
2026-08-20T09:00:00,5.5,11.9,164.0,21.7,86,13.1,0.6,995.3,325.0
2026-08-20T10:00:00,7.0,8.7,161.0,23.7,78,9.7,0.1,995.0,410.0
2026-08-20T11:00:00,6.1,6.6,162.0,23.5,79,10.9,0.2,995.6,595.0
2026-08-20T12:00:00,5.6,5.7,159.0,22.0,97,9.9,1.0,994.7,230.0
2026-08-20T13:00:00,4.8,5.5,154.0,22.7,96,7.9,0.9,994.2,210.0
2026-08-20T14:00:00,4.7,7.7,161.0,23.4,88,12.1,2.7,993.4,555.0
2026-08-20T15:00:00,5.7,13.6,165.0,21.8,92,15.0,5.8,994.4,285.0
2026-08-20T16:00:00,4.7,19.5,171.0,21.8,94,10.6,0.6,993.1,240.0
2026-08-20T17:00:00,4.7,23.0,177.0,22.7,91,7.9,0.0,992.7,280.0
2026-08-20T18:00:00,5.0,24.4,179.0,22.3,84,2.0,0.0,993.9,55.0
2026-08-20T19:00:00,5.2,28.3,182.0,22.5,83,7.4,0.0,994.4,125.0
2026-08-20T20:00:00,5.7,24.1,179.0,22.4,83,9.1,0.0,994.3,180.0
2026-08-20T21:00:00,5.5,17.3,180.0,22.1,80,9.4,0.0,994.2,215.0
2026-08-20T22:00:00,5.2,12.7,176.0,21.5,81,6.4,0.0,994.3,120.0
2026-08-20T23:00:00,4.8,12.6,168.0,21.1,83,3.1,0.0,994.7,60.0
2026-08-21T00:00:00,3.1,9.7,163.0,20.2,88,7.0,0.0,994.0,95.0
2026-08-21T01:00:00,3.3,9.6,165.0,20.5,87,2.9,0.0,994.0,60.0
2026-08-21T02:00:00,3.9,8.3,167.0,20.3,88,1.5,0.0,993.3,30.0
2026-08-21T03:00:00,4.3,9.7,167.0,20.3,89,0.5,0.0,992.7,10.0
2026-08-21T04:00:00,4.9,14.2,164.0,20.2,89,0.9,0.0,992.3,20.0
2026-08-21T05:00:00,5.6,20.2,170.0,20.3,91,1.1,0.0,992.7,35.0
2026-08-21T06:00:00,6.7,24.9,181.0,19.8,84,10.3,0.4,993.0,225.0
2026-08-21T07:00:00,7.0,25.4,180.0,19.0,92,6.7,4.9,993.0,250.0
2026-08-21T08:00:00,6.1,20.2,165.0,18.8,93,14.6,8.9,992.6,590.0
2026-08-21T09:00:00,5.8,14.3,160.0,18.9,95,16.1,9.6,992.0,700.0
2026-08-21T10:00:00,5.9,13.3,157.0,19.0,96,11.9,2.9,991.0,705.0
2026-08-21T11:00:00,6.1,10.6,154.0,20.0,93,9.8,8.0,990.7,945.0
2026-08-21T12:00:00,5.8,9.3,152.0,20.4,90,18.1,11.5,990.8,535.0
2026-08-21T13:00:00,5.9,8.9,149.0,20.3,91,14.1,0.6,990.7,495.0
2026-08-21T14:00:00,4.1,9.0,146.0,21.7,81,12.1,0.3,990.3,545.0
2026-08-21T15:00:00,4.4,8.2,141.0,22.0,81,8.2,0.1,991.0,465.0
2026-08-21T16:00:00,4.8,10.3,141.0,21.6,83,7.3,0.1,991.4,325.0
2026-08-21T17:00:00,6.0,15.5,149.0,21.8,83,3.6,0.0,991.7,400.0
2026-08-21T18:00:00,8.6,26.0,167.0,21.9,85,4.9,0.0,991.6,150.0
2026-08-21T19:00:00,11.1,38.2,191.0,21.2,88,7.2,0.0,992.3,150.0
2026-08-21T20:00:00,16.3,41.3,215.0,20.6,90,6.2,0.0,992.8,130.0
2026-08-21T21:00:00,19.8,39.3,218.0,19.7,93,3.4,0.0,993.2,100.0
2026-08-21T22:00:00,12.2,38.5,204.0,19.4,95,2.2,0.0,993.2,35.0
2026-08-21T23:00:00,12.6,36.9,188.0,19.2,95,1.1,0.0,993.6,30.0
2026-08-22T00:00:00,11.3,33.1,184.0,20.0,90,4.6,0.0,993.8,60.0
2026-08-22T01:00:00,12.1,30.6,181.0,19.9,90,2.5,0.0,993.9,55.0
2026-08-22T02:00:00,16.1,23.2,176.0,19.5,90,2.6,0.0,993.6,35.0
2026-08-22T03:00:00,16.6,19.8,182.0,18.7,93,1.3,0.0,994.0,35.0
2026-08-22T04:00:00,15.6,19.0,186.0,18.2,95,1.1,0.0,994.1,30.0
2026-08-22T05:00:00,13.9,14.6,190.0,17.9,97,2.8,0.0,994.5,35.0
2026-08-22T06:00:00,11.6,14.9,195.0,18.6,95,2.7,0.0,995.4,35.0
2026-08-22T07:00:00,10.4,11.0,183.0,21.0,88,2.2,0.0,996.0,85.0
2026-08-22T08:00:00,9.0,10.1,178.0,22.9,77,1.8,0.0,996.5,335.0
2026-08-22T09:00:00,9.2,10.2,177.0,24.2,69,2.0,0.0,996.9,760.0
2026-08-22T10:00:00,7.2,8.7,177.0,25.0,65,0.9,0.0,997.3,885.0
2026-08-22T11:00:00,7.9,6.0,175.0,25.8,60,0.2,0.0,997.3,940.0
2026-08-22T12:00:00,7.2,4.8,168.0,27.2,55,2.4,0.0,996.8,1425.0
2026-08-22T13:00:00,6.9,3.6,165.0,27.8,47,3.6,0.0,996.6,1600.0
2026-08-22T14:00:00,6.9,3.5,163.0,27.9,45,4.8,0.0,996.6,1535.0
2026-08-22T15:00:00,7.2,4.6,164.0,27.8,45,5.3,0.0,996.8,1400.0
2026-08-22T16:00:00,7.7,8.4,169.0,27.5,47,4.6,0.0,996.6,670.0
2026-08-22T17:00:00,8.5,12.3,185.0,26.6,57,3.3,0.0,996.7,120.0
2026-08-22T18:00:00,9.5,20.0,191.0,24.6,61,5.5,0.0,996.3,65.0
2026-08-22T19:00:00,12.2,31.7,219.0,23.8,58,3.5,0.0,996.8,25.0
2026-08-22T20:00:00,11.6,35.9,228.0,23.4,57,2.8,0.0,997.8,20.0
2026-08-22T21:00:00,13.4,31.4,214.0,22.0,71,4.7,0.0,998.4,30.0
2026-08-22T22:00:00,13.8,27.7,197.0,20.9,79,3.9,0.0,998.8,40.0
2026-08-22T23:00:00,14.0,26.9,198.0,20.7,79,1.5,0.0,999.2,30.0
2026-08-23T00:00:00,17.7,21.3,198.0,20.0,81,4.9,0.0,999.1,75.0
2026-08-23T01:00:00,18.6,17.3,187.0,20.2,81,7.6,0.0,999.6,205.0
2026-08-23T02:00:00,16.7,11.8,176.0,20.0,85,7.7,0.0,1000.0,270.0
2026-08-23T03:00:00,14.7,9.5,166.0,19.7,89,8.6,0.0,1000.3,275.0
2026-08-23T04:00:00,13.5,7.8,162.0,19.6,88,8.8,0.0,1000.3,375.0
2026-08-23T05:00:00,10.6,8.7,162.0,19.3,87,7.8,0.0,1001.1,275.0
2026-08-23T06:00:00,9.9,8.9,170.0,20.2,84,8.2,0.0,1001.6,400.0
2026-08-23T07:00:00,8.1,7.2,168.0,21.7,74,7.5,0.0,1002.1,590.0
2026-08-23T08:00:00,6.4,5.6,158.0,22.7,67,7.8,0.0,1002.5,665.0
2026-08-23T09:00:00,5.4,4.3,159.0,23.6,64,7.4,0.0,1002.8,730.0
2026-08-23T10:00:00,5.5,3.6,156.0,24.5,62,7.0,0.0,1002.7,825.0
2026-08-23T11:00:00,5.8,3.2,154.0,25.3,61,5.9,0.0,1002.2,900.0
2026-08-23T12:00:00,5.9,2.7,153.0,27.3,52,6.5,0.1,1001.5,1290.0
2026-08-23T13:00:00,6.1,2.4,152.0,27.6,50,6.7,0.0,1001.3,1295.0
2026-08-23T14:00:00,6.2,2.5,153.0,27.7,49,6.0,0.0,1000.9,1245.0
2026-08-23T15:00:00,6.2,3.3,155.0,27.6,50,5.2,0.0,1000.7,1165.0
2026-08-23T16:00:00,6.2,5.3,162.0,27.3,52,4.9,0.0,1000.7,1125.0
2026-08-23T17:00:00,6.8,9.7,166.0,26.6,58,3.5,0.0,1000.6,405.0
2026-08-23T18:00:00,7.7,13.5,181.0,25.9,63,4.3,0.0,999.7,80.0
2026-08-23T19:00:00,8.1,23.3,196.0,24.7,63,5.9,0.0,1000.1,75.0
2026-08-23T20:00:00,10.0,30.4,198.0,24.0,60,6.1,0.0,1000.5,70.0
2026-08-23T21:00:00,10.6,26.7,195.0,23.4,61,6.1,0.0,1000.6,70.0
2026-08-23T22:00:00,10.6,25.1,201.0,22.5,66,7.1,0.0,1000.7,95.0
2026-08-23T23:00:00,9.6,23.7,202.0,21.7,72,6.8,0.0,1000.9,90.0
2026-08-24T00:00:00,9.2,19.8,186.0,21.2,80,5.5,0.0,1000.4,70.0
2026-08-24T01:00:00,12.1,16.3,186.0,21.0,81,5.5,0.0,1000.5,75.0
2026-08-24T02:00:00,14.4,14.2,186.0,20.8,81,5.6,0.0,1000.4,75.0
2026-08-24T03:00:00,13.5,13.1,189.0,20.6,82,6.3,0.0,1000.4,75.0
2026-08-24T04:00:00,13.2,16.3,192.0,20.4,82,6.0,0.0,1000.2,70.0
2026-08-24T05:00:00,14.6,23.4,194.0,20.4,82,6.4,0.0,1000.4,70.0
2026-08-24T06:00:00,16.2,32.7,214.0,21.4,79,5.7,0.0,1000.6,80.0
2026-08-24T07:00:00,12.8,23.4,211.0,23.2,75,3.9,0.0,1000.8,145.0
2026-08-24T08:00:00,12.1,16.1,188.0,24.9,69,4.2,0.0,1001.0,370.0
2026-08-24T09:00:00,12.3,10.2,175.0,26.0,64,5.2,0.0,1001.1,725.0
2026-08-24T10:00:00,11.0,6.4,168.0,26.8,60,5.5,0.0,1000.8,985.0
2026-08-24T11:00:00,9.2,4.7,163.0,27.6,55,5.1,0.0,1000.4,1155.0
2026-08-24T12:00:00,9.6,4.2,162.0,28.7,48,4.5,0.0,1000.0,1440.0
2026-08-24T13:00:00,9.0,4.2,159.0,29.2,46,5.1,0.0,999.0,1455.0
2026-08-24T14:00:00,8.7,5.2,161.0,29.3,47,5.9,0.0,998.5,1545.0
2026-08-24T15:00:00,7.2,6.5,164.0,29.1,48,6.5,0.0,998.1,1525.0
2026-08-24T16:00:00,7.4,8.2,166.0,28.4,50,8.1,0.0,997.6,1115.0
2026-08-24T17:00:00,7.6,14.5,171.0,27.4,57,8.4,0.0,996.9,520.0
2026-08-24T18:00:00,9.4,19.7,193.0,27.0,56,10.6,0.0,995.4,425.0
2026-08-24T19:00:00,9.6,26.1,192.0,26.4,57,10.2,0.0,995.4,420.0
2026-08-24T20:00:00,9.4,23.2,182.0,23.5,70,13.0,0.1,996.4,310.0
2026-08-24T21:00:00,8.7,18.1,181.0,21.2,81,17.0,0.1,995.7,345.0
2026-08-24T22:00:00,8.5,14.0,183.0,21.9,75,6.4,0.0,995.9,260.0
2026-08-24T23:00:00,7.4,9.4,175.0,21.1,82,4.1,1.1,996.1,80.0
2026-08-25T00:00:00,6.1,7.1,162.0,20.7,90,17.3,3.4,994.5,560.0
2026-08-25T01:00:00,5.9,6.1,160.0,20.6,90,15.8,0.4,993.8,395.0
2026-08-25T02:00:00,5.5,4.3,160.0,19.8,91,13.9,0.8,993.4,280.0
2026-08-25T03:00:00,5.3,4.8,162.0,19.8,91,14.6,0.6,992.7,460.0
2026-08-25T04:00:00,5.8,7.1,164.0,19.8,91,12.8,0.5,992.6,535.0
2026-08-25T05:00:00,7.5,10.7,171.0,19.8,93,13.1,0.4,993.0,525.0
2026-08-25T06:00:00,8.1,18.3,177.0,20.2,91,10.3,0.1,992.9,505.0
2026-08-25T07:00:00,8.0,16.7,171.0,20.8,89,7.0,0.8,993.3,480.0
2026-08-25T08:00:00,7.0,12.8,175.0,21.4,85,12.1,0.2,993.7,475.0
2026-08-25T09:00:00,6.8,11.3,166.0,22.0,85,7.6,0.1,994.0,520.0
2026-08-25T10:00:00,7.7,7.6,164.0,22.8,79,7.5,0.3,994.2,590.0
2026-08-25T11:00:00,8.5,7.1,162.0,23.4,78,11.6,0.3,994.4,615.0
2026-08-25T12:00:00,8.3,5.7,160.0,25.7,65,0.9,0.0,994.0,1155.0
2026-08-25T13:00:00,7.9,5.1,159.0,26.8,61,1.1,0.0,993.7,1110.0
2026-08-25T14:00:00,7.5,5.6,160.0,27.1,61,3.5,0.0,993.8,1015.0
2026-08-25T15:00:00,7.4,5.8,162.0,27.1,62,5.2,0.0,994.0,965.0
2026-08-25T16:00:00,7.2,6.6,166.0,26.5,64,5.8,0.0,994.1,500.0
2026-08-25T17:00:00,8.0,13.0,172.0,25.8,67,4.8,0.0,994.4,240.0
2026-08-25T18:00:00,7.0,19.1,187.0,24.9,76,3.6,0.0,994.4,60.0
2026-08-25T19:00:00,10.1,28.1,208.0,24.5,74,4.2,0.0,995.2,65.0
2026-08-25T20:00:00,10.7,35.9,203.0,23.8,77,4.3,0.0,996.0,70.0
2026-08-25T21:00:00,12.6,33.0,207.0,23.2,79,5.2,0.0,996.6,80.0
2026-08-25T22:00:00,12.9,32.7,206.0,22.5,84,3.7,0.0,996.9,60.0
2026-08-25T23:00:00,11.6,27.6,204.0,22.1,86,2.7,0.0,997.2,45.0
2026-08-26T00:00:00,15.4,32.5,211.0,22.0,88,2.3,0.0,997.7,50.0
2026-08-26T01:00:00,19.3,33.8,207.0,21.9,88,3.0,0.0,997.7,45.0
2026-08-26T02:00:00,22.9,30.1,205.0,22.1,86,3.9,0.0,997.9,50.0
2026-08-26T03:00:00,26.1,20.6,208.0,21.8,86,4.9,0.0,998.0,60.0
2026-08-26T04:00:00,26.8,19.8,203.0,21.3,87,4.6,0.0,998.2,60.0
2026-08-26T05:00:00,24.7,24.2,202.0,21.0,88,3.7,0.0,998.5,55.0
2026-08-26T06:00:00,20.7,31.8,223.0,21.7,85,4.4,0.0,999.2,90.0
2026-08-26T07:00:00,19.6,27.9,217.0,23.1,80,1.9,0.0,999.7,195.0
2026-08-26T08:00:00,25.3,17.1,202.0,24.2,77,1.9,0.0,1000.2,280.0
2026-08-26T09:00:00,25.3,13.5,190.0,25.5,72,2.5,0.0,1000.6,530.0
2026-08-26T10:00:00,21.0,7.6,181.0,26.5,66,2.8,0.0,1000.7,755.0
2026-08-26T11:00:00,13.7,5.9,177.0,27.5,61,2.1,0.1,1000.7,845.0
2026-08-26T12:00:00,13.3,5.5,174.0,28.5,58,2.7,0.1,999.6,1175.0
2026-08-26T13:00:00,12.3,5.8,172.0,28.8,57,1.9,0.0,999.3,985.0
2026-08-26T14:00:00,11.9,7.1,169.0,28.9,57,0.4,0.0,998.9,815.0
2026-08-26T15:00:00,10.7,8.6,169.0,28.6,59,1.6,0.0,998.5,625.0
2026-08-26T16:00:00,9.4,14.8,176.0,27.9,63,2.3,0.0,999.1,120.0
2026-08-26T17:00:00,13.6,23.0,190.0,27.8,65,2.4,0.0,998.9,415.0
2026-08-26T18:00:00,18.3,32.7,212.0,27.1,74,1.9,0.0,998.8,25.0
2026-08-26T19:00:00,17.7,46.2,228.0,26.4,70,6.5,0.0,998.7,110.0
2026-08-26T20:00:00,21.8,47.7,242.0,25.4,74,3.8,0.0,999.5,55.0
2026-08-26T21:00:00,26.9,43.2,249.0,25.0,76,0.9,0.0,999.6,15.0
2026-08-26T22:00:00,28.5,38.3,244.0,24.4,79,4.3,0.0,999.7,50.0
2026-08-26T23:00:00,26.5,44.6,238.0,23.8,83,1.5,0.0,1000.3,20.0
2026-08-27T00:00:00,17.9,35.3,226.0,23.8,79,5.9,0.0,999.5,60.0
2026-08-27T01:00:00,17.3,27.1,218.0,22.9,86,6.6,0.0,998.9,60.0
2026-08-27T02:00:00,18.3,19.7,204.0,22.5,86,6.9,0.0,998.8,85.0
2026-08-27T03:00:00,15.3,14.2,195.0,22.1,85,7.4,0.0,999.3,85.0
2026-08-27T04:00:00,12.4,14.8,188.0,21.9,87,7.3,0.0,999.1,90.0
2026-08-27T05:00:00,17.3,23.2,200.0,21.7,88,6.9,0.0,999.7,95.0
2026-08-27T06:00:00,22.9,34.2,223.0,22.1,87,7.3,0.0,999.7,120.0
2026-08-27T07:00:00,26.7,28.7,217.0,23.5,84,3.8,0.0,1000.0,200.0
2026-08-27T08:00:00,24.2,18.8,199.0,24.7,80,2.8,0.0,1000.7,305.0
2026-08-27T09:00:00,21.4,13.6,180.0,26.2,74,4.7,0.0,1000.5,445.0
2026-08-27T10:00:00,17.4,9.7,168.0,27.6,66,5.9,0.0,1000.2,805.0
2026-08-27T11:00:00,13.0,6.4,161.0,28.5,61,3.6,0.0,1000.4,1050.0
2026-08-27T12:00:00,12.8,5.2,157.0,29.6,58,5.1,0.0,999.9,1260.0
2026-08-27T13:00:00,12.5,5.0,155.0,30.2,53,4.3,0.0,999.6,1335.0
2026-08-27T14:00:00,11.4,5.9,154.0,30.7,49,3.2,0.0,999.3,1755.0
2026-08-27T15:00:00,11.2,8.1,158.0,30.4,50,4.4,0.0,999.3,1390.0
2026-08-27T16:00:00,11.1,10.9,168.0,30.2,51,6.7,0.0,999.6,1025.0
2026-08-27T17:00:00,11.2,15.4,171.0,28.8,60,10.3,0.0,999.3,535.0
2026-08-27T18:00:00,11.6,23.4,181.0,27.6,68,8.8,0.0,999.0,245.0
2026-08-27T19:00:00,13.0,34.3,184.0,26.9,70,8.8,0.0,998.7,175.0
2026-08-27T20:00:00,15.6,39.8,199.0,26.0,74,5.6,0.0,999.2,95.0
2026-08-27T21:00:00,16.6,38.0,204.0,25.4,76,6.3,0.0,999.6,85.0
2026-08-27T22:00:00,18.3,37.0,209.0,25.0,78,4.8,0.0,999.8,50.0
2026-08-27T23:00:00,20.0,34.4,206.0,25.0,79,2.9,0.0,999.8,45.0
2026-08-28T00:00:00,19.3,30.0,205.0,24.4,81,4.1,0.0,998.9,80.0
2026-08-28T01:00:00,18.9,22.9,200.0,24.1,81,1.7,0.0,999.0,30.0
2026-08-28T02:00:00,18.6,20.7,197.0,23.6,85,6.0,0.0,998.6,70.0
2026-08-28T03:00:00,17.8,20.4,196.0,23.4,86,8.6,0.0,998.3,100.0
2026-08-28T04:00:00,18.3,21.6,191.0,23.4,87,7.7,0.1,998.2,145.0
2026-08-28T05:00:00,22.1,26.4,190.0,23.3,89,2.9,0.0,998.6,175.0
2026-08-28T06:00:00,26.6,35.0,213.0,23.5,92,3.6,0.0,999.4,270.0
2026-08-28T07:00:00,27.1,32.9,212.0,24.0,90,11.4,0.0,998.4,330.0
2026-08-28T08:00:00,25.1,24.2,190.0,25.5,84,8.6,0.0,998.0,440.0
2026-08-28T09:00:00,20.9,17.0,169.0,26.8,77,6.0,0.0,998.8,515.0
2026-08-28T10:00:00,19.4,8.6,159.0,28.0,72,7.6,0.0,998.3,675.0
2026-08-28T11:00:00,20.3,6.5,148.0,28.9,68,4.8,0.0,997.9,730.0
2026-08-28T12:00:00,20.0,5.9,147.0,30.2,51,3.3,0.0,997.4,900.0
2026-08-28T13:00:00,18.9,6.1,144.0,28.8,61,1.2,0.5,997.0,25.0
2026-08-28T14:00:00,17.6,5.6,131.0,29.4,61,7.3,0.3,996.3,1005.0
2026-08-28T15:00:00,18.0,5.3,124.0,29.5,62,8.2,0.0,996.3,1140.0
2026-08-28T16:00:00,17.4,7.4,126.0,27.9,69,9.3,0.1,995.9,265.0
2026-08-28T17:00:00,19.2,15.6,140.0,27.1,74,6.7,0.1,995.4,300.0
2026-08-28T18:00:00,20.6,26.1,160.0,26.9,66,2.9,0.2,993.9,40.0
2026-08-28T19:00:00,20.4,28.7,159.0,25.2,68,8.4,0.0,994.1,125.0
2026-08-28T20:00:00,22.6,31.9,156.0,24.3,74,12.2,0.1,994.6,275.0
2026-08-28T21:00:00,23.3,29.4,185.0,23.8,70,10.2,0.0,995.3,280.0
2026-08-28T22:00:00,21.7,25.7,182.0,21.8,71,11.3,0.0,995.7,265.0
2026-08-28T23:00:00,19.7,24.4,167.0,21.0,74,8.4,0.0,995.7,170.0
2026-08-29T00:00:00,17.4,21.4,160.0,20.2,81,8.6,0.0,995.2,150.0
2026-08-29T01:00:00,16.3,17.6,155.0,18.8,88,6.5,0.4,996.0,115.0
2026-08-29T02:00:00,15.7,16.3,152.0,19.0,89,2.7,0.3,995.6,110.0
2026-08-29T03:00:00,17.8,15.4,149.0,18.9,89,1.8,0.0,995.4,100.0
2026-08-29T04:00:00,14.9,14.4,152.0,18.7,87,7.5,0.0,995.8,90.0
2026-08-29T05:00:00,17.4,14.6,154.0,19.1,84,5.7,0.0,996.0,85.0
2026-08-29T06:00:00,16.4,14.5,165.0,20.1,87,2.9,0.0,996.6,70.0
2026-08-29T07:00:00,13.6,10.2,163.0,21.8,81,3.6,0.1,996.7,95.0
2026-08-29T08:00:00,12.5,12.0,162.0,24.2,68,3.6,0.0,997.1,325.0
2026-08-29T09:00:00,12.0,9.3,154.0,25.7,64,2.0,0.0,997.6,585.0
2026-08-29T10:00:00,13.4,6.5,149.0,26.8,64,2.7,0.0,997.6,780.0
2026-08-29T11:00:00,13.9,5.3,148.0,27.8,60,3.6,0.0,997.3,890.0
2026-08-29T12:00:00,13.8,4.6,145.0,29.3,52,3.8,0.0,996.6,1130.0
2026-08-29T13:00:00,12.3,3.1,142.0,29.9,45,5.4,0.0,996.3,1185.0
2026-08-29T14:00:00,9.8,3.3,144.0,30.2,42,6.1,0.0,996.1,1485.0
2026-08-29T15:00:00,6.6,3.8,145.0,30.4,35,5.8,0.0,995.9,1320.0
2026-08-29T16:00:00,6.4,6.5,151.0,29.9,35,4.8,0.0,995.7,1070.0
2026-08-29T17:00:00,7.8,9.4,164.0,28.8,44,4.3,0.0,995.6,200.0
2026-08-29T18:00:00,9.1,18.2,183.0,27.2,48,3.6,0.0,995.2,40.0
2026-08-29T19:00:00,9.6,35.2,191.0,26.8,47,0.9,0.0,995.7,15.0
2026-08-29T20:00:00,9.7,33.9,195.0,25.5,50,9.4,0.0,996.5,190.0
2026-08-29T21:00:00,9.8,37.3,205.0,24.2,48,9.3,0.0,996.9,200.0
2026-08-29T22:00:00,10.8,36.5,210.0,23.3,51,8.1,0.0,997.3,225.0
2026-08-29T23:00:00,12.6,42.5,218.0,22.5,56,7.7,0.0,997.6,145.0
2026-08-30T00:00:00,13.3,35.3,207.0,22.3,62,8.6,0.0,997.6,120.0
2026-08-30T01:00:00,14.5,27.2,197.0,21.5,68,6.6,0.0,997.5,75.0
2026-08-30T02:00:00,16.0,33.0,196.0,20.9,71,6.0,0.0,997.5,55.0
2026-08-30T03:00:00,19.2,28.5,194.0,20.5,75,2.7,0.0,997.6,40.0
2026-08-30T04:00:00,22.0,23.2,193.0,20.1,79,2.2,0.0,997.8,25.0
2026-08-30T05:00:00,21.2,25.0,196.0,19.8,80,1.3,0.0,997.9,15.0
2026-08-30T06:00:00,23.4,23.6,201.0,20.7,76,2.4,0.0,998.4,20.0
2026-08-30T07:00:00,23.2,12.2,189.0,22.9,66,2.3,0.0,998.7,110.0
2026-08-30T08:00:00,17.8,8.7,175.0,24.9,57,2.2,0.0,999.1,380.0
2026-08-30T09:00:00,13.4,8.4,169.0,26.4,51,2.1,0.0,999.3,640.0
2026-08-30T10:00:00,14.9,8.5,170.0,27.8,47,2.2,0.0,999.3,855.0
2026-08-30T11:00:00,13.0,5.2,166.0,29.0,43,1.3,0.0,998.9,1000.0
2026-08-30T12:00:00,12.0,4.3,161.0,30.6,36,1.5,0.0,998.0,1710.0
2026-08-30T13:00:00,11.6,4.0,155.0,31.2,35,1.8,0.0,997.6,1825.0
2026-08-30T14:00:00,11.4,3.3,155.0,31.5,35,2.7,0.0,997.1,1845.0
2026-08-30T15:00:00,10.8,3.8,152.0,31.5,35,3.6,0.0,996.8,1890.0
2026-08-30T16:00:00,10.4,5.9,155.0,31.1,36,4.8,0.0,996.5,1895.0
2026-08-30T17:00:00,11.3,8.5,166.0,30.1,40,5.6,0.0,996.5,555.0
2026-08-30T18:00:00,13.7,13.2,179.0,28.7,50,2.2,0.0,996.2,65.0
2026-08-30T19:00:00,14.1,20.0,192.0,27.6,53,3.0,0.0,996.7,85.0
2026-08-30T20:00:00,14.6,26.2,190.0,27.3,52,3.6,0.0,997.2,125.0
2026-08-30T21:00:00,15.4,26.4,199.0,27.1,47,4.0,0.0,997.5,130.0
2026-08-30T22:00:00,16.3,24.6,198.0,26.4,48,4.7,0.0,997.7,90.0
2026-08-30T23:00:00,17.1,24.8,199.0,25.5,52,2.2,0.0,997.8,85.0
2026-08-31T00:00:00,17.3,22.8,186.0,24.7,63,0.6,0.0,997.5,30.0
2026-08-31T01:00:00,18.8,22.3,183.0,24.5,63,0.7,0.0,997.4,30.0
2026-08-31T02:00:00,20.2,22.3,182.0,24.5,62,4.0,0.0,997.3,45.0
2026-08-31T03:00:00,20.5,19.2,177.0,23.4,68,2.8,0.0,997.1,45.0
2026-08-31T04:00:00,18.9,19.3,176.0,22.8,72,0.7,0.0,997.2,25.0
2026-08-31T05:00:00,19.8,22.6,179.0,22.2,73,3.8,0.0,997.3,85.0
2026-08-31T06:00:00,22.0,32.0,213.0,23.1,70,4.3,0.0,997.5,75.0
2026-08-31T07:00:00,22.8,24.1,217.0,24.5,65,6.0,0.0,997.8,205.0
2026-08-31T08:00:00,22.6,16.5,204.0,26.2,58,6.6,0.0,998.2,305.0
2026-08-31T09:00:00,19.7,10.5,185.0,28.0,49,5.8,0.0,998.4,480.0
2026-08-31T10:00:00,18.4,6.0,171.0,29.4,44,4.9,0.0,998.4,885.0
2026-08-31T11:00:00,13.9,4.6,166.0,30.5,40,4.3,0.0,998.2,1140.0
2026-08-31T12:00:00,13.0,3.7,157.0,31.6,38,5.9,0.0,997.4,1525.0
2026-08-31T13:00:00,10.7,3.4,154.0,32.1,36,6.7,0.0,997.0,1745.0
2026-08-31T14:00:00,10.2,3.6,156.0,32.4,33,6.7,0.0,996.6,1750.0
2026-08-31T15:00:00,9.8,4.8,156.0,32.4,33,4.9,0.0,996.5,1615.0
2026-08-31T16:00:00,9.8,7.2,162.0,32.1,34,3.8,0.0,996.1,1240.0
2026-08-31T17:00:00,11.1,10.9,174.0,31.5,36,5.8,0.0,995.9,425.0
2026-08-31T18:00:00,11.5,17.6,185.0,30.7,40,12.2,0.0,995.1,395.0
2026-08-31T19:00:00,13.4,26.2,212.0,29.0,44,10.5,0.0,995.9,310.0
2026-08-31T20:00:00,12.8,28.8,209.0,27.8,48,11.0,0.0,996.8,405.0
2026-08-31T21:00:00,12.7,24.1,203.0,27.0,53,9.4,0.0,997.2,355.0
2026-08-31T22:00:00,10.4,21.3,193.0,25.8,59,7.7,0.0,997.6,140.0
2026-08-31T23:00:00,11.5,23.8,192.0,24.4,66,6.9,0.0,997.8,105.0
